S02B00002F686F6D652F7869616F7869616F2F776F726B73706163652F53494D4152414E2F414B3337455F5317
S31580DFFE00950000EA414E594B4148334400E80300F0
S31580DFFE100000000000000000000000000600000077
S31580DFFE200000E0800100000000000000000000000C
S31580DFFE30000000000000000000000000000000005D
S31580DFFE40000000000000000000000000000000004D
S31580DFFE50000000000000000000000000000000003D
S31580DFFE60000000000000000000000000000000002D
S31580DFFE70000000000000000000000000000000001D
S31580DFFE80000000000000000000000000000000000D
S31580DFFE9000000000000000000000000000000000FD
S31580DFFEA000000000000000000000000000000000ED
S31580DFFEB000000000000000000000000000000000DD
S31580DFFEC000000000000000000000000000000000CD
S31580DFFED000000000000000000000000000000000BD
S31580DFFEE000000000000000000000000000000000AD
S31580DFFEF0000000000000000000000000000000009D
S31580DFFF00000000000000000000000000000000008C
S31580DFFF10000000000000000000000000000000007C
S31580DFFF20000000000000000000000000000000006C
S31580DFFF30000000000000000000000000000000005C
S31580DFFF40000000000000000000000000000000004C
S31580DFFF50000000000000000000000000000000003C
S31580DFFF60000000000000000000000000000000002C
S31580DFFF70000000000000000000000000000000001C
S31580DFFF8000000000000000000000000053504950D0
S31580DFFF9000000000000000000000000000000000FC
S31580DFFFA000000000000000000000000000000000EC
S31580DFFFB000000000000000000000000000000000DC
S31580DFFFC000000000000000000000000000000000CC
S31580DFFFD000000000000000000000000000000000BC
S31580DFFFE000000000000000000000000000000000AC
S31580DFFFF0000000000000000000000000000000009C
S31580E00000150000EA14F09FE514F09FE514F09FE5F3
S31580E0001014F09FE514F09FE514F09FE514F09FE55A
S31580E00020C000E0802001E0808001E080E001E080A7
S31580E000304002E080A002E0802003E080EFBEADDEFB
S31580E0004000FEDF80B0070300483E2A001060030010
S31580E00050DEC0AD0BDEC0AD0BDEC0AD0B00000FE148
S31580E000601F00C0E3D30080E300F029E1010000EB4C
S31580E00070800400EB1EFF2FE10000A0E37AFF17EE7D
S31580E00080FDFFFF1A170F08EE150F07EE100F11EEA2
S31580E00090030CC0E38700C0E3020AC0E3020080E30A
S31580E000A0010A80E3100F01EE0EC0A0E1638B00EB46
S31580E000B00CE0A0E10EF0A0E10000A0E10000A0E1EC
S31580E000C070D01FE500E08DE500E04FE104E08DE5CE
S31580E000D013D0A0E30DF069E10FE0A0E10EF0B0E10E
S31580E000E048D04DE2FF1F8DE898201FE50C0092E88E
S31580E000F048008DE234508DE20E10A0E10F0085E8D5
S31580E001000D00A0E1670600EB0000A0E10000A0E1A1
S31580E001100000A0E10000A0E10000A0E10000A0E175
S31580E00120D0D01FE500E08DE500E04FE104E08DE50D
S31580E0013013D0A0E30DF069E10FE0A0E10EF0B0E1AD
S31580E0014048D04DE2FF1F8DE8F8201FE50C0092E8CD
S31580E0015048008DE234508DE20E10A0E10F0085E874
S31580E001600D00A0E1570600EB0000A0E10000A0E151
S31580E001700000A0E10000A0E10000A0E10000A0E115
S31580E0018030D11FE500E08DE500E04FE104E08DE54C
S31580E0019013D0A0E30DF069E10FE0A0E10EF0B0E14D
S31580E001A048D04DE2FF1F8DE858211FE50C0092E80C
S31580E001B048008DE234508DE20E10A0E10F0085E814
S31580E001C00D00A0E1470600EB0000A0E10000A0E101
S31580E001D00000A0E10000A0E10000A0E10000A0E1B5
S31580E001E090D11FE500E08DE500E04FE104E08DE58C
S31580E001F013D0A0E30DF069E10FE0A0E10EF0B0E1ED
S31580E0020048D04DE2FF1F8DE8B8211FE50C0092E84B
S31580E0021048008DE234508DE20E10A0E10F0085E8B3
S31580E002200D00A0E1370600EB0000A0E10000A0E1B0
S31580E002300000A0E10000A0E10000A0E10000A0E154
S31580E00240F0D11FE500E08DE500E04FE104E08DE5CB
S31580E0025013D0A0E30DF069E10FE0A0E10EF0B0E18C
S31580E0026048D04DE2FF1F8DE818221FE50C0092E88A
S31580E0027048008DE234508DE20E10A0E10F0085E853
S31580E002800D00A0E1270600EB0000A0E10000A0E160
S31580E002900000A0E10000A0E10000A0E10000A0E1F4
S31580E002A058D21FE548D04DE2FF1F8DE83C808DE2B5
S31580E002B0006048E900E088E500604FE1046088E599
S31580E002C0080088E50D00A0E190009FE5009090E5AC
S31580E002D08C009FE5008090E5089009E00000A0E3AF
S31580E002E00110A0E31110A0E1010019E10190C9110C
S31580E002F001002DE9A103001B0100BDE8000059E3E0
S31580E003000100000A010080E2F4FFFFEAFF7FDDE8FA
S31580E003100000A0E13CE09DE548D08DE204F05EE29D
S31580E00320D4D21FE548D04DE2FF1F8DE83C808DE2B8
S31580E00330006048E900E088E500604FE1046088E518
S31580E00340080088E50D00A0E1FE0500EBFF7FDDE813
S31580E003500000A0E13CE09DE548D08DE204F05EE25D
S31580E003604C000008240000080233A0E310209FE53B
S31580E00370082283E50322A0E30C2283E50000A0E3C4
S31580E003801EFF2FE1E02E00000233A0E30C2293E56E
S31580E00390012382E30C2283E5081293E58C3099E50C
S31580E003A0010053E18C309935880099358C00992588
S31580E003B00030833088309925BB3D833200308320FE
S31580E003C020308332033061E0883089E58C1089E51E
S31580E003D00010A0E3880099E51EFF2FE108402DE993
S31580E003E0E8FFFFEB08209FE50030A0E3508D00EBAF
S31580E003F00880BDE8E02E000010402DE90040A0E135
S31580E00400F5FFFFEB000064E01080BDE80021A0E18D
S31580E00410F8402DE9002092E00050A0E3203FA0E1E3
S31580E004200530A3E0022092E00330A3E0002092E0D2
S31580E004300530A3E00040A0E10312A0E10202A0E1C2
S31580E00440221E81E1002092E00130A3E0022092E0CA
S31580E004500330A3E0024094E00350A5E08532A0E1BA
S31580E00460A43D83E18422A0E10240A0E10350A0E123
S31580E00470C4FFFFEBFA2FA0E30030A0E30060A0E129
S31580E004800170A0E10400A0E10510A0E1288D00EB59
S31580E00490006096E00170A7E0BAFFFFEB002056E02F
S31580E004A00030C7E20310A0E1000052E30030D1E261
S31580E004B0F8FFFFAAF880BDE8D3FFFFEA08402DE900
S31580E004C00233A0E3083093E520009FE5FF2003E2B6
S31580E004D00F1C03E2033A03E22336A0E12114A0E1F4
S31580E004E0920000E01113A0E1928C00EB0880BDE859
S31580E004F000366E010233A0E310402DE9084093E513
S31580E00500EDFFFFEBA418A0E1031001E2011081E208
S31580E005108110A0E1878C00EB1080BDE808402DE9D2
S31580E005200233A0E3083093E5010413E30100001AE7
S31580E005300840BDE8EEFFFFEAEDFFFFEBA000A0E19B
S31580E005400880BDE810402DE99CE09FE5070051E377
S31580E0055084C09EE50F4200E20FC20CE20F02C0E3C8
S31580E005608110A0810C0080E1072002923010818208
S31580E0057001200282040180E1811182910210818151
S31580E0058084008EE50820DDE580009EE5000052E3EC
S31580E005908110A0E10700000A50209FE5010013E3E7
S31580E005A0002002E001304302032C82E3032582E14E
S31580E005B0013082E1040000EA010000E2020C80E3FF
S31580E005C0013043E2033580E1013083E118209FE585
S31580E005D0803082E50C30DDE5000053E39C309215F7
S31580E005E0013083139C3082151080BDE80000142012
S31580E005F001010000070050E30200008A8004A0E1C8
S31580E00600120380E21EFF2FE10F0050E30300008A11
S31580E006108003A0E1120380E2030B80E21EFF2FE15C
S31580E00620100050E30500000A120050E30500008A3E
S31580E006300003A0E1120380E2530D80E21EFF2FE16A
S31580E0064008009FE51EFF2FE10000A0E31EFF2FE1DB
S31580E0065000180048F34D2DE90040A0E10100A0E13B
S31580E006600270A0E10380A0E1E1FFFFEB2860DDE519
S31580E00670000050E37B00000A083087E0000056E384
S31580E0068023B3A0E107C080E02851A0E1031008E28F
S31580E006903F3003E2032004E23700000A000052E321
S31580E006A004E0A0010C6064002300000A04E06CE032
S31580E006B00C70A0E10020A0E304E08DE5050052E1A6
S31580E006C00F00000A04E09DE507E08EE000E08DE59E
S31580E006D000E0A0E30E60A0E100809DE508A0DEE7F3
S31580E006E00A80A0E18EA1A0E101E08EE204005EE353
S31580E006F0186A86E1F7FFFF1A046087E4012082E248
S31580E00700EDFFFFEA000051E31400000A0221A0E1B8
S31580E0071000E0A0E3044082E00E50A0E10470DEE752
S31580E007208E61A0E101E08EE201005EE1175685E18F
S31580E00730F9FFFF1A02508CE7080000EA050052E153
S31580E0074000709E150E7086170120821204E08E12CC
S31580E00750F9FFFF1A000051E30211941702118C177A
S31580E00760013043E23B0053E30B33A0913C3083926C
S31580E007700020A093002083973A0000EA000052E32D
S31580E007800CE0A00104606C001D00000A0470A0E18A
S31580E007900620A0E10C8064E0050052E10B00000A2F
S31580E007A007A098E700E0A0E38E61A0E13A66A0E1C9
S31580E007B0FF6006E20760CEE701E08EE204005EE3DA
S31580E007C0F8FFFF1A012082E2047087E2F1FFFFEA78
S31580E007D0000051E31E00000A02E19CE7024184E04A
S31580E007E000C0A0E38C21A0E13E22A0E1FF2002E24E
S31580E007F00C20C4E701C08CE201005CE1F8FFFF1A3F
S31580E00800130000EA050052E100709E150E7086170F
S31580E008100120821204E08E12F9FFFF1A000051E3F4
S31580E008200B00000A8111A0E102E19CE7011081E260
S31580E0083001C0A0E31C11A0E1025194E700C061E28F
S31580E00840011041E205C00CE00E1001E00C1081E1E0
S31580E00850021184E7013043E23B0053E30B33A0917E
S31580E008603C3083920030939708D08DE2F08DBDE8DE
S31580E008700223A0E31C3092E50010A0E3023CC3E330
S31580E008801C3082E528309FE50120A0E3802083E5C7
S31580E008900322A0E3842083E518209FE5881083E582
S31580E008A014009FE58C2083E59C1083E5022CA0E371
S31580E008B0CD7C00EA000014200000C390B005E38000
S31580E008C028309FE5070050E3A03093950001A09182
S31580E008D03300A091A83093850F00009208004082F3
S31580E008E08000A0813300A081030000821EFF2FE1FB
S31580E008F000001420F34D2DE922B3A0E10BA3A0E183
S31580E00900010053E30080A0E10160A0E10370A0E173
S31580E0091002506AE00040A0E32400001A0B0054E194
S31580E009200C00000A0600A0E1E4FFFFEB080050E3BC
S31580E00930FBFFFF0A072004E2040388E000708DE5F0
S31580E009400610A0E10223A0E14030A0E340FFFFEBE8
S31580E00950014084E2F0FFFFEA000055E31E00000A52
S31580E009600600A0E1D5FFFFEB000050E3FBFFFF1A96
S31580E009700130A0E307200BE200308DE5110000EAAC
S31580E009800600A0E1CDFFFFEB000050E3FBFFFF0A8E
S31580E00990072004E2040388E000708DE50610A0E1FC
S31580E009A00223A0E14030A0E329FFFFEB014084E28F
S31580E009B00B0054E1F1FFFF1A000055E30600000A40
S31580E009C0072004E200708DE508008AE00610A0E1C9
S31580E009D00223A0E10530A0E11DFFFFEB08D08DE208
S31580E009E0F08DBDE804E02DE507C002E204E0DDE538
S31580E009F004E08DE5020380E004E09DE40C23A0E1C1
S31580E00A0013FFFFEAFF4D2DE90260A0E1122F6FE1AF
S31580E00A10A222A0E1070051E302B0A09101B0828357
S31580E00A2000005BE308008DE50140A0E13070DDE584
S31580E00A306900001A2683A0E1800058E303A0A0E1C4
S31580E00A401100009A070018E36300001A8050A0E3C3
S31580E00A500800A0E10510A0E1608B00EB000051E307
S31580E00A600600001A0800A0E10510A0E1318B00EB3A
S31580E00A7001B040E2FE005BE30400009A560000EA23
S31580E00A80085055E2F1FFFF1A530000EA0850A0E152
S31580E00A904C219FE58412D2E7000051E34E00001A14
S31580E00AA08402A0E100C082E00D10DCE5FF1011E2D7
S31580E00AB04900001A08309DE53F6006E208808CE533
S31580E00AC018608CE504308CE502A0CCE50170CCE5BD
S31580E00AD00C10CCE518309CE5000053E30700000AD3
S31580E00AE00130A0E30C30CCE504309CE508109CE5B1
S31580E00AF0013383E010308CE508309CE514308CE5DA
S31580E00B000C208DE508008DE5C30100EB08009DE52E
S31580E00B100C209DE5C8309FE5001082E008C091E595
S31580E00B2001E0A0E300005CE30A00001A84C2C3E7A8
S31580E00B300DE0C1E5100091E5142091E5183091E5CE
S31580E00B400210D1E5FF2002E282008DE80410A0E1E8
S31580E00B507BFEFFEB200000EA84E2C3E70431A0E1FC
S31580E00B60023283E204C091E5053783E200C083E583
S31580E00B70FF5005E26C309FE50BB885E104B183E771
S31580E00B80403043E288C093E50210D1E50150A0E30E
S31580E00B90000051E3081084E21E118C111E11CC0175
S31580E00BA0881083E540109FE580C093E5002082E0D1
S31580E00BB00C1001E018C084E2151C81E1801083E509
S31580E00BC00130D2E524E09FE5000053E39C309E159A
S31580E00BD009408412154483119C408E1510D08DE215
S31580E00BE0F08DBDE8B005E38040001420FFFD0000F5
S31580E00BF000001420080051E3070050931EFF2F8168
S31580E00C0024209FE5080080E38C3092E5011280E1A4
S31580E00C10FF30C3E3031081E18C1082E58C3092E5EE
S31580E00C20FF30C3E38C3082E51EFF2FE10000142005
S31580E00C3028309FE5070050E3882093958C209385A4
S31580E00C400110A0E318008092080080821100829152
S31580E00C5011008281880083958C0083851EFF2FE1B9
S31580E00C6000001420F04D2DE9EC409FE5187080E2FD
S31580E00C700180A0E3803094E51877A0E1030017E1D6
S31580E00C800050A0E1F08DBD080CFFFFEBCC309FE576
S31580E00C9085B2A0E10B2083E00210D2E50360A0E1FB
S31580E00CA0002090E20120A013000051E30020A01371
S31580E00CB0000052E300A0A0E10200001A98809FE5C0
S31580E00CC00B4086E01D0000EA0500A0E1FBFEFFEB9D
S31580E00CD00A0050E1F8FFFF1A0233A0E388C094E5EA
S31580E00CE0900094E5941094E5202093E5022982E330
S31580E00CF0202083E5202093E50229C2E3202083E5B6
S31580E00D000332A0E3808084E5843084E58C3094E50A
S31580E00D10053283E38C3084E588C084E5900084E501
S31580E00D20941084E5F08DBDE80230D4E50500A0E1BD
S31580E00D30000053E30500001A0810A0E3ACFFFFEBC8
S31580E00D40803098E5030017E1F6FFFF1A010000EA1C
S31580E00D50B6FFFFEBF9FFFFEAF08DBDE80000142057
S31580E00D60B005E38073402DE948519FE50060A0E13E
S31580E00D708032D5E7000053E32800000A070050E3FD
S31580E00D8018208092082080820130A0E328019FE528
S31580E00D9028119FE51322A0E10030A0E380C090E512
S31580E00DA00C0012E10200000A013083E2010053E107
S31580E00DB0F9FFFF1A08219FE50040A0E3020053E116
S31580E00DC08642C5E70600009A0600A0E1A4FFFFEB95
S31580E00DD0F0309FE5033086E00331A0E1004083E513
S31580E00DE0310000EACC109FE5861281E00C30D1E537
S31580E00DF0000053E32A00000A0130A0E30D30C1E58C
S31580E00E00100091E5142091E5183091E50210D1E5C6
S31580E00E10FF2002E212008DE80610A0E1C8FDFFEB9C
S31580E00E208622A0E1023085E00D30D3E5000053E371
S31580E00E301B00000A80009FE580109FE50030A0E35C
S31580E00E4080C090E5020C1CE30200000A013083E2D8
S31580E00E50010053E1F9FFFF1A025085E060209FE52B
S31580E00E600040A0E3020053E10D40C5E50E00008A94
S31580E00E700230D5E5040053E10900000A183095E513
S31580E00E803C0053E30600008A0600A0E1D8FDFFEBB4
S31580E00E90143095E5073003E20333A0E13C3083E28A
S31580E00EA0004083E70100A0E3000000EA0400A0E13F
S31580E00EB008D08DE27080BDE8B005E38000001420A4
S31580E00EC0E182EC00DF82EC0010000508020050E3CE
S31580E00ED04A00000AFF3000E228119FE583C1A0E1C5
S31580E00EE00C2081E00400D2E5FF0050E31EFF2F11C5
S31580E00EF014219FE5F0412DE910719FE50040A0E1C6
S31580E00F000050A0E10160A0E302E0A0E10580D2E527
S31580E00F10010058E30700001AFF0055E3B680D2E1EE
S31580E00F200450D2050870A0010540A001070058E1F1
S31580E00F300440D2350870A031016086E2080056E3AD
S31580E00F40042082E2F0FFFF1AFF0055E3F081BD083E
S31580E00F5004018EE00020A0E30120C0E5B220D0E1CC
S31580E00F60012082E20228A0E12228A0E1000052E3EB
S31580E00F70B220C0E11000000A0160A0E390509FE536
S31580E00F8016E4A0E1102084E2880095E516228EE141
S31580E00F900C1081E0090053E3002082E1882085E59A
S31580E00FA0833083900440C1E568109F950A30438280
S31580E00FB08330838060109F85060000EA0250A0E1BE
S31580E00FC002008EE0042082E2200052E3B250C0E1CB
S31580E00FD0FAFFFF1AE7FFFFEA002091E50700A0E3AA
S31580E00FE01023C2E1000004E0103382E10400A0E1B6
S31580E00FF0003081E50DFFFFEB0400A0E1F081BDE864
S31580E01000FF00A0E31EFF2FE1C8DDE280A8DDE280DD
S31580E01010FFFF0000000014209000142094001420AC
S31580E01020FF2000E2C4009FE58221A0E138402DE95F
S31580E01030023080E00440D3E5FF0054E33880BD0809
S31580E01040ACC09FE501E0A0E39C109CE5093084E21A
S31580E010501E33C1E19C308CE598309FE584C2A0E1E7
S31580E0106000E0A0E30C1083E001E0C1E51CE081E54F
S31580E0107084E2D3E700005EE30200001A0D10D1E5BA
S31580E01080000051E30300000A0010A0E38412C3E7E6
S31580E010900C3083E00D10C3E5020080E00030E0E331
S31580E010A00430C0E550309FE50150A0E3043183E091
S31580E010B00400A0E10150C3E5E9FEFFEB3C309FE58B
S31580E010C00020A0E3033084E00331A0E1002083E543
S31580E010D01C109FE51534A0E1100084E2882091E59C
S31580E010E0154083E10440C2E1884081E53880BDE86F
S31580E010F0C8DDE28000001420B005E380A8DDE28050
S31580E011001000050808402DE9013040E2170053E35E
S31580E011100600009A40009FE540109FE52D20A0E361
S31580E011203C309FE5392600EB38009FE59D7E00EB5D
S31580E011300233A0E30120A0E3201093E51200A0E1B2
S31580E01140012080E1202083E5202093E50000C2E1B4
S31580E01150200083E50000A0E30880BDE8375DE280FB
S31580E01160545DE2802855E280665DE280E4FFFFEA36
S31580E011700010A0E100009FE5242600EA6B5DE28096
S31580E011800C309FE5802183E0042092E5800193E79F
S31580E0119012FF2FE1B007E38001C0A0E1111F6FE1EC
S31580E011A0A112A0E11F0050E30130A0D1013081C33C
S31580E011B0000053E30C309F05802183078031830054
S31580E011C004C083051EFF2FE1B007E38010402DE9C0
S31580E011D00040A0E30400A0E10420A0E114109FE514
S31580E011E0014084E2EBFFFFEB200054E3F8FFFF1AB7
S31580E011F00000A0E31080BDE87011E08008402DE992
S31580E01200CE0100EB710200EB770200EB180000EBF9
S31580E012100000A0E3170F07EE0880BDE80030A0E3EA
S31580E012207EFF17EEFDFFFF1A9A3F07EE1EFF2FE1C6
S31580E012301F0010E30120A0030020A0131F3011E25D
S31580E012400130A013030052E11EFF2F91010050E10F
S31580E012500200002A3E0F07EE200080E2FAFFFFEA56
S31580E012600030A0E39A3F07EE1EFF2FE1011080E0F9
S31580E01270EEFFFFEA1EFF2FE16CD09FE507D0CDE3BE
S31580E01280A0D04DE207D0CDE30D90A0E10000A0E331
S31580E01290570000EB40D099E507D0CDE3009099E583
S31580E012A0A09049E20CE08FE2440099E500E08EE010
S31580E012B0300099E5100000EA6DFBFFEB2C009FE51E
S31580E012C02C109FE50020A0E3010050E1002080354E
S31580E012D004008032FBFFFF3A3A0000EB3A0000EB75
S31580E012E00900A0E1301099E508F09FE560FFFE80F7
S31580E012F0B005E380483C0A814015E0804C109FE5CC
S31580E01300014050E01000000A44209FE5000CB1E85F
S31580E01310000CA0E8020051E1FBFFFF3A34209FE594
S31580E0132034309FE50300B2E8FF1001E2170051E395
S31580E013300300001A040080E0001090E5041081E0CC
S31580E01340001080E5030052E1F5FFFF3A1EFF2FE132
S31580E0135000FEDF80B005E380B005E380105EE380C9
S31580E013600000A0E31EFF2FE108402DE90C109FE569
S31580E013700C009FE5A52500EB0000A0E30880BDE812
S31580E013805BDDE280A35DE28010402DE90A10A0E3F8
S31580E0139014209FE514009FE50940A0E1DB1C00EBEB
S31580E013A0080084E50000A0E31080BDE800C20100EB
S31580E013B0AA5DE28008402DE99A00A0E37D3500EB46
S31580E013C00000A0E30880BDE81EFF2FE11EFF2FE1AD
S31580E013D0003099E50221A0E3182083E5002099E515
S31580E013E0343099E51C3082E51EFF2FE10000A0E352
S31580E013F01EFF2FE1F8402DE9A020A0E30900A0E13F
S31580E014000010A0E3F87900EB10219FE50233A0E31A
S31580E01410002092E5382089E504219FE5082083E5D0
S31580E01420042093E5012282E3042083E5042093E50A
S31580E01430010212E3FCFFFF1AE8409FE5AA24A0E33D
S31580E014400233A0E3E82083E5043094E4000053E32C
S31580E014500300000A33FF2FE1000050E3F9FFFF0AA3
S31580E01460BC7000EB340099E50129A0E39C2089E576
S31580E014709C2099E5020180E2000062E02008A0E17C
S31580E014800008A0E1980089E5CB3400EB98209FE541
S31580E0149098609FE51C0089E5384099E5000064E0A6
S31580E014A0FF4EC0E30F40C4E3015544E2022084E0EE
S31580E014B0835D45E2002089E53C5089E50B0100EB40
S31580E014C0066084E0002099E5083099E5003082E501
S31580E014D0BEFFFFEB58009FE5003099E51C7093E571
S31580E014E03E2500EB0700A0E10010A0E344209FE545
S31580E014F0E66E00EB40309FE5A020A0E3000093E598
S31580E01500304089E5044060E0406089E50500A0E17F
S31580E01510444089E50910A0E1F840BDE8C97900EAD0
S31580E015204800E0807D13000150DEE280E0DFBFFF0F
S31580E0153030AFBFFFB35DE2804BCCE2804000E0801D
S31580E0154008402DE9043099E59B00A0E3013083E370
S31580E01550043089E50140A0E1163500EB08319FE5CE
S31580E01560002093E504319FE5002083E58A0100EBC6
S31580E01570418600EBDE5500EB010544E2F0109FE585
S31580E01580020A40E2382600EB97FFFFEB688600EB25
S31580E01590004050E20B00000A0400A0E10010A0E346
S31580E015A0D0209FE5B96E00EBCC109FE50120A0E34B
S31580E015B04C0099E5487000EB000050E30400000A17
S31580E015C0FC2A00EB050000EAB0009FE5032500EB6E
S31580E015D0607000EB4A2A00EBA4009FE50B2500EB48
S31580E015E0A0009FE51C1C00EB0410A0E1958600EBB3
S31580E015F094309FE51010A0E390209FE5000083E5FE
S31580E016008C009FE50940A0E1401C00EB4C0084E59E
S31580E016104C0099E5108800EB010070E30200001AA7
S31580E016204C1099E56C009FE5F82400EB000099E505
S31580E01630BE4B00EB2E3A00EB362D00EB58409FE593
S31580E01640B52500EBB90000EB50009FE51010A0E354
S31580E01650002094E52D1C00EB000084E540009FE52A
S31580E01660DE2400EB793800EBFDFFFFEA4C00E080FA
S31580E01670B408E380002040004BCCE280BB5DE28092
S31580E01680CC5DE280DC5DE280F25DE280B008E38002
S31580E0169000003081FB5DE2800A5EE280E0F4E28079
S31580E016A0418AE280315EE280003099E573402DE93F
S31580E016B0043093E5606090E50050A0E188009FE506
S31580E016C004308DE5024C01E2E31B00EB000050E3C1
S31580E016D00500000A1010A0E304208DE2C77C00EB31
S31580E016E068009FE504109DE5C82400EB0F00A0E3A9
S31580E016F0B03400EB58309FE5000054E354109FE58A
S31580E0170054009FE50310A001C02400EBA100A0E3F4
S31580E01710A83400EBB8FEFFEB703095E5000053E3AC
S31580E017206C2095150930A0010030930508209305BB
S31580E01730000054E30200001A0400A0E104109DE5D5
S31580E0174036FF2FE108D08DE27080BDE8505EE28002
S31580E01750575EE280EEDAE280395EE2807C5EE280AD
S31580E01760002099E5003099E5182092E51C3093E554
S31580E017700D10A0E1022083E0011A41E2022061E03F
S31580E01780A37400EA1EFF2FE170402DE90040A0E13E
S31580E01790E4009FE5B01B00EB702094E5000052E387
S31580E017A00800000AD4009FE5982400EB0400A0E13D
S31580E017B0503300EB000050E37080BD08C0009FE529
S31580E017C0922400EBE36F00EB0030A0E1000099E5A6
S31580E017D0B0C09FE5084090E5AC509FE5082084E5E1
S31580E017E00C2084E5102084E50500A0E3142084E243
S31580E017F0000053E3011084E8002085E5002099E5A8
S31580E018001400000A0360A0E10120D3E4200052E343
S31580E01810FBFFFF0A000052E30E00000A6C309FE5F2
S31580E01820183084E50600A0E18C7800EB0610A0E194
S31580E018300D0080E22031A0E1000095E5143084E5DA
S31580E01840080080E2507800EB003095E5002093E5D3
S31580E01850023183E0003085E52C009FE5C8FFFFEB91
S31580E018600020A0E30930A0E1003093E5003095E563
S31580E01870042083E5002083E57080BDE8955EE28004
S31580E018809E5EE280AA5EE28001004154B808E38071
S31580E0189009004154F8402DE9C05010E20050E013B1
S31580E018A01000001A0040A0E1017C14E20360A0E190
S31580E018B00300A0E10100000AB2FFFFEB090000EAA5
S31580E018C0065C14E20300000A0410A0E175FFFFEB5A
S31580E018D00750A0E1030000EAAAFFFFEB0600A0E1C3
S31580E018E00410A0E16FFFFFEB0500A0E1F880BDE802
S31580E018F03C3099E528209FE5041043E2001082E51C
S31580E019003C2099E51C109FE5082082E2002081E5D5
S31580E01910023A43E210209FE5043043E2003082E55C
S31580E0192029FEFFEA5000E0805800E0805400E08025
S31580E0193000300FE18030C3E303F021E11EFF2FE1A9
S31580E0194000000FE1C03080E303F021E1A003A0E1D5
S31580E01950010020E2010000E21EFF2FE108402DE9B0
S31580E0196000009FE58F7C00EBCA5EE28030402DE987
S31580E019708CD04DE20040A0E100119FE508008DE2A9
S31580E019808020A0E3AF7800EB303094E500308DE541
S31580E019902C3094E504308DE53C1094E5382094E5D0
S31580E019A0343094E5D8009FE5405094E5172400EB69
S31580E019B0281094E5242094E5203094E5C4009FE542
S31580E019C0122400EB103094E500308DE51C1094E590
S31580E019D0182094E5143094E5AC009FE50B2400EBE9
S31580E019E0003094E50C1094E5082094E500308DE510
S31580E019F098009FE5043094E5042400EB010115E3AB
S31580E01A005A20A0137A20A003020215E34330A013E4
S31580E01A106330A003010215E35610A0137610A003ED
S31580E01A20000055E368009FE500108DE54E10A0B3F9
S31580E01A306E10A0A3F52300EB403094E554209FE59B
S31580E01A4054C09FE5800013E30210A0010C10A011A2
S31580E01A5088008DE2400013E31F3003E2033180E02B
S31580E01A6038009FE500008DE50C20A011803013E55D
S31580E01A702C009FE5E52300EB8CD08DE23080BDE83D
S31580E01A80583CE280E15EE280265FE2804A5FE28067
S31580E01A907A5FE280AA5FE280F192E280DD5EE280B8
S31580E01AA0EEDAE280BA5FE28008402DE90040A0E10C
S31580E01AB00C009FE5D52300EB0400A0E1AAFFFFEB35
S31580E01AC0A5FFFFEBD95FE28008402DE90040A0E169
S31580E01AD00C009FE5CD2300EB0400A0E1A2FFFFEB25
S31580E01AE09DFFFFEBF05FE28008402DE90040A0E13A
S31580E01AF00C009FE5C52300EB0400A0E19AFFFFEB15
S31580E01B0095FFFFEB0460E28008402DE90040A0E10C
S31580E01B100C009FE5BD2300EB0400A0E192FFFFEB04
S31580E01B208DFFFFEB1460E28008402DE90040A0E1E4
S31580E01B300C009FE5B52300EB0400A0E18AFFFFEBF4
S31580E01B4085FFFFEB5E60E28008402DE90040A0E182
S31580E01B500C009FE5AD2300EB0400A0E182FFFFEBE4
S31580E01B607DFFFFEB6860E28008402DE920009FE57D
S31580E01B709A2300EB1C009FE5927800EB6FFFFFEB6A
S31580E01B80C65F00EB0100A0E3CE5F00EB0000A0E3C0
S31580E01B900880BDE86C61E28050C300001EFF2FE143
S31580E01BA008D04DE20030A0E304308DE504309DE5B9
S31580E01BB0630053E3030000CA0000A0E104309DE522
S31580E01BC0013083E2F7FFFFEA08D08DE21EFF2FE1C6
S31580E01BD010402DE9F1FFFFEB104F11EEEFFFFFEB29
S31580E01BE0014AC4E3104F01EE1080BDE810402DE9B4
S31580E01BF0EAFFFFEB104F11EE040014E31080BD08FE
S31580E01C00E6FFFFEB84FDFFEB0540C4E3104F01EEFA
S31580E01C101080BDE80030A0E10100A0E10210A0E163
S31580E01C2013FF2FE1010052E370402DE90040E0D33D
S31580E01C30120000DA0340A0E10400B4E50250A0E11E
S31580E01C400010A0E31020A0E33E7B00EB0060A0E163
S31580E01C500610A0E12C009FE56C2300EB011045E225
S31580E01C600420A0E10600A0E1E9FFFFEB004090E25E
S31580E01C700010A0E110009FE50140A013632300EB74
S31580E01C800400A0E17080BDE87B61E280A361E28030
S31580E01C901EFF2FE1F04D2DE904489FE528D04DE267
S31580E01CA048709DE503A0A0E18C3094E5010017E340
S31580E01CB0033087E118008DE520108DE50260A0E114
S31580E01CC08C3084E51700000A0010A0E3132EA0E311
S31580E01CD00400A0E1C47700EBC8079FE56C2800EB21
S31580E01CE0880084E5900084E2FD7200EB393000EBF9
S31580E01CF00050A0E1433000EB0510A0E10020A0E118
S31580E01D00900084E2007300EB900084E293FEFFEBA8
S31580E01D10900084E2A77300EBA000A0E3253300EBFC
S31580E01D200130A0E38C3084E5020017E38C00000AE2
S31580E01D30000056E370379FD5005093D5040000DA53
S31580E01D4000009AE50010A0E31020A0E3FD7A00EB06
S31580E01D500050A0E10100A0E3163300EB0500A0E10E
S31580E01D60FC3000EB0080A0E3548084E5508084E57D
S31580E01D700050A0E1E43000EB010050E33900001AA6
S31580E01D800510A0E124079FE5202300EB001095E5F0
S31580E01D900C379FE5012CA0E1888093E5212C82E138
S31580E01DA0FF3C01E2032482E1FF3801E2233482E151
S31580E01DB0FC269FE5020053E10300000AF4069FE556
S31580E01DC0062300EB0000E0E3230000EA0200A0E344
S31580E01DD0F83200EB0500A0E19D2F00EB000050E318
S31580E01DE00300001AD0069FE5FC2200EB0100E0E349
S31580E01DF0190000EA0300A0E3EE3200EB0500A0E163
S31580E01E00553000EB000058E30B00000AAC069FE576
S31580E01E10F22200EB0500A0E1A52F00EB000050E3E5
S31580E01E200300001A98069FE5F82200EB0200E0E343
S31580E01E30090000EA8C069FE5E82200EB0400A0E3B7
S31580E01E40DC3200EB1D10D5E5020051E36300000AA9
S31580E01E5074069FE5ED2200EB0300E0E3D53200EB6C
S31580E01E600050A0E3060000EA18309DE55C069FE599
S31580E01E70001093E5E52200EB6F00E0E3CD3200EB66
S31580E01E800850A0E1543094E514869FE5000053E3C2
S31580E01E903C069F054F00000A0500A0E19A3000EB62
S31580E01EA0010050E31B00001A1E10D5E55D10C8E561
S31580E01EB01F30D5E55C30C8E51C30D5E55E30C8E539
S31580E01EC00CC095E5400085E20C2CA0E1FF3C0CE2DD
S31580E01ED02C2C82E1032482E1FF380CE2233482E178
S31580E01EE0033080E0100095E54C3088E5002CA0E1D9
S31580E01EF0FF3C00E2202C82E1032482E1FF3800E20D
S31580E01F00233482E1583088E5443098E5000053E395
S31580E01F100200001A0F0000EAB8059FE52D0000EAEE
S31580E01F20180098E50E0051E3002CA0E1FF3C00E2AA
S31580E01F30202C82E1032482E1FF3800E2233482E12F
S31580E01F40603088E550209805582088050230830067
S31580E01F5060308805010000EA7C059FE51D0000EA07
S31580E01F60485084E5040017E34A00000A5D20D4E582
S31580E01F702C559FE5023042E2FD0013E30130A003D9
S31580E01F800030A0130E0052E301308303000053E3D8
S31580E01F900360A0013F00000A5E30D5E5050053E30B
S31580E01FA00060A0133B00001A643085E200308DE5C6
S31580E01FB0683085E204308DE50600A0E10A10A0E1F4
S31580E01FC00520A0E10230A0E3653000EB000050E39D
S31580E01FD008059F15ED00000A802200EB2B0100EA40
S31580E01FE00500A0E3733200EB1E30D5E5020053E333
S31580E01FF01B00001A0C1095E5403085E2012CA0E12B
S31580E02000503084E5212C82E1FF3C01E2032482E129
S31580E02010FF3801E2233482E1543084E5060000EAA9
S31580E02020040053E31100001AB4249FE50500A0E103
S31580E020300010A0E3043082E23C2F00EB0510A0E123
S31580E020404020A0E39C049FE5197700EB0130A0E3F4
S31580E020500600A0E3005084E5443084E5553200EB89
S31580E0206087FFFFEAEDFFFF8A010053E3000000EA05
S31580E020700E0053E3DEFFFF0A18309DE568049FE516
S31580E02080001093E5612200EB0400E0E372FFFFEAD3
S31580E020906C0095E5760200EB085017E25C00000ADA
S31580E020A026FEFFEB483094E510308DE54C3094E524
S31580E020B01C308DE5543094E514308DE55C30D4E504
S31580E020C024308DE550B094E5588094E50050A0E149
S31580E020D05D00D4E5942F00EB24309DE5000053E3CA
S31580E020E00010A0E12A00001A10309DE5030058E1B7
S31580E020F00B0058110140A0030040A0130300001A12
S31580E02100E8039FE5412200EB01B0A0E3070000EA87
S31580E02110DC039FE53D2200EB0B10A0E10800A0E187
S31580E0212014209DE50138A0E3592F00EB04B0A0E12F
S31580E0213014309DE50800A0E10311A0E1034088E0AA
S31580E0214049FCFFEB7C039FE5242200EB0420A0E121
S31580E021500810A0E19C039FE52C2200EB0700A0E39A
S31580E02160143200EB10309DE51C209DE5030054E120
S31580E021700030A0930130A083020058E101B02BE249
S31580E021800030A0230B0013E114B39FE51C00000A86
S31580E02190060000EA60039FE50310A0E11B2200EB46
S31580E021A0000055E36C00000A0250E0E3670000EAB5
S31580E021B010109DE51C209DE540039FE5132200EB72
S31580E021C03C039FE50810A0E10420A0E10F2200EB8C
S31580E021D044309BE5000053E30500000A2230DBE54E
S31580E021E0040053E30A00001A18039FE5FB2100EB85
S31580E021F0070000EA10039FE5F82100EB7300E0E3B7
S31580E022003F0000EA58109BE590008BE2042061E0F5
S31580E02210FF7100EB100017E384429FE50F00000A90
S31580E02220783084E2682094E500308DE5641094E5AA
S31580E02230900084E2022061E0743084E2613000EB59
S31580E02240000050E39400001A741094E5BC029FE508
S31580E022500C1800EBB8029FE5781094E5091800EBBE
S31580E02260200017E30800000AA8029FE56C1094E5B9
S31580E02270EC2C00EB9C029FE5241040E2042081E2F6
S31580E022800A2D00EB000050E38300001A88329FE5B8
S31580E022905E20D4E51F0D17E3028193E70130A0139A
S31580E022A00030A003000058E30030A01301300302A1
S31580E022B0000053E34300001A400017E34D00001A84
S31580E022C0800017E35300001A010C17E35900001A47
S31580E022D0010B17E31A00000A5D30D4E5C0719FE573
S31580E022E0010053E30B00000A68FEFFEB010BA0E35D
S31580E022F00610A0E10A20A0E10730A0E138FF2FE137
S31580E023000800E0E3AB3100EB000055E31800000A7B
S31580E023100050E0E30D0000EA00029FE5CE1800EBF6
S31580E02320000050E34E00000AF4119FE5A57500EB2E
S31580E02330000050E34A00001AE8019FE5541097E553
S31580E02340D01700EB000055E35200000A0050A0E3EE
S31580E0235076FDFFEB030075E30300001A0600E0E379
S31580E02360943100EB0200E0E34B0000EA010075E304
S31580E023704800001A18009DE520109DE50620A0E1A2
S31580E023800A30A0E1F7FDFFEB0000E0E3420000EA5F
S31580E023906C3085E204308DE5703085E208308DE57D
S31580E023A00610A0E100508DE520009DE50A20A0E121
S31580E023B00230A0E3202D00EB006050E233FFFF0AFD
S31580E023C064019FE503FFFFEA000055E30000000A91
S31580E023D056FDFFEB5E00D4E5C72E00EB5E20D4E52C
S31580E023E00010A0E144019FE5882100EB0700E0E3CF
S31580E023F0703100EB250000EA4000A0E30610A0E182
S31580E024000A20A0E198309FE538FF2FE100B050E246
S31580E024100F00001AA9FFFFEA8000A0E30610A0E102
S31580E024200A20A0E178309FE538FF2FE100B050E246
S31580E02430A4FFFF0A060000EA010CA0E30610A0E173
S31580E024400A20A0E158309FE538FF2FE100B050E246
S31580E024509EFFFF0AD8009FE5602100EB0B00A0E11C
S31580E024600D0000EA601094E50600A0E1012CA0E1F1
S31580E02470FF3C01E2212C82E1032482E1FF3801E284
S31580E02480233482E10A10A0E133FF2FE1ACFFFFEABB
S31580E024900100A0E3000000EA0500A0E128D08DE27B
S31580E024A0F08DBDE8BC08E3806A62E280E0F4E28019
S31580E024B07162E28056190527A362E280B562E28006
S31580E024C0CA62E280E562E280BB8EE280F362E2800D
S31580E024D03363E2805663E2807663E2809963E280EA
S31580E024E0BD63E2800C09E380C008E3801263E2808A
S31580E024F00664E2801564E2802864E2805464E280C7
S31580E025007764E280A764E280D164E2800B65E28052
S31580E025105265E2805F65E2804C09E380083EE280B6
S31580E02520B265E280BC65E280BF65E280E263E2801C
S31580E025306A65E2809865E280F0452DE9018042E2B5
S31580E02540000058E314D04DE20070A0E10160A0E104
S31580E025500250A0E10340A0E104A083E2240000DA77
S31580E025600C108DE2040093E51020A0E3F57800EBF3
S31580E025700C309DE50000D3E53A0050E300005013AF
S31580E025800110A0130010A003230050E30010A00365
S31580E0259001100112000051E31500000A0920A0E3B2
S31580E025A0040094E56C109FE5871E00EB022045E26F
S31580E025B0083084E2000050E30B00000A0CC090E58E
S31580E025C054109FE501005CE38C1091E507C0A00301
S31580E025D00C0051E100C08DB50700A0B10610A0B196
S31580E025E0090000BA34009FE5082100EB0000E0E333
S31580E025F0060000EA28309FE500308DE50700A0E17F
S31580E026000610A0E10820A0E10A30A0E1A0FDFFEBE2
S31580E0261014D08DE2F085BDE80CE2E280BC08E38070
S31580E02620C865E2800F07000073402DE90050A0E105
S31580E0263058009FE50160A0E1071800EB000050E339
S31580E026400100001A0000A0E30E0000EA40109FE5BA
S31580E02650DC7400EB004050E2F9FFFF1A34309FE56E
S31580E0266034009FE5001093E500608DE504408DE53C
S31580E02670E62000EB0500A0E10410A0E10120A0E344
S31580E026800D30A0E1ABFFFFEB08D08DE27080BDE8B6
S31580E02690B265E280F265E280E0F4E280F665E280AF
S31580E026A001C0A0E307402DE900C08DE5FB6200EBA9
S31580E026B00CD08DE204F09DE401C0A0E307402DE953
S31580E026C000C08DE56D6300EB0CD08DE204F09DE4F7
S31580E026D0010052E3F0402DE964D04DE2030000CAE8
S31580E026E070009FE5C92000EB0000A0E3170000EA38
S31580E026F00140A0E300408DE50350A0E1030093E9AB
S31580E027000C208DE210308DE2A03E00EB006050E2BE
S31580E027100D0000BA0C009DE510108DE2047090E586
S31580E02720FE5E00EB000050E30500000A041095E52C
S31580E027300720A0E10630A0E11C009FE5B32000EB76
S31580E02740010000EAE66100EB000000EA0400A0E197
S31580E0275064D08DE2F080BDE87166E2809C66E280BE
S31580E0276070402DE9004090E50050A0E1000054E380
S31580E027700200001AC8009FE5A42000EB2C0000EAC6
S31580E027800400A0E1576300EB006050E22A0000AA53
S31580E02790C96900EB0010A0E1A8009FE59B2000EB53
S31580E027A00A0076E31E00001A142094E5223CA0E19C
S31580E027B0FF1802E2023C83E1213483E1FF1C02E25E
S31580E027C0011483E10F0051E30200008A78009FE55F
S31580E027D01020A0E38D2000EB181094E5212CA0E1D9
S31580E027E0FF3801E2012C82E1232482E1FF3C01E211
S31580E027F0033482E1110053E30900009A143094E532
S31580E0280048009FE5231CA0E1FF2803E2031C81E149
S31580E02810221481E1FF3C03E2031481E11120A0E36D
S31580E028207A2000EB28009FE50040A0E3772000EBCC
S31580E02830004085E50400A0E17080BDE80100A0E3EA
S31580E028407080BDE8406AE2806B6AE280896AE280F5
S31580E02850A16AE2804BCCE280000051E31700000AD7
S31580E02860013080E0013053E50A0053E30000531362
S31580E0287074C09F050B00001A0130D0E4000053E3DA
S31580E028800A00000A0320DCE7B70012E30D00001A15
S31580E02890000051E3000053030100A0130000A003F1
S31580E028A0010020E21EFF2FE10000A0E31EFF2FE1E2
S31580E028B0000051E3F5FFFFDA010051E30500001A5D
S31580E028C00100A0E11EFF2FE1000051E3EFFFFFDAF8
S31580E028D0011041E2E7FFFFEA0020D0E5000052E385
S31580E028E0FAFFFF1A0200A0E11EFF2FE11A57E280ED
S31580E028F0F8452DE9004051E2F885BD080050A0E199
S31580E02900D4FFFFEB006050E21600000A34019FE539
S31580E02910322000EB0060A0E3040056E10E0000AA3E
S31580E02920000056E3010000DA1C019FE52B2000EB56
S31580E029300500A0E1292000EB0500A0E1477400EB4B
S31580E02940016086E2006086E00500A0E1437400EB6A
S31580E02950010080E2005085E0EEFFFFEAE4009FE5BB
S31580E02960F845BDE81D2000EA038014E22200001A43
S31580E02970400054E3040000DA0510A0E10420A0E161
S31580E02980C8009FE5F845BDE8202000EAC0009FE545
S31580E029901E2000EB033084E2000054E30340A0B144
S31580E029A04441A0E10860A0E1A8A09FE5A8809FE55A
S31580E029B0017044E2040056E10D0000AA063195E775
S31580E029C0070056E1231CA0E1FF2803E2031C81E116
S31580E029D0221481E1FF3C03E280009FE5031481E15C
S31580E029E00820A0B10A20A0A1082000EB016086E2C1
S31580E029F0EFFFFFEA68009FE5100000EA400054E33D
S31580E02A00DCFFFFCA5C009FE5002000EB48809FE585
S31580E02A10017044E2040056E1070000AA070056E18F
S31580E02A200610D5E72C209FE53C009FE50820A0B165
S31580E02A30F61F00EB016086E2F5FFFFEA2C009FE5DA
S31580E02A40F845BDE8F11F00EABC6AE280B96AE28037
S31580E02A50BE6AE280CE6AE280EEDAE28066D9E28021
S31580E02A60D06AE2809AD4E280D96AE280DB6AE28048
S31580E02A702CD7E2800C309FE50010A0E1000083E5D2
S31580E02A8004009FE5FF1500EAEC0DE380E26AE28050
S31580E02A90010052E3F04D2DE950D04DE24C0100DAD1
S31580E02AA0040093E50370A0E10030D0E50280A0E168
S31580E02AB0610053E34F00001A024052E2BA03000A73
S31580E02AC0080097E50C1F9FE5BE7300EB000050E31E
S31580E02AD01600001A034058E20C7087120150A013CA
S31580E02AE01400001A4C3099E50140A0E320308DE5D2
S31580E02AF020309DE5000053E34500000A20008DE28A
S31580E02B0016FFFFEB000050E34100000A000054E3AB
S31580E02B1020109D150300001A0410A0E1B80E9FE571
S31580E02B20EB1600EB0010A0E1B00E9FE52F0000EA67
S31580E02B30087087E20050A0E30010A0E31020A0E335
S31580E02B40000097E57F7700EB50308DE2300023E59B
S31580E02B500300A0E101FFFFEB000050E32C00000A38
S31580E02B60000055E30930A01120209D154C208315E7
S31580E02B700100001A20009DE5BDFFFFEB010054E354
S31580E02B808D0300DA1020A0E3040097E50010A0E3AF
S31580E02B906C7700EB0020A0E120009DE504E090E565
S31580E02BA02ECCA0E1FF380EE20ECC8CE123C48CE182
S31580E02BB0FF3C0EE203348CE1030052E10400002A7C
S31580E02BC00210A0E1180E9FE50320A0E18F1F00EB25
S31580E02BD0790300EA0010A0E1246800EB000050E3EE
S31580E02BE07503000AB46800EB0010A0E1F40D9FE5E0
S31580E02BF0861F00EB700300EAECAD9FE500309AE5B6
S31580E02C000A40A0E1000053E30300001ADC0D9FE5D3
S31580E02C10721F00EB0160A0E36B0300EAD01D9FE525
S31580E02C200220A0E3727300EB006050E23900001AE4
S31580E02C30030058E3E60000DA0610A0E11020A0E3E6
S31580E02C40080097E53F7700EB00008AE50A00A0E1FF
S31580E02C50C2FEFFEB000050E3EDFFFF0A0C0097E5B4
S31580E02C600610A0E11020A0E3367700EB040058E3DD
S31580E02C700050A0E10800001A00309AE5041093E5C0
S31580E02C80213CA0E1013C83E1FF2801E2223483E19B
S31580E02C90FF1C01E2013483E1120000EA0610A0E1A4
S31580E02CA01020A0E3100097E5267700EB00209AE558
S31580E02CB004E092E52ECCA0E1FF280EE20ECC8CE17A
S31580E02CC022C48CE1FF2C0EE202248CE1020050E16A
S31580E02CD00010A0E10030A0E10200002A140D9FE57B
S31580E02CE04A1F00EBCAFFFFEA0320A0E1000094E55B
S31580E02CF00510A0E1DD6700EB000050E3E83C9F05AE
S31580E02D00005083053003000A6B6800EB0010A0E1F9
S31580E02D10D00C9FE5F60100EA040097E5D81C9FE514
S31580E02D200220A0E3327300EB000050E31000001AAB
S31580E02D30030058E3A60000DA081097E500009AE55C
S31580E02D400C4097E55D6400EB001050E2E50100BAC7
S31580E02D5000009AE50420A0E19B6700EB000050E3C9
S31580E02D60150300AA546800EB0010A0E18C0C9FE5E7
S31580E02D70DF0100EA040097E50060D0E5730056E3E2
S31580E02D808D00001A030058E3910000DA0C3097E5D5
S31580E02D90040058E308A097E50C308DE57400000A3E
S31580E02DA0103097E520308DE50020D3E510B087E23E
S31580E02DB03C0052E3045048E22D00001A0060A0E394
S31580E02DC03CCC9FE5012083E20670A0E150308DE2A5
S31580E02DD0302023E520809DE50010D8E53E0051E3D4
S31580E02DE06400000A050057E1F50200AA000051E3FD
S31580E02DF00170870207219B0720208D05F4FFFF0ADB
S31580E02E000310A0E10020A0E30800A0E114C08DE556
S31580E02E1010308DE5CB7600EB14C09DE5046086E24C
S31580E02E2010309DE5002CA0E1202C82E1FF1C00E221
S31580E02E30012482E1FF0800E2200482E120209DE572
S31580E02E4004008CE4022068E0000052E3B40B9FD5D6
S31580E02E500810A0D1A60100DA20209DE50010D2E579
S31580E02E60200051E3DAFFFF1A012082E220208DE57F
S31580E02E70F8FFFFEA5B0052E32900001A0060A0E356
S31580E02E807C8B9FE580CB9FE5012083E20670A0E105
S31580E02E9050308DE2302023E520209DE50020D2E5EC
S31580E02EA05D0052E31900000A20009DE50020D0E590
S31580E02EB0200052E30100800220008D05F9FFFF0A21
S31580E02EC0000052E30170870207219B0720208D05D1
S31580E02ED00C00000A0220DCE714C08DE5440012E312
S31580E02EE00A00000A0310A0E11020A0E310308DE56F
S31580E02EF0947600EB14C09DE510309DE5016086E296
S31580E02F00018088E2010048E5050057E1E1FFFFBA6C
S31580E02F1020309DE50010D3E55D0051E3A802001A5C
S31580E02F20140000EA0060A0E3D4BA9FE50680A0E141
S31580E02F3020009DE5C97200EB20109DE5018088E2C6
S31580E02F40013080E20B00A0E110308DE58E7200EB5F
S31580E02F5010309DE5050058E103B08BE0066083E024
S31580E02F60083187E0103093E520308DE5EFFFFFBA3A
S31580E02F70000000EA0060A0E30A10A0E1000094E50A
S31580E02F80CE6300EB001050E2560100BA583A9FE556
S31580E02F9000608DE50C209DE5000093E5603A9FE5B5
S31580E02FA0766600EB000050E3830200AAC26700EB7E
S31580E02FB00010A0E1540A9FE54D0100EA670056E360
S31580E02FC09A00001A0030A0E3040058E318308DE53B
S31580E02FD0010000CA0060E0E37B0200EA050058E3F6
S31580E02FE008B097E50200001A0030DBE5730053E392
S31580E02FF0F7FFFF1A000094E5101097E50CA097E51F
S31580E03000146097E5AD6300EB003050E2350100BA1D
S31580E030100050DBE56E0055E30400000A730055E3DB
S31580E03020050058030150A0030050A0133900001A90
S31580E030300310A0E1000094E50C308DE5086400EB18
S31580E030400C309DE550608DE20310A0E1300026E56E
S31580E030500080A0E10620A0E1000094E5DC6100EBC1
S31580E030600020DBE56E0052E30070E0130030A0E163
S31580E030700600001A0C008DE50010A0E3140097E529
S31580E030801020A0E32F7600EB0C309DE50070A0E1E8
S31580E030900050E0E301C088E220209DE5080052E18F
S31580E030A0140000DA0C0052E10020DBE501508502D5
S31580E030B0070055E16E0052030600001A0310A0E1F6
S31580E030C0000094E50020A0E3C66200EB0010A0E1DA
S31580E030D00A00A0E1410000EA0310A0E1000094E5C7
S31580E030E00620A0E10CC08DE5B96100EB0CC09DE542
S31580E030F0003050E2E7FFFFAA0030DBE5730053E3E0
S31580E031000C099F159F00001A0A00A0E1011085E2D4
S31580E03110541400EB280200EACC289FE50310A0E1D6
S31580E03120000092E518308DE20620A0E1426300EBD4
S31580E0313018609DE5000056E30070A0E10300001AE8
S31580E031400A00A0E1CC189FE5301400EB1E0200EAED
S31580E03150610000DA0030DBE5760053E32300001AF5
S31580E031600610A0E1BBFDFFEB000050E30A00A011D2
S31580E031700710A0111900001A040056E30400001A93
S31580E0318020008DE290189FE5002097E57B7600EBA6
S31580E03190100000EA030016E30130A0030030A0131C
S31580E031A0140056E30030A0C3013003D2000053E39D
S31580E031B00C00000A0040A0E120308DE2840083E02C
S31580E031C0042097E754189FE5044084E26B7600EB91
S31580E031D0060054E1F7FFFFBA0A00A0E120108DE275
S31580E031E00A1400EBF40100EA34089FE5650000EA82
S31580E031F0610053E320008D0228189F050720A00177
S31580E032000400000A730053E371FFFF1A08189FE574
S31580E0321020008DE20620A0E1587600EB0A00A0E1CE
S31580E0322020108DE2F91300EB0560A0E1E60100EAEB
S31580E032306C5046E2FB5015E29F00001A6C0056E3A4
S31580E032402060A0130160A003020058E3D8A79F0581
S31580E032500300000A030058E308A097E50C50971591
S31580E032600050A003000094E50A10A0E1136300EB90
S31580E03270008050E29B0000BA000055E31800000A87
S31580E0328064379FE50810A0E1000093E50520A0E102
S31580E0329020308DE2E86200EB20609DE5000056E399
S31580E032A00040A0E10400001A0A10A0E10520A0E198
S31580E032B078079FE5D51D00EBC30100EA060000DA3A
S31580E032C00510A0E168079FE5D01D00EB0400A0E1B2
S31580E032D020109DE585FDFFEB0E0100EA0600A0E1EA
S31580E032E0500000EA4C779FE50810A0E1000094E5E5
S31580E032F018208DE2CF6000EB013040E20010A0E1C3
S31580E03300080053E303F19F97630000EA3033E080DF
S31580E033109033E080C433E0808834E0809C34E08081
S31580E033209C34E0809C34E0809C34E080142CE08007
S31580E03330000094E50810A0E10020A0E3296200EBFC
S31580E03340060055E10030A0E10A0000CAE8269FE5C4
S31580E03350000050E30230A00100C0D3E5201065E212
S31580E0336000005CE3D4269FE5D4069FE5011087E064
S31580E033700320A011A51D00EB015085E21F0055E357
S31580E03380490000DABC069FE5A01D00EB20FEFFEABF
S31580E03390018045E2060058E1010000DA0850A0E12C
S31580E033A0410000EA211065E29C069FE5011087E076
S31580E033B0961D00EB000058E30050E0033A00000A57
S31580E033C0F5FFFFEA0810A0E10C20A0E3000094E5F9
S31580E033D0756000EB083090E50080A0E1231CA0E159
S31580E033E0FF2803E2031C81E1221481E1FF3C03E232
S31580E033F0031481E1000094E5686100EB04C098E580
S31580E034002C1CA0E1FF380CE20C1C81E1231481E145
S31580E03410FF3C0CE20020A0E1030481E1000050E3E0
S31580E0342020008DE5030000AAA36600EB0010A0E172
S31580E0343018069FE52E0000EA0600001A060055E110
S31580E03440190000CA201065E2011087E000069FE5BA
S31580E034506E1D00EB140000EA060055E1120000CA7A
S31580E03460201065E2011087E0E8059FE5671D00EB27
S31580E034700C0088E220109DE51CFDFFEBD8059FE55A
S31580E03480621D00EB080000EA201065E2011087E08B
S31580E03490C8059FE55D1D00EB030000EA060055E1E7
S31580E034A0BC059FD5DAFDFFCA110000EA010075E38D
S31580E034B018809DE58BFFFF1A3F0100EAA4159FE582
S31580E034C00220A0E34A7100EB000050E31C00001AE2
S31580E034D0081097E500009AE5786200EB001050E26C
S31580E034E0050000AA0100A0E1736600EB0010A0E1F0
S31580E034F074059FE5451D00EBC5FDFFEA030058E333
S31580E0350000009AE5070000DA0C2097E5546500EBA9
S31580E03510006050E2280100AA676600EB0010A0E197
S31580E0352048059FE5F80000EAB36500EB006050E2ED
S31580E03530210100AA606600EB0010A0E130059FE55E
S31580E03540F10000EA040097E50030D0E5680053E337
S31580E035507300001A00209AE518059FE5143092E57D
S31580E0356084649FE5235CA0E1FF1803E2035C85E1C8
S31580E03570215485E1FF3C03E2035485E1003092E586
S31580E03580231CA0E1FF2803E2031C81E1221481E1F0
S31580E03590FF3C03E2031481E11C1D00EB00309AE559
S31580E035A0D4049FE5042093E5223CA0E1FF1802E2E3
S31580E035B0023C83E1213483E1FF1C02E2011483E1D2
S31580E035C00120A0E1111D00EB00309AE5AC049FE5F7
S31580E035D0083093E5231CA0E1FF2803E2031C81E188
S31580E035E0221481E1FF3C03E2031481E1071D00EB35
S31580E035F000309AE588049FE50C3093E5231CA0E132
S31580E03600FF2803E2031C81E1221481E1FF3C03E20F
S31580E03610031481E1FD1C00EB00309AE564049FE52C
S31580E03620103093E5231CA0E1FF2803E2031C81E12F
S31580E03630221481E1FF3C03E2031481E1F31C00EBF9
S31580E036400510A0E140049FE5F01C00EB00309AE510
S31580E0365038049FE5183093E5231CA0E1FF2803E2B8
S31580E03660031C81E1221481E1FF3C03E2031481E142
S31580E03670E61C00EB010055E32100009A003096E558
S31580E036800C049FE51C3093E5231CA0E1FF2803E2B0
S31580E03690031C81E1221481E1FF3C03E2031481E112
S31580E036A0DA1C00EB020055E31500000A003096E5CF
S31580E036B0E0039FE5203093E5231CA0E1FF2803E2A9
S31580E036C0031C81E1221481E1FF3C03E2031481E1E2
S31580E036D0CE1C00EB100055E30900009A003096E519
S31580E036E0B4039FE5243093E5231CA0E1031C81E12C
S31580E036F0FF2803E2221481E1FF3C03E2031481E127
S31580E03700C21C00EB000094E5E06000EB0010A0E155
S31580E0371088039FE5BD1C00EB84039FE5BB1C00EBA3
S31580E03720A50000EA7C139FE50320A0E3B07000EBE0
S31580E03730006050E20C00001A0610A0E11020A0E321
S31580E03740080097E57F7400EB00209AE5003CA0E155
S31580E03750203C83E1FF1C00E2013483E1FF0800E2C4
S31580E03760200483E11C0082E5970000EA040097E5E7
S31580E0377034139FE50220A0E39D7000EB005050E2F9
S31580E037801000001A1020A0E3080097E50510A0E1DC
S31580E03790C27400EB1020A0E300A0A0E101B0A0E19C
S31580E037A00C0097E50510A0E1BC7400EB0A20A0E1CF
S31580E037B00B30A0E1F000CDE1000094E5A02600EB1F
S31580E037C0C06F00E0800000EA040097E5DC129FE528
S31580E037D00220A0E3867000EB006050E24C00001A05
S31580E037E0083097E50030D3E5700053E32100001AF6
S31580E037F000009AE5A56000EB0650A0E10070A0E12C
S31580E03800AC029FE5811C00EBA8029FE57F1C00EBE4
S31580E03810070055E16C0000AA000094E50510A0E1E0
S31580E0382018208DE220308DE2666000EB008050E269
S31580E03830050000AAA06500EB0860A0E10010A0E109
S31580E0384074029FE5711C00EB5F0000EA24309DE581
S31580E0385000308DE520309DE504308DE50510A0E152
S31580E0386058029FE51C209DE518309DE5671C00EB1E
S31580E03870015085E2E5FFFFEA610053E31400001A98
S31580E038800610A0E11020A0E30C0097E5837400EB1E
S31580E038901020A0E300A0A0E101B0A0E1100097E530
S31580E038A00610A0E17D7400EB0A20A0E10B30A0E1D8
S31580E038B0F000CDE1000094E5D96300EB006050E2D2
S31580E038C03D0000AA7C6500EB0010A0E1F0019FE5D9
S31580E038D00D0000EA640053E3BDFDFF1A0610A0E187
S31580E038E01020A0E30C0097E5167400EB0010A0E131
S31580E038F000009AE5056400EB006050E22E0000AA25
S31580E039006D6500EB0010A0E1B8019FE53F1C00EB80
S31580E039102D0000EA040097E50030D0E5630053E32C
S31580E039201900001A026048E20260D6E3A8FDFF1A99
S31580E03930040058E30650A0110680A0110900001A81
S31580E039400610A0E11020A0E3080097E5FD7300EBE8
S31580E039500610A0E11020A0E30080A0E10C0097E52E
S31580E03960F87300EB0050A0E1000094E50110A0E3BD
S31580E039705A2500EB000094E50810A0E10520A0E1BF
S31580E039800130A0E3DB2400EB0F0000EA38119FE56D
S31580E039900220A0E3167000EB006050E28CFDFF1A77
S31580E039A000009AE52E2600EB070000EA38309FE516
S31580E039B0003093E520308DE54CFCFFEA0060A0E323
S31580E039C0010000EA04019FE5C9FEFFEA0600A0E1E6
S31580E039D050D08DE2F08DBDE8036BE280E26AE28052
S31580E039E0066BE280286BE280576BE280EC0DE38029
S31580E039F0736BE280E36BE280E66BE280196CE280D7
S31580E03A00426CE280EC09E380606CE2801A57E280E7
S31580E03A109C6CE280B66CE280EEDAE280CD6CE2808D
S31580E03A200674E280D46CE280EE6CE28029E3E28088
S31580E03A300D6DE280476DE28008E3E280EA6AE2802B
S31580E03A40016BE280146DE2801C6DE280386DE2806D
S31580E03A50F36CE2803E6DE280456DE280426DE2800D
S31580E03A604D6DE2805A6DE2804BA4E2801C6CE28070
S31580E03A706E6DE280896DE280A56DE280B46DE28054
S31580E03A80CB6DE280E16DE280F86DE2800F6EE280E0
S31580E03A901D6EE280346EE2804B6EE280626EE28082
S31580E03AA0796EE2804BCCE280906EE280DDD5E2807A
S31580E03AB0946EE280976EE280B26EE280E46EE2809F
S31580E03AC0036FE2801D6FE2803C6FE2806275E28088
S31580E03AD0816CE28013402DE930C09FE50040A0E193
S31580E03AE02C009FE501E0A0E10CC060E024109FE59A
S31580E03AF04CC1A0E10C008DE89C0101E00420A0E12E
S31580E03B000E30A0E17B1900EB08D08DE21080BDE895
S31580E03B108005E3803C01E380B76DDBB618309FE536
S31580E03B200020A0E3002083E510309FE5002093E5A8
S31580E03B300C309FE5002083E51EFF2FE1280EE38011
S31580E03B40400EE380340EE3802C309FE5002093E541
S31580E03B5028309FE5002083E524309FE5002093E52B
S31580E03B6020309FE5002083E51C309FE5002093E52B
S31580E03B7018309FE5002083E51EFF2FE12C0EE380C1
S31580E03B80500EE380280EE380300EE380340EE3802F
S31580E03B90040EE3802C309FE5002093E528309FE5F6
S31580E03BA0002083E524309FE5002093E520309FE5E3
S31580E03BB0002083E51C309FE5002093E518309FE5E3
S31580E03BC0002083E51EFF2FE1500EE3802C0EE3807C
S31580E03BD0300EE380280EE380040EE380340EE3802B
S31580E03BE0F0412DE941DE4DE208108DE50050A0E17F
S31580E03BF00D10A0E104008DE2EE3600EB000050E30C
S31580E03C000060A0010640A0011A00001A10008DE2B3
S31580E03C10011BA0E30D20A0E1753700EB007050E2B8
S31580E03C201A0000DA058086E00800A0E1D02500EBE6
S31580E03C30074084E0076086E0000050E30800000A61
S31580E03C4010008DE20810A0E10720A0E1DB2500EB63
S31580E03C50000050E3ECFFFF0A2D2600EB0000E0E3D6
S31580E03C601A0000EA0800A0E110108DE20720A0E12A
S31580E03C70F46F00EBE4FFFFEA00009DE52C3800EBF3
S31580E03C800040A0E30010A0E148009FE55F1B00EB49
S31580E03C900D00A0E1EC3700EB0000A0E338109FE5D3
S31580E03CA0FE3700EB0500A0E10410A0E16EF5FFEB26
S31580E03CB00410A0E10420A0E120009FE5531B00EB67
S31580E03CC01C009FE50410A0E16E1100EB0500A0E169
S31580E03CD041DE8DE2F081BDE84B92E280E83CE08017
S31580E03CE01C70E280BF65E28008402DE9261B00EB70
S31580E03CF0000050E30100000A0840BDE8191B00EA15
S31580E03D000000E0E30880BDE81C309FE5003093E5E5
S31580E03D10000053E314209F050030920501108302D2
S31580E03D20001082050000C3051EFF2FE1280EE38008
S31580E03D30340EE38020109FE50030A0E30120F1E51A
S31580E03D40000052E302308310FBFFFF1A030CA0E170
S31580E03D50200F83E03F0000E21EFF2FE1090EE380A3
S31580E03D6038402DE938309FE538509FE5004093E5AF
S31580E03D70000054E3030000DA0000D5E50B1B00EBFE
S31580E03D80014044E2F9FFFFEA1C409FE50100D4E4EC
S31580E03D90000050E30100000A041B00EBFAFFFFEA93
S31580E03DA03880BDE83C0EE380080EE380090EE380B0
S31580E03DB0F04D2DE954079FE598D04DE20240A0E111
S31580E03DC00350A0E1241200EB000050E340879F05FA
S31580E03DD00300000A0010A0E31020A0E3D97200EBF4
S31580E03DE00080A0E1083099E5010054E304308DE5D8
S31580E03DF0130000DA040095E50010A0E31020A0E3AC
S31580E03E00D07200EB030054E30080A0E10600001AC4
S31580E03E10080095E50010A0E30A20A0E3C97200EB54
S31580E03E2000A050E20600000AA50100EA040054E37F
S31580E03E300300001A18008DE20C1095E58020A0E3BF
S31580E03E40F87700EB04A09DE5000095E5C4169FE5B4
S31580E03E50DC6E00EB004050E20600001A0810A0E19C
S31580E03E60B4069FE50A20A0E1E81A00EB0800A0E18D
S31580E03E700210A0E30A0000EA000095E59C169FE5A3
S31580E03E80D06E00EB004050E20700001A0810A0E177
S31580E03E908C069FE50A20A0E1DC1A00EB0800A0E191
S31580E03EA00110A0E34DFFFFEB740100EA0810A0E1EA
S31580E03EB00A20A0E16C069FE5D41A00EB68269FE510
S31580E03EC068169FE568769FE5001082E564669FE563
S31580E03ED064269FE5002087E50D20A0E30020C6E567
S31580E03EE058269FE50050A0E30050C2E550269FE5A6
S31580E03EF02310A0E34C369FE50010C2E548469FE5D7
S31580E03F0048269FE5008083E508308DE5005084E50E
S31580E03F10005082E500FFFFEB0AFFFFEB10408DE5E6
S31580E03F202C469FE508309DE500B0E0E314308DE552
S31580E03F300C708DE508608DE518369FE518269FE5BF
S31580E03F40002083E5871A00EB010050E30300000AB6
S31580E03F50030050E3FAFFFF1A0050A0E3280100EACD
S31580E03F60801A00EBE00010E30070A0E17500000A23
S31580E03F707C1A00EBE00010E37200000AFF6000E2CA
S31580E03F80205046E2FF5005E20B0055E10100001AA1
S31580E03F90FFFEFFEB000000EAEAFEFFEB711A00EBA2
S31580E03FA0E00010E36600000AFF7007E2066087E043
S31580E03FB0207047E2FF7007E2027047E2FFB000E25E
S31580E03FC0020077E30B6086E03500001A651A00EBA5
S31580E03FD0E00010E35A00000AFF7000E2611A00EB8D
S31580E03FE0076086E0207047E2FF7007E2E00010E3BA
S31580E03FF05300000AFF0000E2006086E0200040E215
S31580E04000FF0000E25F30A0E3930727E0551A00EB5C
S31580E04010E00010E3FF2000E24900000A063CA0E150
S31580E04020233F86E03F3003E2203083E2030052E123
S31580E04030026086004200001A190000EA491A00EB85
S31580E040400030A0E1E00013E3FF0000E23C00000A5C
S31580E0405044005BE3006086E0017047E21C00001AE2
S31580E04060E8249FE5001092E5000051E30F00000A86
S31580E040700C209DE5001092E5602003E2400052E3CB
S31580E04080BF0003020200000A7F2003E23F0052E302
S31580E040904000800331FF2FE1B0349FE50020A0E3AC
S31580E040A0002083E5010057E3E3FFFFCA160000EA3C
S31580E040B08C349FE50030D3E5000053E10130A00366
S31580E040C00F00000A0C309DE5003093E533FF2FE1C9
S31580E040D0F3FFFFEA53005BE3F1FFFF1A74349FE5D9
S31580E040E070149FE5003093E5012083E2002081E5AE
S31580E040F068149FE50000C3E5010052E1E8FFFF3A5E
S31580E0410050249FE5003082E5E5FFFFEA151A00EBD3
S31580E04110E00010E30A00000A063CA0E1236F86E097
S31580E041203F6006E2FF0000E2206086E2060050E1A2
S31580E041300300001A0B1A00EBFF0000E20D0050E3CB
S31580E041401800000A05B0A0E191FEFFEB0130A0E384
S31580E041500030C4E52330A0E30130C4E5203085E2B9
S31580E041600230C4E50060A0E34E30A0E30330C4E54E
S31580E041700460C4E5EEFEFFEB08309DE50660C4E52D
S31580E041800030D3E50530C4E5200080E20400C4E5D4
S31580E04190F2FEFFEB0530A0E10B50A0E105B0A0E117
S31580E041A00350A0E163FFFFEA53005BE37B00001A64
S31580E041B008309DE510209DE50000C3E50030A0E3D2
S31580E041C0003082E574239FE50030C2E570339FE5D9
S31580E041D02320A0E30020C3E578339FE5002093E524
S31580E041E07C339FE5030052E168239F05013043025B
S31580E041F0003082055C339FE55C239FE5003093E5E4
S31580E04200033062E0000053E30360A0D34D0000DAA0
S31580E042107E20A0E3010053E30420C4E50460A0030C
S31580E042204800000A2120A0E3020053E30520C4E50C
S31580E042300560A0034300000A1C239FE510109DE55E
S31580E042400220D2E5030053E3202042E2FF2002E28F
S31580E04250002081E52020A0E30620C4E50660A003D7
S31580E042603800000AF0229FE50320D2E5601002E2E2
S31580E04270400051E3BF2002020200000A7F1002E202
S31580E042803F0051E340208203B0129FE5040053E3F0
S31580E042900020C1E54020A0E30720C4E50760A00335
S31580E042A02800000AB0229FE508109DE50420D2E5AB
S31580E042B0050053E3202042E20020C1E52D20A0E363
S31580E042C00820C4E50860A0031E00000A88229FE556
S31580E042D0060053E30510D2E564229FE50960A0035A
S31580E042E00010C2E52320A0E30920C4E51500000AFA
S31580E042F04E10A0E3070053E30A10C4E5082043E22A
S31580E043000A60A0030F00000A3130A0E3000052E308
S31580E043100B30C4E50B60A0030A00000A010052E3FB
S31580E043202230A0130D30C4152030A0130E30C415F2
S31580E043301060A0137E30A0130C60A0030C10C4E5BF
S31580E043400F30C4151030C4150130A0E30030C4E549
S31580E04350203086E20130C4E5203085E20230C4E5D3
S31580E0436001B086E25930A0E30070A0E30330C4E5F3
S31580E043700B70C4E76EFEFFEB08309DE5066084E0D7
S31580E043800030D3E5200080E20B00C4E70230C6E5CA
S31580E043900370C6E571FEFFEB0530A0E17EFFFFEA24
S31580E043A00130A0E30030C4E52330A0E30130C4E56A
S31580E043B0203085E20230C4E50060A0E35930A0E316
S31580E043C00330C4E50460C4E559FEFFEB08309DE5A3
S31580E043D00660C4E50030D3E50530C4E5200080E220
S31580E043E00400C4E55DFEFFEB42005BE3E9FFFF1AF4
S31580E043F070319FE514209DE5003093E5005092E50D
S31580E04400035065E06440A0E35F1900EB000050E3F1
S31580E044100000000A531900EBFA0FA0E3696E00EB87
S31580E04420014054E2F7FFFF1A0510A0E10800A0E181
S31580E044308DF3FFEB0510A0E10520A0E128019FE5C3
S31580E04440721900EB0510A0E120019FE58D0F00EBCE
S31580E04450010078E318519FE50400001A14019FE5F6
S31580E04460004085E5691900EB0140A0E3030000EA1E
S31580E0447004019FE50810A0E1641900EB008085E562
S31580E0448004309DE503005AE11D00000A0310A0E117
S31580E04490E8009FE55D1900EBE4009FE5496E00EBDF
S31580E044A004209DE5082089E54B4A00EBD0009FE596
S31580E044B0446E00EB2B1900EB1B0050E3FCFFFF1A68
S31580E044C00F0000EA04309DE503005AE15DFEFF0A35
S31580E044D00A10A0E1AC009FE54C1900EBA0009FE537
S31580E044E0386E00EB08A089E53B4A00EB90009FE53B
S31580E044F0346E00EB1B1900EB0D0050E3FCFFFF1A56
S31580E0450050FEFFEA0400A0E198D08DE2F08DBDE890
S31580E04510418AE280008000827670E2807C70E28070
S31580E04520BB70E280C170E2800071E280480EE38079
S31580E045301C3BE080240EE3804C0EE380083DE08067
S31580E04540080EE380440EE380400EE3803C0EE38079
S31580E045502C0EE380090EE380380EE380F00DE380D5
S31580E04560040EE380030EE380340EE3801C70E28069
S31580E04570BF65E280E0F4E2803F71E2806471E280D0
S31580E045808271E28050C300004470E2800000A0E3C4
S31580E0459010402DE90010A0E101DA4DE280209FE590
S31580E045A00030A0E1EB4300EB004050E20200001A4D
S31580E045B070009FE5521E00EB170000EA68109FE549
S31580E045C068209FE568009FE5101900EB50C094E5F0
S31580E045D00400A0E10E19A0E3012AA0E30D30A0E1DA
S31580E045E03CFF2FE1000050E30200000A44009FE513
S31580E045F0431E00EB060000EA0D00A0E10110A0E3F7
S31580E04600781E00EB000050E30930A0110120A013D2
S31580E04610282083150400A0E1394500EB01DA8DE21C
S31580E046201080BDE800B4C404B271E280E455E28053
S31580E04630A4040000CC71E280DD71E28008402DE9BF
S31580E04640D1FFFFEB0010A0E308009FE53E2C00EBD6
S31580E046500000A0E30880BDE8F671E280010052E345
S31580E0466010402DE928409FE5040000DA040093E538
S31580E046700010A0E31020A0E3B27000EB000084E518
S31580E04680001094E50C009FE5E01800EB0000A0E345
S31580E046901080BDE8580EE3801373E280031042E297
S31580E046A0010051E32E00008AF0412DE9000093E5F8
S31580E046B00410A0E30350A0E10260A0E1281800EB1B
S31580E046C0007050E2280000DA0010A0E31020A0E39A
S31580E046D0040095E59B7000EB94309FE50010A0E325
S31580E046E0003093E51020A0E3034080E0080095E5E4
S31580E046F0947000EB040056E30080A0E10100A01373
S31580E047000300001A0C0095E50010A0E31020A0E35A
S31580E047108C7000EB343099E57F3483E2030054E11A
S31580E047200430A0910A00009A48109FE548009FE572
S31580E04730B61800EB0C0000EA040057E3008083051E
S31580E047400200000A020057E3B080C3010080C3156F
S31580E04750073083E0010050E2F6FFFF2A0000A0E385
S31580E04760F081BDE80000E0E31EFF2FE10100A0E359
S31580E04770F081BDE8580EE3805E55E2802A73E280E0
S31580E04780040052E34A00001AF0412DE90210A0E14C
S31580E0479018D04DE2000093E50370A0E1F01700EB3E
S31580E047A0004050E20100A0B3430000BA040054E3A5
S31580E047B00C619F050300000A08319FE5020054E37F
S31580E047C004619FE50360A011040097E50010A0E373
S31580E047D01020A0E35B7000EBF0509FE50010A0E3B3
S31580E047E0008095E51020A0E3088080E0080097E54A
S31580E047F0547000EB005095E50010A0E31020A0E394
S31580E04800055080E00C0097E54E7000EB0070A0E369
S31580E0481005C0A0E10010A0E1080065E0010057E1D5
S31580E0482000308CE01C00000A040054E300E09305AD
S31580E0483000209C050400000A020054E3B0E0D301A6
S31580E04840B020DC0100E0DC170020DC1502005EE130
S31580E048500E00000A033068E0055083E00C408DE5E9
S31580E0486010208DE50610A0E1082083E000E08DE5CC
S31580E048700430A0E104608DE508508DE550009FE5A9
S31580E04880621800EB0140A0E30710A0E1030000EA14
S31580E0489004C08CE0017087E2DFFFFFEA0040A0E31E
S31580E048A030009FE50620A0E1581800EB0400A0E167
S31580E048B0010000EA0000E0E31EFF2FE118D08DE260
S31580E048C0F081BDE85D73E2805473E2805973E280E3
S31580E048D0580EE3806273E2809473E280020052E3D2
S31580E048E0340000DA70402DE9000093E50410A0E37F
S31580E048F00350A0E19A1700EB006050E22F0000BA67
S31580E049000010A0E31020A0E3040095E50D7000EB15
S31580E049100010A0E31020A0E30040A0E1080095E5A8
S31580E04920087000EB010050E30900001A040056E32A
S31580E049300100001A003094E5FDFFFFEA020056E32D
S31580E049400100001AB030D4E1FDFFFFEA0030D4E583
S31580E04950FDFFFFEA040056E30600001A0420A0E10A
S31580E049600030A0E1013053E2FBFFFF3A001092E510
S31580E04970042082E2FAFFFFEA020056E30400801098
S31580E049800600001A0420A0E10030A0E1013053E2E5
S31580E04990FBFFFF3AB010D2E1022082E2FAFFFFEAA3
S31580E049A00430A0E1000053E1FCFFFF0A0020D3E5DC
S31580E049B0013083E2FAFFFFEA0000E0E31EFF2FE129
S31580E049C00100A0E37080BDE8FF4D2DE9D0009FE5B2
S31580E049D0D0709FE5D0A09FE5010052E3004090E5CE
S31580E049E008008DE500609AE5008097E50C708DE51E
S31580E049F00000E0D3280000DA015011E20370A0E164
S31580E04A0002B0A0E11300001A000093E50410A0E3D1
S31580E04A10531700EB004050E20100A0B31E0000BA3D
S31580E04A201020A0E3040097E50510A0E1C56F00EB38
S31580E04A3078209FE502005BE3006092E5066080E017
S31580E04A400400000A080097E50510A0E11020A0E325
S31580E04A50BC6F00EB0080A0E10410A0E11000A0E3B1
S31580E04A60667B00EB0610A0E10830A0E10420A0E11F
S31580E04A70980405E000008DE50600A0E1CF6100EB3B
S31580E04A800C309DE5066085E0008083E508309DE595
S31580E04A900000A0E300608AE5004083E510D08DE267
S31580E04AA0F08DBDE8640EE38010E9E280540EE38089
S31580E04AB0580EE380040052E34100001AF8452DE9E0
S31580E04AC00210A0E1000093E50370A0E1241700EB5B
S31580E04AD0006050E23C0000BA040097E50010A0E3D5
S31580E04AE01020A0E3976F00EBE4809FE50010A0E341
S31580E04AF01020A0E300A098E50050A0E1080097E52B
S31580E04B00906F00EB0010A0E31020A0E3008098E512
S31580E04B100040A0E10C0097E58A6F00EB007050E260
S31580E04B200200001AAC009FE5AC1700EB260000EA15
S31580E04B30084084E00400A0E10D2200EB0A5085E005
S31580E04B40000050E30C00000A8C009FE5A31700EB01
S31580E04B500410A0E10500A0E1960702E0172200EB31
S31580E04B60004050E20100000A692200EB160000EAEC
S31580E04B7068009FE5991700EB0F0000EA0410A0E1BA
S31580E04B80055064E0017057E2053081E00A00003AA2
S31580E04B90040056E300309305003081050400000AE6
S31580E04BA0020056E3B030D3010530D117B030C101F1
S31580E04BB00030C115061081E0F1FFFFEA0000A0E3B6
S31580E04BC0F885BDE80000E0E31EFF2FE10100A0E3E9
S31580E04BD0F885BDE8580EE380B673E280C773E2805D
S31580E04BE069D9E280020052E3000000CA291500EA92
S31580E04BF0F0412DE9040093E50250A0E10010A0E326
S31580E04C001020A0E30340A0E14E6F00EB64309FE507
S31580E04C100010A0E3006093E51020A0E3066080E04A
S31580E04C20080094E5476F00EB0610A0E10080A0E164
S31580E04C300820A0E10000A0E30E6100EB0610A0E1F1
S31580E04C40082086E00070A0E10730A0E128009FE51B
S31580E04C506E1700EB030055E30400000A0C0094E5B0
S31580E04C600010A0E31020A0E3366F00EB007080E533
S31580E04C700000A0E3F081BDE8580EE380D973E280BE
S31580E04C80020052E3F34D2DE90000E0135200001AD2
S31580E04C904C819FE54CA19FE5016011E203B0A0E164
S31580E04CA00070A0E1004098E500509AE50B00001AFC
S31580E04CB0000093E50410A0E3A91600EB005050E253
S31580E04CC03F0000BA04009BE50610A0E11020A0E3B7
S31580E04CD01C6F00EB10319FE5004093E5044080E0D7
S31580E04CE0343099E57F3483E2030054E1FC609F959C
S31580E04CF01100009AF8109FE5F8009FE5431700EB56
S31580E04D002F0000EA411700EBEC009FE5962900EBC7
S31580E04D10000050E32C00000A010050E31300001A63
S31580E04D200030D6E52D0053E31000001A000057E36B
S31580E04D300100000A003065E2034084E00410A0E14F
S31580E04D40B8009FE5311700EB040055E3B0009F05FE
S31580E04D5000109405EAFFFF0A020055E3A4009F05D0
S31580E04D60B010D401A0009F150010D415E4FFFFEA2F
S31580E04D7078009FE504108DE21020A0E3F16E00EB51
S31580E04D8004309DE5063053E00900000A040055E34F
S31580E04D90000084050200000A020055E3B000C40169
S31580E04DA00000C415000057E305408410000053E37B
S31580E04DB0E1FFFF1A004088E500508AE50000A0E3A5
S31580E04DC0050000EA0100A0E3030000EA000057E3E3
S31580E04DD0D9FFFF0A0530A0E1D6FFFFEA08D08DE2D1
S31580E04DE0F08DBDE8600EE3805C0EE380580EE380D4
S31580E04DF0F83FE3808B55E2802A73E2801774E28085
S31580E04E00FE73E2800574E2800B74E2801174E280C6
S31580E04E100100A0E399FFFFEA0000A0E397FFFFEA25
S31580E04E20010052E3FF4D2DE9C40000DA2C649FE5D2
S31580E04E300350A0E1003096E50270A0E1000053E364
S31580E04E40050000AAB53D00EB000050E30030A0C3AA
S31580E04E50003086C508049FD52C0000DA040095E56D
S31580E04E6000149FE5D76A00EB004050E20D00001A7F
S31580E04E70020057E3B100001A000096E5023900EB24
S31580E04E80003050E2D4339F05DC039F050010930584
S31580E04E90A700000A344083E5573D00EB004090E2EE
S31580E04EA00140A013EA0000EA040095E5BC139FE503
S31580E04EB00420A0E3CE6A00EB004050E21500001A21
S31580E04EC0020057E39D00001A000096E5EE3800EBFD
S31580E04ED088539FE5000050E38C039F0500109505FD
S31580E04EE09300000A443D00EB000095E5663D00EB4B
S31580E04EF0003050E20400000A0B30D3E5FF0053E3B4
S31580E04F000100000A3D3400EBD10000EA60039FE532
S31580E04F10B21600EB870000EA040095E554139FE59E
S31580E04F20A86A00EB004050E20400001A020057E352
S31580E04F308200001A0A00A0E35E3D00EBC40000EAAE
S31580E04F40040095E530139FE59E6A00EB004050E251
S31580E04F504400001A020057E3008096050600000A26
S31580E04F60030057E30600001A080095E50410A0E167
S31580E04F700A20A0E3736E00EB0080A0E10050E0E33E
S31580E04F800F0000EA040057E36C00001A080095E57C
S31580E04F900410A0E10A20A0E36A6E00EB0410A0E111
S31580E04FA00A20A0E30080A0E10C0095E5656E00EBA9
S31580E04FB0070050E30050A0E10710A0C3BC029FC5E4
S31580E04FC05B0000CA0800A0E1AF3800EB007050E259
S31580E04FD094029F050810A0015500000A063D00EBEB
S31580E04FE0010075E31200000A8630D7E5FF0053E33F
S31580E04FF00200001A88029FE5841600EB4D0000EA65
S31580E050008730D7E5030055E10900000A0510A0E1E5
S31580E050100800A0E1273900EB0510A0E1000050E38D
S31580E050208750C7055C229F055C229F155C029FE541
S31580E05030761600EB8630D7E5008086E5FF0053E301
S31580E050400300001A0810A0E144029FE56F1600EB0A
S31580E050507F0000EA0810A0E18720D7E534029FE5CB
S31580E050606A1600EB7A0000EA050057E30A00001AA8
S31580E05070040095E520129FE5526A00EB000050E3BC
S31580E050800D00000A040095E510129FE54D6A00EBDD
S31580E05090000050E32B00000A280000EA040057E3F2
S31580E050A02600001A040095E5F4119FE5456A00EBB9
S31580E050B0000050E32500000A200000EA01A0A0E3FA
S31580E050C0000096E5703800EB03005AE300B0A003D9
S31580E050D00230A0030080A0E10500000A080095E503
S31580E050E00010A0E31020A0E3166E00EB0330A0E3EF
S31580E050F000B0A0E1030195E70010A0E31020A0E353
S31580E051000341A0E10F6E00EB044085E00010A0E3D0
S31580E051101020A0E30C008DE5040094E5096E00EB19
S31580E05120000058E3001096050070A0E138019F0565
S31580E051300800001A351600EB0140A0E3440000EABF
S31580E051400040E0E3420000EA02A0A0E3DBFFFFEAE2
S31580E0515003A0A0E3D9FFFFEA0C309DE500708DE562
S31580E05160002096E5041095E538019FE5271600EBCB
S31580E051700800A0E1A03C00EB02304AE2010053E3E4
S31580E051800700008A0800A0E19F3700EB010050E3AA
S31580E051900040A0E10200001A0C019FE51B1600EB1F
S31580E051A02B0000EA343099E57F3483E203005BE14B
S31580E051B0F8009F85F8109F85DDFFFF8A02005AE39D
S31580E051C00C00000A03005AE31100000A0C109DE56A
S31580E051D03CC198E5000096E50720A0E10B30A0E110
S31580E051E03CFF2FE18714A0E10040A0E10B00A0E1A5
S31580E051F01DF0FFEB0C0000EA40C198E5000096E563
S31580E052000C109DE50720A0E10B30A0E13CFF2FE1EB
S31580E05210040000EA443198E5000096E50C109DE52F
S31580E052200720A0E133FF2FE10040A0E154C09FE5D5
S31580E05230070054E10410A0E14C309FE574009FE53F
S31580E052400C30A001042095E5F01500EB074054E012
S31580E052500140A0130400A0E110D08DE2F08DBDE8FE
S31580E0526014E9E2809076E280A976E280B076E28008
S31580E052703C82E280CA76E2806BC3E280DF76E280BF
S31580E05280E376E2800A77E2808776E2808A76E28059
S31580E052902C77E2804A77E2806377E2808577E280E6
S31580E052A08A77E2809077E2809677E280C377E280C1
S31580E052B02A73E2809355E280E477E28013402DE919
S31580E052C054419FE5003094E5000053E30A0000AACC
S31580E052D0923C00EB000050E3040000DA0010A0E30B
S31580E052E038019FE5001084E5C81500EB020000EA6E
S31580E052F02C019FE5B91500EB440000EA000094E537
S31580E05300E13700EB004050E23C00000A14019FE5E3
S31580E05310B21500EB0400A0E1373C00EB081084E214
S31580E0532004019FE5B91500EB7710D4E5FC009FE515
S31580E05330B61500EB741094E5F4009FE50114A0E146
S31580E053402118A0E1B11500EB782094E57410D4E53E
S31580E053502204A0E1FF0000E22238A0E100008DE512
S31580E05360FF0002E2FF3003E2222CA0E104008DE59B
S31580E05370C0009FE5A51500EB881094E5B8009FE591
S31580E05380A21500EB8C1094E5B0009FE59F1500EB2D
S31580E05390303094E5A8C09FE5020813E32324A0E11A
S31580E053A0A0109FE5FF3003E20C10A0010F2002E27F
S31580E053B094009FE5951500EB401094E58C309FE5D1
S31580E053C08C209FE5000051E30210A0110310A0019C
S31580E053D080009FE58D1500EB7C009FE57F1500EB57
S31580E053E0D809C4E174209FE5285F00EB70009FE553
S31580E053F0441094E5851500EB0000A0E3040000EA84
S31580E0540014309FE55C009FE5001093E57F1500EB87
S31580E054100100A0E308D08DE21080BDE814E9E280C7
S31580E054200178E2809076E2802A78E2804578E280B0
S31580E054305178E2806678E2806F78E2808278E280F6
S31580E054409278E280F677E280FAA3E280A478E2803E
S31580E05450FE77E280FA77E280B678E280C978E28009
S31580E054604BCCE280D478E280B076E28070402DE961
S31580E054700050A0E1000090E50060A0E3004090E5E8
S31580E05480050050E10800000A060090E8042081E566
S31580E05490001082E5006080E5046080E5B51600EBEB
S31580E054A00400A0E1004094E5F4FFFFEA7080BDE8E7
S31580E054B010402DE90020A0E30140A0E1776D00EBEC
S31580E054C0002094E50030D2E54D0053E30E00000A5B
S31580E054D00400008A470053E30800000A4B0053E3C8
S31580E054E00C00000A1080BDE86B0053E30900000A57
S31580E054F06D0053E30400000A670053E31080BD1893
S31580E055000115A0E1201B81E10005A0E10115A0E1E4
S31580E05510201B81E10005A0E1012082E20115A0E1E6
S31580E05520201B81E1002084E50005A0E11080BDE834
S31580E05530F0402DE90361C2E30070A0E3071096E135
S31580E05540222FA001032182015C109F05233FA00149
S31580E055501300000A54609FE50070A0E3026006E055
S31580E05560037007E0071096E1222AA0010326820154
S31580E055703C109F05233AA0010900000A34609FE5AC
S31580E055800070A0E3026006E0037007E0071096E192
S31580E055902225A00120109F0520109F15032B820154
S31580E055A02335A001F040BDE8746D00EA227AE280FE
S31580E055B0FFFF0F00287AE280FF0300002E7AE28068
S31580E055C0347AE280E8329FE5F04D2DE9002093E5DC
S31580E055D030D04DE2030052E100308DE5D4329F05B4
S31580E055E00040A0030040C305A400000AC4029FE572
S31580E055F0C4129FE5616D00EB00309DE5BC429FE5FE
S31580E05600007093E5B8629FE500309DE5030057E1C1
S31580E056109300000A083097E5180093E50F6900EBE0
S31580E0562001A080E204005AE10080A0E18F00008AB8
S31580E05630083097E50600A0E1181093E50820A0E180
S31580E05640806900EB3A30A0E30830C6E707B0A0E116
S31580E05650085086E00080A0E31060BBE504406AE085
S31580E05660015085E208A0A0E10B0056E16F00000A38
S31580E05670183096E504308DE51C3096E508308DE5EA
S31580E0568010008DE2D021C6E1A8FFFFEB10008DE28D
S31580E05690F26800EB018088E2040050E10030A0E18E
S31580E056A07200008A0320A0E10500A0E110108DE2DF
S31580E056B00C308DE5636900EB0C309DE508209DE5B7
S31580E056C0035085E0044063E004309DE5023093E1D9
S31580E056D00130A0130030A00300005AE30030A0138D
S31580E056E001300302000053E30900001A00005AE388
S31580E056F01D00000AD821CAE1D001CAE1020090E08B
S31580E057000310A1E0D821C6E1030051E10200500177
S31580E057101500000A0C009DE910008DE283FFFFEB87
S31580E0572010008DE2CD6800EB013080E2040053E1A9
S31580E0573000A0A0E108308DE54C00008A01C085E23A
S31580E057404020A0E30020C5E50C00A0E110108DE22A
S31580E057500A20A0E104C08DE53A6900EB04C09DE52E
S31580E0576008309DE50A508CE0044063E00C30D6E5D5
S31580E05770000053E31500001A080096E5B76800EBD1
S31580E0578002C080E204005CE100A0A0E108C08DE5F3
S31580E057903600008A013085E22820A0E30020C5E5B6
S31580E057A00300A0E10A20A0E1081096E504308DE52B
S31580E057B0246900EB04309DE508C09DE50A5083E04E
S31580E057C02920A0E3015085E204406CE00A20C3E78B
S31580E057D0243096E5000053E30800000A010054E314
S31580E057E02200009A0530A0E17220A0E30220C3E403
S31580E057F06F20A0E30120C5E5024044E20350A0E12A
S31580E05800BC30D7E1080053E10500009A000054E37C
S31580E058101600000A2C30A0E30030C5E5014044E2E2
S31580E05820015085E206A0A0E1006096E58DFFFFEAE3
S31580E05830003097E500209DE50560A0E1020053E198
S31580E058400500000A000054E30800000A3B30A0E3AC
S31580E05850016085E2014044E20030C5E5007097E5ED
S31580E0586068FFFFEA0040A0E30040C6E5030000EAE7
S31580E0587040309FE50020A0E30140A0E30020C3E59F
S31580E0588030109FE5013024E20020D1E534009FE529
S31580E05890000052E30030A00301300312000053E31E
S31580E058A00310A001590A00EB0400A0E130D08DE29C
S31580E058B0F08DBDE80811E380FC0EE380E6DCE28053
S31580E058C0FF010000050FE380F25DE280F8402DE9FC
S31580E058D054309FE50070A0E3004093E50350A0E1DB
S31580E058E0006094E5050054E10B00000A0C0094E8A2
S31580E058F0100084E2043082E5002083E5007084E5D0
S31580E05900047084E5D8FEFFEB0400A0E1991500EB76
S31580E059100640A0E1006096E5F1FFFFEA004084E5FD
S31580E05920044084E50000A0E3F880BDE80811E38048
S31580E05930020050E31F402DE90240A0E10130A0E1E2
S31580E059404C209F050300000A48C09FE5040050E311
S31580E0595044209FE50C20A00140109FE50D00A0E1CA
S31580E05960866C00EB0D00A0E1A73E00EB010A70E338
S31580E05970000084E50000A0930300009A20009FE5E4
S31580E059800D10A0E1211400EB0100A0E310D08DE220
S31580E059901080BDE809D1E2803D7AE280397AE28002
S31580E059A0457AE2804A7AE280D021C1E1F04D2DE964
S31580E059B00140A0E10010E0E30050A0E1010053E1E6
S31580E059C00000E0E30000520130D04DE2D061C5E155
S31580E059D0D821C4E10200001A020056E00310C7E0B5
S31580E059E0F001C4E1070053E1060052010400009A89
S31580E059F0F060CDE1181095E5E4029FE5031400EB35
S31580E05A00B30000EAD001C4E102A090E003B0A1E0D7
S31580E05A1003005BE102005A010900008A0820D5E50F
S31580E05A20020052E3BC129F050300000AB8329FE5EC
S31580E05A30040052E3B4129FE50310A001B0029FE593
S31580E05A40A00000EA07005BE106005A010300009A25
S31580E05A50181095E59C029FE5EC1300EB9C0000EAAC
S31580E05A6030208DE20030A0E3143022E50800D5E551
S31580E05A700910D5E5ADFFFFEB006050E29400001A17
S31580E05A801CC09DE534809CE510709CE5000058E3E1
S31580E05A90287084E53C00001A1C1094E50630A0E1ED
S31580E05AA00120A0E1188094E5033092E120808DE525
S31580E05AB024108DE50900001A0800A0E10710A0E196
S31580E05AC0467700EB0800A0E101A0A0E10710A0E185
S31580E05AD0187700EB0010A0E3F002CDE1030000EAC6
S31580E05AE020008DE20710A0E1205E00EB00A0A0E19F
S31580E05AF000005AE30900000A0820D5E5020052E3D7
S31580E05B00E0119F050300000ADC319FE5040052E3C3
S31580E05B10D8119FE50310A001DC019FE5690000EA4A
S31580E05B20141094E51C309DE50120A0E1107093E50A
S31580E05B300A30A0E1108094E5033092E128808DE57B
S31580E05B402C108DE50900001A0800A0E10710A0E1FD
S31580E05B50227700EB0800A0E101A0A0E10710A0E118
S31580E05B60F47600EB0010A0E3F802CDE1030000EA52
S31580E05B7028008DE20710A0E1FC5D00EB00A0A0E12B
S31580E05B8000005AE34600001A520000EA0600A0E14F
S31580E05B90080050E11B0000AA1830A0E3900303E060
S31580E05BA038109CE500E0A0E3032081E0037091E7F4
S31580E05BB00C3092E510208DE514308DE514309DE5AE
S31580E05BC003005EE10D00000A0720A0E10030A0E3BB
S31580E05BD0F820CDE1D8A0CDE1D821C4E10B0053E196
S31580E05BE00A00520100C0A0032100000A10309DE5A2
S31580E05BF001E08EE2083093E5037087E0EEFFFFEA8E
S31580E05C00010080E2E1FFFFEA0820D5E5020052E3E9
S31580E05C10D0109F050300000ACC309FE5040052E3D4
S31580E05C20C8109FE50310A001D0009FE5250000EA9B
S31580E05C30D0A1C4E1D820CDE10A2092E00B30A3E0E8
S31580E05C4000B0A0E30B0053E1000052012100000AFE
S31580E05C5008A091E501E08EE20A0080E007005EE1BF
S31580E05C60F2FFFF1A01C08CE208005CE1181081E2C5
S31580E05C70030000AA000091E50C7091E500E0A0E346
S31580E05C80F5FFFFEAD0A1C4E1D820CDE10010A0E382
S31580E05C900A2092E00B30A3E0010053E100005201BC
S31580E05CA00C00000A0820D5E5020052E334109F0577
S31580E05CB00300000A30309FE5040052E32C109FE594
S31580E05CC00310A00138009FE50920D5E5083094E56A
S31580E05CD04E1300EB0160A0E30600A0E130D08DE238
S31580E05CE0F08DBDE8607AE28009D1E2803D7AE2809B
S31580E05CF0397AE2808C7AE280AF7AE280D47AE28086
S31580E05D00397BE2800A7BE28040209FE504E02DE556
S31580E05D10003092E5020053E10800000A08C093E5EE
S31580E05D2008E0DCE500005EE10200001A09C0DCE57F
S31580E05D3001005CE10300000A003093E5F4FFFFEA2E
S31580E05D400000A0E304F09DE40300A0E104F09DE4FC
S31580E05D500811E380F7402DE90370A0E10030A0E36D
S31580E05D600030C2E50140A0E10250A0E1E4109FE5E9
S31580E05D700420A0E30060A0E104008DE51C6700EB51
S31580E05D80000050E30500001A0230A0E30030C5E5CC
S31580E05D9004309DE5043083E204308DE5170000EAA7
S31580E05DA004009DE5B0109FE50320A0E3106700EBBB
S31580E05DB0000050E304209D050130A0030030C505B6
S31580E05DC0032082020900000A04009DE58C109FE50D
S31580E05DD00720A0E3066700EB000050E30500001A09
S31580E05DE004209DE50430A0E3072082E20030C5E58B
S31580E05DF004208DE5010000EA64009FE5060000EAE4
S31580E05E0004009DE55C209FE50030D0E50330D2E7D5
S31580E05E10040013E30400001A4C009FE50610A0E19D
S31580E05E20FA1200EB0100A0E3080000EA04108DE21C
S31580E05E300020A0E3C36A00EB000054E304309D1524
S31580E05E400000C7E50000A0130400A001003084151F
S31580E05E500CD08DE2F080BDE809D1E280397AE2802B
S31580E05E603D7AE280707BE2801A57E2808D7BE28029
S31580E05E7007402DE9000050E31C00000ABC30D0E169
S31580E05E80030051E10030A0311000B3350020A0338B
S31580E05E901300003A080090E50820D0E5020052E3BE
S31580E05EA050209F050400000A4CC09FE54C309FE5DA
S31580E05EB0040052E30320A0010C20A0110930D0E5B4
S31580E05EC0180090E500008DE534009FE5CF1200EBE9
S31580E05ED0050000EA010052E10400000A000090E5B6
S31580E05EE0012082E2030050E1F9FFFF1A0000A0E3FF
S31580E05EF00CD08DE204F09DE409D1E280397AE2802B
S31580E05F003D7AE280AC7BE280FF4D2DE903A0A0E103
S31580E05F1080319FE500B0A0E1007093E50160A0E1EB
S31580E05F200250A0E100C0A0E3030057E10020A0E317
S31580E05F301500000A00C0C5E5007086E5108097E58B
S31580E05F40002096E5102082E2020058E10C00000A6B
S31580E05F5000808AE50B10A0E1080098E508108DE83E
S31580E05F60986600EB004050E24700000A0020D5E545
S31580E05F7008109DE8012082E20020C5E5008098E5D2
S31580E05F80EEFFFFEA007097E5E6FFFFEA10708DE22C
S31580E05F90002086E504B027E500208AE50B00A0E135
S31580E05FA00020C5E50710A0E10A208DE20B308DE2E6
S31580E05FB067FFFFEB004050E23200001A0C309DE5AF
S31580E05FC0010083E20C008DE50020D3E52C0052E34E
S31580E05FD00200001A0130D3E5000053E30200001A04
S31580E05FE0B4009FE5891200EB260000EA0710A0E1E5
S31580E05FF00420A0E1536A00EB0C309DE50010D3E568
S31580E06000000051E30080A0E10200000A8C009FE5D9
S31580E060107E1200EB1B0000EA0A70DDE50BB0DDE5E1
S31580E060200700A0E10B10A0E136FFFFEB000050E394
S31580E06030000086E50A00001A020057E360109F051B
S31580E060400300000A5C309FE5040057E358109FE5A3
S31580E060500310A0010B20A0E150009FE56B1200EB3E
S31580E06060080000EAFF1008E280FFFFEB000050E343
S31580E0607000008AE50080C5150300001A30009FE520
S31580E06080621200EB004086E50140A0E30400A0E157
S31580E0609010D08DE2F08DBDE80811E380DE7BE280F2
S31580E060A0FD7BE28009D1E2803D7AE280397AE28046
S31580E060B0217CE280367CE28038402DE99C309FE589
S31580E060C0004093E5000054E31D00000A90109FE530
S31580E060D00350A0E1002091E50030A0E3010052E109
S31580E060E00F00000A040052E10700001A74209FE5C1
S31580E060F074009FE50010D2E5011083E00118A0E16D
S31580E061002118A0E1570800EB050000EABC00D2E1C7
S31580E06110002092E5003083E00338A0E12338A0E157
S31580E06120EDFFFFEA3C309FE5000095E50010D3E502
S31580E061304EFFFFEB0030A0E1081093E52C009FE5D1
S31580E06140040000EA0410A0E11C009FE52F0800EBA4
S31580E0615018009FE50410A0E13840BDE82B0800EA6E
S31580E06160E80EE3800811E380FC10E380497CE2805E
S31580E06170537CE28094309FE510402DE9004093E522
S31580E0618018D04DE2000054E31800000A081094E5A8
S31580E061900820D1E5020052E374209F050400000A3E
S31580E061A070009FE570309FE5040052E30320A00174
S31580E061B00020A0110930D1E560109FE508008DE24E
S31580E061C00010D1E500108DE554109FE56B6A00EB79
S31580E061D008108DE24C009FE50C0800EB08108DE27C
S31580E061E01020A0E340009FE5ED6500EB040000EAA7
S31580E061F030009FE50410A0E1040800EB28309FE51D
S31580E062000040C3E5ABFFFFEB18D08DE21080BDE820
S31580E06210E80EE38009D1E280397AE2803D7AE28055
S31580E06220FC10E3805E7CE2804F82E280EC0EE380CD
S31580E062301C209FE508402DE90030A0E30030C2E550
S31580E0624010209FE5003082E5C9FFFFEB0840BDE8FE
S31580E062509DFDFFEAFC0EE380E80EE38038402DE901
S31580E062600040A0E1100080E27FFCFFEB0C0094E8A8
S31580E062700050A0E3043082E50400A0E1002083E53D
S31580E06280005084E5045084E53A1300EB38309FE50E
S31580E06290002093E5020054E10800001A2C109FE5E7
S31580E062A0002091E5010052E10020831520309F1502
S31580E062B0005083050050C315ADFFFFEB000000EAF8
S31580E062C07CFFFFEB0000A0E33880BDE8E80EE380CA
S31580E062D00811E380FC10E380103090E5F04D2DE965
S31580E062E0108080E20150A0E1080053E10040A0E187
S31580E062F02C0085E504108305003081050430810596
S31580E06300101084053100000AD8309FE5003093E50F
S31580E06310030050E10000A0130200001AC8309FE598
S31580E063200010D3E5D1FEFFEB103094E5080053E191
S31580E063302100000AD8A1C5E1D861C3E107005BE18D
S31580E0634006005A010500001A0B209AE10400001AA3
S31580E0635098009FE5AD1100EB0100A0E3F08DBDE86C
S31580E063601300008A042093E5045083E5003085E538
S31580E06370BC30D4E1000050E3013083E2042085E5BF
S31580E06380005082E5BC30C4E11300000AD821C0E1A8
S31580E06390030057E1020056010F00008A48209FE57E
S31580E063A00030D2E5013083E20030C2E570FFFFEBDA
S31580E063B00A0000EA003093E5DBFFFFEA142094E56B
S31580E063C0145084E5003085E5042085E5005082E5BB
S31580E063D0BC30D4E1013083E2BC30C4E135FFFFEB71
S31580E063E00000A0E3F08DBDE8E80EE380FC10E380DA
S31580E063F0667CE280F04D2DE940D04DE238308DE28A
S31580E0640038308DE53C308DE50030A0E3003082E524
S31580E0641028208DE5002051E2003082153A10A0E375
S31580E064200050A0E120208DE5816500EB000050E37F
S31580E0643048059F052501000A44859FE5014080E2E5
S31580E06440006098E500B065E0080056E14301000A87
S31580E06450180096E5816500EB00005BE10E00001A0E
S31580E06460180096E50510A0E10B20A0E1606500EB41
S31580E06470007050E20800001A0800D6E50910D6E55B
S31580E0648020FEFFEB000050E30500001A0020A0E3A9
S31580E064900030A0E3F021CDE1070000EA006096E558
S31580E064A0E8FFFFEA143090E5D001C3E1D821C3E1EB
S31580E064B002A090E003B0A1E0F0A1CDE10030A0E33E
S31580E064C00100A0E303A0A0E1000054E3CD00000AB0
S31580E064D00030D4E5000053E33B005313C900000AC3
S31580E064E034408DE50030D4E52D0053E30500001AF5
S31580E064F0014084E20020E0E30030E0E334408DE5D3
S31580E06500F820CDE10D0000EA0400A0E134108DE230
S31580E06510E6FBFFEBF800CDE10020A0E10130A0E151
S31580E0652060049FE50010A0E3010053E10000520102
S31580E065300200008A50049FE5341100EB430000EA34
S31580E0654034009DE50030D0E5400053E30500001AB5
S31580E06550010080E240108DE20C0021E5D3FBFFEBE9
S31580E06560F801CDE1020000EA0020E0E30030E0E35C
S31580E06570F821CDE134809DE50030D8E5280053E36D
S31580E065801650A0130080A0131700001A018088E23D
S31580E065900800A0E12910A0E334808DE5246500EBB6
S31580E065A0000050E30040A0E134008DE50300001ACE
S31580E065B0D8039FE5151100EB04B0A0E1370000EAAF
S31580E065C0005068E0015085E2010055E30140801209
S31580E065D034408D150400001AB4039FE50040A0E323
S31580E065E00A1100EB04B0A0E1650000EAA4139FE580
S31580E065F034009DE50220A0E3FD6400EB000050E35B
S31580E0660034309D050030A0130230830234308D058E
S31580E0661034409DE50130A0030010D4E524308DE5BB
S31580E066202C0051E30B00001AD820CDE10010E0E306
S31580E06630010053E10000E0E30000520101408412D2
S31580E0664034408D150C00001A4C039FE5EF1000EBEB
S31580E066500040A0E3D7FFFFEA3B0051E3000051137F
S31580E0666001B0A00300B0A0130300000A2C039FE54D
S31580E06670E61000EB0B40A0E1080000EA302085E25E
S31580E066800200A0E12C208DE5C71200EB2C209DE5D1
S31580E0669000B050E20300001A04039FE5DB1000EB34
S31580E066A00150A0E3360000EA0010A0E34E6500EB5F
S31580E066B0D820CDE130008BE2F021CBE1D821CDE1CD
S31580E066C0000058E3F821CBE124309DE524308BE5CA
S31580E066D008008BE50400000A0810A0E1012045E2ED
S31580E066E0AF6400EB0030A0E3050000EAD821CDE1FD
S31580E066F0B0129FE5F020CDE1D820CDE11F6900EB17
S31580E067000130A0E30C30CBE508309BE598129FE59D
S31580E06710055083E00030A0E3013045E508009BE5C5
S31580E0672000B08BE504B08BE50620A0E3B06400EB17
S31580E06730000050E30500001A18109BE56C029FE507
S31580E06740D00600EB68029FE510109BE5CD0600EBD6
S31580E0675008009BE55C129FE50320A0E3A46400EBC0
S31580E06760005050E20050A0130500001A18109BE577
S31580E0677044029FE5C30600EB40029FE510109BE5CF
S31580E06780C00600EB00005BE301508503010015E3E2
S31580E067901E00001AD821CBE10010E0E30000E0E320
S31580E067A0010053E100005201D021CD01F821CB0157
S31580E067B00600A0E10B10A0E1F820CDE179FCFFEB2B
S31580E067C000C050E21100001AD820CDE1D001CBE123
S31580E067D0020090E00310A1E03C309DE538208DE298
S31580E067E03CB08DE50C008BE800B083E501308AE2B1
S31580E067F00338A0E12338A0E1F001CDE103A0A0E1D8
S31580E068000C00A0E12FFFFFEA010050E30200001A2E
S31580E0681038008DE214FBFFEB540000EA00005AE3F7
S31580E068200C00001A0820D6E5020052E390119F057D
S31580E068300300000A8C319FE5040052E388119FE54E
S31580E068400310A0010920D6E5183096E57C019FE586
S31580E068506E1000EB450000EA000054E31600000AE3
S31580E068600010D4E53B0051E30400001A20309DE59A
S31580E06870000053E3014084120500001A0E0000EA8E
S31580E06880000051E30400001A20309DE5000053E348
S31580E068900900000A004083E5070000EA30019FE531
S31580E068A05A1000EB20309DE5000053E320209D1533
S31580E068B00030A013003082152C0000EA1800A0E317
S31580E068C0391200EB004050E20200001AD0009FE54A
S31580E068D04E1000EB250000EA0010A0E31820A0E3AC
S31580E068E0C16400EB086084E540608DE2004084E5A9
S31580E068F0081036E5103084E2103084E5008091E5BA
S31580E069000050A0E3BC50C4E1143084E5044084E543
S31580E06910060051E10E00000A0C0091E80400A0E1B7
S31580E06920043082E5002083E5005081E5045081E56E
S31580E0693068FEFFEB000050E30200000A0400A0E1DD
S31580E0694045FEFFEB090000EA0810A0E1008098E52B
S31580E06950EEFFFFEA28309DE5004083E5040000EA8B
S31580E0696070009FE50B10A0E10520A0E1271000EB69
S31580E069700170A0E30700A0E140D08DE2F08DBDE894
S31580E06980D37EE2800011E380FF0F00008F7CE280FF
S31580E06990B07CE280D67CE280EC7CE280EF7CE280B8
S31580E069A0207DE280537DE280627DE280747DE280BC
S31580E069B07B7DE280897DE280957DE280997DE280C3
S31580E069C0A47DE28009D1E2803D7AE280397AE28074
S31580E069D0AD7DE280D17DE280017EE280F04D2DE9E1
S31580E069E0F8559FE543DE4DE2004095E5000054E32F
S31580E069F01300001AE8359FE50410A0E1003083E536
S31580E06A00043083E5DC359FE58020A0E3D8059FE56B
S31580E06A10003083E5043083E5736400EB0410A0E185
S31580E06A20022CA0E3C4059FE56F6400EBC0059FE5FB
S31580E06A300410A0E11020A0E36B6400EB0130A0E33A
S31580E06A40003085E5AC059FE5030700EB043099E56A
S31580E06A500080A0E1800013E39C059FE50200000A28
S31580E06A60FD0600EB0050A0E1030000EA30108DE265
S31580E06A70022CA0E3C60600EB30508DE27C059FE554
S31580E06A80F50600EB0030A0E32030CDE5004050E293
S31580E06A900600000A68159FE568059FE5DB0F00EBB9
S31580E06AA020008DE20410A0E11020A0E3BC6300EB9F
S31580E06AB0000058E30300001A38059FE548159FE576
S31580E06AC0D20500EB40859FE50800A0E1E36300EB9B
S31580E06AD07F0050E334059F858010A0830A00008AFA
S31580E06AE0000055E30200001A24059FE5C70F00EB7E
S31580E06AF0080000EA0500A0E1D86300EB020C50E351
S31580E06B000400003A0C059FE5021CA0E3BF0F00EBF2
S31580E06B100100A0E32F0100EACC049FE50030D0E538
S31580E06B200070A0E1000053E30500001AB0449FE541
S31580E06B301C808DE5000094E500A0A0E3006090E570
S31580E06B40050000EA0810A0E19E6300EB000050E338
S31580E06B50F5FFFF1A0040A0E1780000EA040050E16A
S31580E06B600800000A0C0090E8043082E5002083E506
S31580E06B7000A080E504A080E5FE1000EB0600A0E121
S31580E06B80006096E5F4FFFFEA0030A0E30030C7E559
S31580E06B901C208DE20130A0E3004084E5044084E5DA
S31580E06BA00C208DE51C009DE5000050E30700001AEF
S31580E06BB0010053E35300000A2C049FE50810A0E18E
S31580E06BC08020A0E3766300EB0140A0E35B0000EA6F
S31580E06BD00020D0E5000052E3F4FFFF0A20308DE28A
S31580E06BE00C109DE517208DE2083043E258FCFFEB60
S31580E06BF000C050E24300001A1C309DE50020D3E53A
S31580E06C003D0052E310049F153200001A432E8DE2B8
S31580E06C10013083E21700DDE51810DDE500C222E5EC
S31580E06C201C308DE541FBFFEB000050E30E00001ABF
S31580E06C3030329DE51CA09DE5D820C3E10A00A0E1A5
S31580E06C402C10A0E3F020CDE1796300EB000050E367
S31580E06C501C008DE50600000A00C06AE0010080E2C3
S31580E06C6001B08CE21C008DE5040000EA6FFDFFEBCD
S31580E06C70A6FFFFEA0A00A0E1786300EB01B080E2BC
S31580E06C8000005BE394039F051200000A003094E560
S31580E06C901710DDE51820DDE5040053E10700000A62
S31580E06CA00800D3E5010050E10200001A0900D3E5AF
S31580E06CB0020050E10900000A003093E5F5FFFFEAA3
S31580E06CC020708BE20700A0E1371100EB006050E214
S31580E06CD08300001A48039FE54C0F00EB090000EAA9
S31580E06CE0020051E33C139F050400000A38039FE548
S31580E06CF038339FE5040051E30310A0010010A01192
S31580E06D002C039FE5410F00EB000094E50060A0E3D3
S31580E06D10005090E5040050E1D3FFFF0A0C0090E8B4
S31580E06D20043082E5002083E5006080E5046080E54C
S31580E06D30901000EB0500A0E1005095E5F4FFFFEA36
S31580E06D40A8029FE5000055E30030D0E59E00000AEA
S31580E06D50000053E30500001A18508DE533FDFFEB84
S31580E06D60000050E30600000AC8029FE5170000EA2B
S31580E06D700510A0E1136300EB043090E1F5FFFF1A04
S31580E06D80710000EA043099E5800013E30300000A0D
S31580E06D9064029FE5300600EB18008DE5040000EA0A
S31580E06DA0231E8DE250029FE5022CA0E318108DE5AC
S31580E06DB0F70500EB18009DE57C129FE50920A0E32E
S31580E06DC00B6300EB006050E20200000A6C029FE574
S31580E06DD00E0F00EB4DFFFFEA18309DE518708DE24F
S31580E06DE0093083E218308DE50130A0E318009DE597
S31580E06DF0000050E30700001A010053E32B00000A6D
S31580E06E00E0419FE5003094E5040053E12900001A53
S31580E06E102C029FE5EDFFFFEA0020D0E5000052E37B
S31580E06E20F4FFFF0A0710A0E11C208DE270FDFFEB66
S31580E06E30000050E31D00001A1C409DE5000054E36D
S31580E06E401A00000A083094E50880D3E509A0D3E566
S31580E06E500800A0E10A10A0E1AAFBFFEB000050E3E6
S31580E06E600A00000A020058E3B8119F050300000AF1
S31580E06E70B8319FE5040058E3AC119FE50310A0010B
S31580E06E800A20A0E1BC019FE5E00E00EB070000EAE6
S31580E06E9050219FE50030A0E1041092E5044082E5B0
S31580E06EA0002084E5041084E5004081E5CEFFFFEA1A
S31580E06EB085FAFFEB15FFFFEA0510A0E1022CA0E3BF
S31580E06EC028019FE5B66200EB7C319FE5002094E5E2
S31580E06ED0002083E574319FE50060C3E5A4FCFFEB09
S31580E06EE0190000EA0010A0E30720A0E13E6300EB72
S31580E06EF01820DDE50920C6E51720DDE50820C6E592
S31580E06F00D020CDE1200086E2F021C6E10A10A0E1A2
S31580E06F1001204BE2180086E5A16200EB182096E599
S31580E06F200BC082E00020A0E301204CE5046086E50A
S31580E06F30041094E50230A0E1046084E5004086E533
S31580E06F40041086E5006081E515FFFFEA2030DDE587
S31580E06F50000053E31300000A20008DE290109FE5C5
S31580E06F60986200EB000050E30E00000A20008DE2FC
S31580E06F70231E8DE2082040E2043040E2E1FBFFEB95
S31580E06F80000050E30B00001ABC309FE530229DE5FF
S31580E06F90002083E5B4309FE51820DDE50020C3E5D9
S31580E06FA073FCFFEB030000EA50009FE5AA0500EBC7
S31580E06FB0004050E20100000A0000A0E3050000EA7C
S31580E06FC06BFCFFEB0400A0E1020000EA000053E363
S31580E06FD0F8FFFF0A95FCFFEB43DE8DE2F08DBDE81E
S31580E06FE01011E3800011E3800811E380680EE380EE
S31580E06FF0FC0EE380EC0EE380287EE280F25DE280A8
S31580E070004F82E280A556E2802F7EE2801C7EE2807F
S31580E070104C7EE280647EE280947EE280AE7EE28098
S31580E07020CB7EE280537DE28009D1E280397AE280CC
S31580E070303D7AE280EB7EE280257FE280E6DCE280DC
S31580E07040477FE280B27FE280797FE280E80EE3806C
S31580E07050FC10E38030402DE914D04DE20250A0E1EF
S31580E070600340A0E15CFEFFEB000050E32200001A43
S31580E07070010055E3020000CA8C009FE5630E00EB39
S31580E070801D0000EA040094E508108DE207208DE2F9
S31580E070900C308DE29BFBFFEB004050E21600001ABD
S31580E070A068309FE508209DE5002083E560309FE518
S31580E070B00720DDE50020C3E52DFCFFEB08309DE5EC
S31580E070C0082093E50810D2E5020051E344109F05BD
S31580E070D00400000A40009FE540309FE5040051E34C
S31580E070E00310A0010010A0110920D2E50730DDE5EC
S31580E070F02C009FE5450E00EB000000EA0140A0E38E
S31580E071000400A0E114D08DE23080BDE8D67FE28035
S31580E07110E80EE380FC10E38009D1E280397AE280F0
S31580E071203D7AE280F17FE280020052E3F04D2DE984
S31580E071300260A0E160D04DE20350A0E11B00001A9E
S31580E07140040093E54C159FE51E6200EB004050E29B
S31580E071500A00001A40159FE540059FE52B0400EBE9
S31580E071603C159FE53C059FE5280400EB0410A0E173
S31580E0717034059FE5250400EB17FEFFEB420100EAAC
S31580E07180040095E524159FE50E6200EB004050E291
S31580E071900600001A10FEFFEB0410A0E104059FE54F
S31580E071A01A0400EB21FCFFEB0040A0E1360100EA87
S31580E071B009FEFFEB004050E22A01001A010056E387
S31580E071C05200001AE8749FE5E8849FE5005097E551
S31580E071D0070055E12400000A08C095E50810DCE5C3
S31580E071E0020051E3D0149F050300000ACC349FE5EA
S31580E071F0040051E30810A0010310A011BC30D5E1D2
S31580E072000920DCE5B8049FE500308DE518309CE583
S31580E07210FE0D00EB05A0A0E1A8049FE5FB0D00EBC9
S31580E072201060BAE500B0A0E30A0056E10C00000A5F
S31580E07230D021C6E10B10A0E1F020CDE1D821C6E156
S31580E0724084049FE5F820CDE1243096E510308DE585
S31580E07250082096E5ED0D00EB01B08BE2006096E547
S31580E07260F0FFFFEA005095E5D8FFFFEA003095E5AC
S31580E07270050053E10100001A50049FE5E30D00EBA1
S31580E072804C649FE5000096E5000050E31C00000A90
S31580E0729040549FE50010D5E5F4FAFFEB000050E39B
S31580E072A01500000A003096E5082093E50810D2E53F
S31580E072B0020051E300149F050400000AFCC39FE529
S31580E072C0F0339FE5040051E30310A0010C10A011F8
S31580E072D008C090E50920D2E50030D5E500C08DE50F
S31580E072E0D061C0E1F860CDE1D861C0E1E8039FE517
S31580E072F0F061CDE1C50D00EB010000EADC039FE51E
S31580E07300C20D00EBD8039FE5B40D00EBDE0000EA8A
S31580E07310053046E2010053E36900008AC4139FE525
S31580E07320040095E50320A0E3B16100EB001050E294
S31580E073300100000A0040E0E3D30000EA080095E59A
S31580E073401A208DE21B308DE281FAFFEB000050E3DC
S31580E07350C400001A90339FE51A20DDE51B10DDE5B9
S31580E07360006093E5030056E1B800000A0800D6E520
S31580E07370020050E11300001A0900D6E5010050E151
S31580E073801000001A180096E5B46100EB0040A0E119
S31580E073900C0095E5B16100EB000084E0014080E2FD
S31580E073A0100095E5AD6100EBFF4004E2020080E26B
S31580E073B0004084E0140095E5FF4004E2000050E3DD
S31580E073C00200001AA90000EA006096E5E4FFFFEA01
S31580E073D0A26100EB020050E302408402FF40040217
S31580E073E03F0054E30100009A00039FE5920000EA23
S31580E073F0141095E5F8C29FE5000051E3182096E564
S31580E074000C3095E5100095E50C10A00103008DE8A1
S31580E07410E0129FE520008DE2D86500EB20008DE24A
S31580E074200010A0E31C208DE2F1FBFFEB000050E3AF
S31580E074308C00001A1C409DE5000054E38900000A98
S31580E07440083094E5106094E50800D3E50910D3E5AB
S31580E074502CFAFFEB005050E20E00001A50329FE506
S31580E07460002093E5030052E164229F0500408205F7
S31580E0747060229F050050C205042093E50150A003D9
S31580E07480044083E5000055E3003084E5042084E58C
S31580E07490004082E5600000EA080095E50610A0E17C
S31580E074A040F9FFEB000050E36C00001A0500A0E114
S31580E074B00610A0E187FBFFEB000050E35A00000ACC
S31580E074C0660000EA030056E399FFFF1A040095E59B
S31580E074D024129FE53B6100EB000050E394FFFF1A26
S31580E074E0084095E51C108DE20400A0E11B208DE2AA
S31580E074F020308DE283FAFFEB000050E35000001A63
S31580E075001C309DE5082093E50810D2E5020051E3A2
S31580E07510A4119F050400000AA0019FE594319FE530
S31580E07520040051E30310A0010010A01120009DE5A6
S31580E075300920D2E508C090E500C08DE5D041C0E1E4
S31580E075401B30DDE5F840CDE1D841C0E1AC019FE5F7
S31580E07550F041CDE12D0D00EB1C609DE520509DE5D1
S31580E07560BC40D6E1010054E30400001A0600A0E125
S31580E0757039FBFFEB000050E34300001A2A0000EAE3
S31580E075804C319FE5003093E5030056E10100000AA7
S31580E075900040A0E3140000EA38419FE50600A0E140
S31580E075A00010D4E531FAFFEB000050E3F7FFFF0A65
S31580E075B0050050E10300001A44019FE5130D00EB3E
S31580E075C00030A0E3060000EAD821C5E1D801C0E199
S31580E075D0010053E1000052010200008A0030D4E548
S31580E075E0013043E20030C4E50140A0E30C0095E8B9
S31580E075F00500A0E1043082E5002083E50030A0E3C9
S31580E07600003085E5043085E55A0E00EBBC30D6E1E6
S31580E07610000054E3013043E2BC30C6E10100000AD9
S31580E07620D3FAFFEB000000EAA2FAFFEBE4F7FFEB08
S31580E07630004050E21400000AC8009FE5F30C00EB1E
S31580E07640080000EAC0009FE50410A0E1010000EA1E
S31580E07650B8009FE5081095E5EC0C00EB010000EA28
S31580E076601C009DE5FCFAFFEB0140A0E3060000EA82
S31580E076703F0054E35BFFFF8A182096E50C3095E5E2
S31580E07680100095E568109FE55FFFFFEA0400A0E142
S31580E0769060D08DE2F08DBDE80F80E2801C7EE280D6
S31580E076A0287EE280E13CE280F25DE2804F82E28009
S31580E076B01780E2800811E3803D7AE28009D1E2809A
S31580E076C0397AE2801E80E2803F80E2806380E280D9
S31580E076D08380E280E80EE380FC10E3809A80E2809B
S31580E076E0D180E2804BCCE280F880E2800011E380BA
S31580E076F0FC80E280EEDAE2801C81E2805881E280E2
S31580E077005C81E280A481E2802881E280D781E28088
S31580E07710EF81E280F0452DE90070A0E124D04DE2D2
S31580E077205C029FE50160A0E10240A0E10350A0E198
S31580E07730C90300EB000050E30400000A0010A0E358
S31580E077401020A0E37F6400EB38329FE5000083E5FC
S31580E07750020054E30600000A030054E31D00000A19
S31580E07760010054E32800000A4F00E0E3911C00EB9F
S31580E07770230000EA040095E504108DE21020A0E3E2
S31580E07780706400EB343099E50080A0E17F3483E2D9
S31580E07790030050E10300009AEC119FE5EC019FE5C0
S31580E077A09A0C00EB160000EA044095E504A09DE5FE
S31580E077B00400A0E1A96000EB000084E000005AE14B
S31580E077C0C0319F05C8019F1500808305041095157B
S31580E077D00800001A0C0000EA0010A0E3040095E51A
S31580E077E01020A0E3576400EB98319FE5081095E5FB
S31580E077F0000083E598019FE58020A0E3896900EB9E
S31580E07800010000EA0000E0E35B0000EA5000A0E34C
S31580E07810681C00EB0700A0E1276A00EB004050E21D
S31580E07820030000AA5000E0E3621C00EB0100A0E345
S31580E07830510000EA5100A0E35E1C00EB54319FE565
S31580E07840000093E5000050E30400000A08108DE292
S31580E07850906900EB40019FE508108DE26B0200EB3A
S31580E0786038319FE5000093E5000050E30400000A0C
S31580E0787008108DE2876900EB24019FE508108DE210
S31580E07880620200EB1C119FE50030D1E5000053E376
S31580E078900100000A10019FE55C0200EB0C119FE5F8
S31580E078A00030D1E5000053E30100000A00019FE5C6
S31580E078B0560200EBFC309FE5000093E5000050E3C4
S31580E078C00400000A08108DE2726900EBE8009FE58B
S31580E078D008108DE24D0200EBE0309FE5000093E575
S31580E078E0000050E30400000A08108DE2696900EBAD
S31580E078F0CC009FE508108DE2440200EBC4309FE5A2
S31580E07900000093E5000050E30400000A08108DE2D1
S31580E07910606900EBB0009FE508108DE23B0200EB6A
S31580E07920A8109FE50030D1E5000053E30100000A8E
S31580E079309C009FE5350200EB000054E35100E00334
S31580E079400B00000A3C309FE50410A0E1000093E5BF
S31580E0795045E6FFEB5200A0E3161C00EB0600A0E133
S31580E07960001095E52FEBFFEB004050E25200E0B3CC
S31580E079705400A0A30F1C00EB0400A0E124D08DE20C
S31580E07980F085BDE8418AE280E0F4E2804F55E2800E
S31580E079902A73E280046CE680F46BE6809882E2806B
S31580E079A0A06BE680A282E280B06BE680AA82E2806B
S31580E079B0CA9A0981B382E280AC6BE680BC82E280BF
S31580E079C0FC53E680C382E2809C6BE680CC82E280D8
S31580E079D0D06BE680D282E2800010A0E10000A0E3D6
S31580E079E04BFFFFEA70402DE90060A0E10250A0E184
S31580E079F00340A0E1A300A0E3EE1B00EB0430A0E18E
S31580E07A000610A0E10520A0E10300A0E340FFFFEB24
S31580E07A100040A0E1A400A0E3E61B00EB0400A0E1A7
S31580E07A207080BDE8010052E3170000DA10402DE9CE
S31580E07A30040093E50340A0E17D5F00EB50309FE5D5
S31580E07A40000050E3000083E50100001A0000E0E357
S31580E07A501080BDE80500A0E3976900EB000050E3E5
S31580E07A60040000AA041094E528009FE5E70B00EBEC
S31580E07A700100A0E31080BDE8041094E518009FE5BE
S31580E07A80E20B00EB0000A0E31080BDE80000E0E33D
S31580E07A901EFF2FE10C9B0981D982E280FC82E28085
S31580E07AA0F8402DE90250A0E10470A0E3010055E31F
S31580E07AB00360A0E1050000CA74209FE50040A0E3D2
S31580E07AC0003092E5013083E2003082E50C0000EA86
S31580E07AD00410B3E50020D1E52D0052E3F5FFFF1A4F
S31580E07AE0015045E20120F1E5000052E3EEFFFF0A96
S31580E07AF0660052E30670A0E3F9FFFF0A0000E0E3C8
S31580E07B00F880BDE8015045E2000055E3060000DA62
S31580E07B100400B6E51C109FE50720A0E1025900EBC2
S31580E07B20000050E30140A003F5FFFFEA0400A0E176
S31580E07B30F880BDE8DCEFE280D0F4E28008402DE911
S31580E07B405D1300EB000090E20100A0130880BDE821
S31580E07B50010052E3130000DAF0412DE90150A0E183
S31580E07B600060A0E1014042E2040093E53C109FE51D
S31580E07B700820A0E3047083E2130900EB000050E3E1
S31580E07B800600000A0CC090E50510A0E10600A0E121
S31580E07B900420A0E10730A0E1F041BDE81CFF2FE121
S31580E07BA00000E0E3F081BDE80000E0E31EFF2FE1A6
S31580E07BB0E0EFE28030402DE90030A0E32CD04DE2CA
S31580E07BC0004050E20120A0E110308DE51100000A6E
S31580E07BD01C308DE500308DE514308DE204308DE586
S31580E07BE080309FE508308DE528308DE218408DE5C0
S31580E07BF00C108DE50F0013E9945700EB14409DE5DA
S31580E07C00000054E31400000A060094E858009FE55B
S31580E07C107E0B00EB110000EA00408DE504408DE527
S31580E07C2008408DE53C009FE50A10A0E310308DE228
S31580E07C30F35800EB005050E2050000DA10009DE5B5
S31580E07C40660B00EB10009DE5CA0C00EB0500A0E199
S31580E07C50020000EA14009FE56C0B00EB0400A0E153
S31580E07C602CD08DE23080BDE8D0F4E280DB83E28008
S31580E07C70E283E280010052E3F8402DE90240A0E190
S31580E07C800A0000DA042093E50010D2E52D0051E3E6
S31580E07C900900001A0120D2E5610052E30600001ACD
S31580E07CA0014044E2043083E20010A0E3000000EAF1
S31580E07CB00810A0E3010054E30300000A0350A0E1AA
S31580E07CC00060A0E30170A0E3120000EA0000A0E3F8
S31580E07CD0B7FFFFEB001050E21200000A4C209FE550
S31580E07CE04C009FE5490B00EB0000A0E3F880BDE87F
S31580E07CF00400B5E50010A0E3ADFFFFEB000050E324
S31580E07D000300001A2C009FE5001095E53F0B00EB81
S31580E07D10016086E2017087E2040057E1F3FFFFBA73
S31580E07D200600A0E1F880BDE80400A0E1F880BDE8A7
S31580E07D30FC0F00000784E2802884E280F0452DE98C
S31580E07D40001093E50040A0E31CD04DE202A0A0E144
S31580E07D500350A0E10400A0E10480A0E10A70A0E362
S31580E07D6001A04AE200005AE3260000DA0420B5E5E5
S31580E07D700030D2E52D0053E32400001A0130F2E50D
S31580E07D80000053E3F5FFFF0A630053E30C00000AAB
S31580E07D900200008A620053E30500000A190000EA47
S31580E07DA0640053E31100000A740053E30A00000AFA
S31580E07DB0140000EA000050E30E00001A0100A0E380
S31580E07DC0030000EA000050E30A00001A0100A0E385
S31580E07DD00080A0E10070A0E3E7FFFFEA000050E347
S31580E07DE00400001A0100A0E30A70A0E3E2FFFFEAC4
S31580E07DF00140A0E3E0FFFFEA58019FE5030B00EBBB
S31580E07E000100A0E3510000EA0000E0E34F0000EA51
S31580E07E10000050E30100001A3C019FE5FB0A00EBFD
S31580E07E201020A0E3000095E50010A0E3C56200EB1A
S31580E07E3002005AE30060A0E1012680120030A01122
S31580E07E400500001A040095E50010A0E31020A0E3E9
S31580E07E50BC6200EB0050A0E1110000EA035066E04E
S31580E07E600110D3E4070051E10200001A0010D3E5C7
S31580E07E70000051E30500000A020053E1F6FFFF1A15
S31580E07E80D8009FE50116A0E3E00A00EB0156A0E3E7
S31580E07E90025085E2C8009FE50510A0E10520A0E13B
S31580E07EA0DA0A00EB000058E30F00000A0610A0E1B2
S31580E07EB00420A0E3045045E214008DE2046086E2EB
S31580E07EC0605F00EB0000A0E30610A0E10520A0E1E2
S31580E07ED0685400EB14309DE5030050E10200000A8F
S31580E07EE080009FE5BD0A00EBC4FFFFEA014024E283
S31580E07EF000408DE50040A0E304408DE508408DE537
S31580E07F0064009FE50610A0E10520A0E10730A0E12E
S31580E07F10FF5800EB040050E10800001A4C309FE562
S31580E07F2000308DE548309FE548209FE5001093E5D9
S31580E07F3044009FE544309FE5B40A00EBAFFFFFEADB
S31580E07F40043099E50400A0E1803083E3043089E5DC
S31580E07F501CD08DE2F085BDE8FF84E2804484E28037
S31580E07F602E85E2806B84E2809384E280D0F4E280A6
S31580E07F70AB55E2805C4DE680F284E280B584E280B7
S31580E07F801804000000C0A0E308402DE9012042E289
S31580E07F90000052E30D0000DA0410B3E500E0D1E51D
S31580E07FA02D005EE30900001A01E0F1E500005EE3E2
S31580E07FB0F5FFFF0A61005EE30200000A66005EE309
S31580E07FC0F8FFFF0A130000EA01C0A0E3F5FFFFEA2D
S31580E07FD0000052E30010A01301100C02000051E3F0
S31580E07FE00200000A3C009FE5C50F00EB0B0000EAAB
S31580E07FF001C02CE2000052E300C0A0D301C00CC255
S31580E0800000005CE30300000A0200A0E10310A0E1A7
S31580E08010E60F00EB010000EA0840BDE81D0800EA33
S31580E080200000A0E30880BDE86385E280F0452DE9A5
S31580E080300080A0E12CD04DE20470A0E3010058E37B
S31580E080400150A0E1080000CA046095E53D10A0E378
S31580E080500600A0E1765E00EB000050E368019F1524
S31580E080600610A0112C00001A0C0000EA0430B1E5DD
S31580E080700020D3E52D0052E3F2FFFF1A018048E2AB
S31580E080800120F3E5000052E3EBFFFF0A660052E3CE
S31580E080900670A0E3F9FFFF0A0000E0E3480000EA8B
S31580E080A028219FE5020058E3003092E5013083E223
S31580E080B0003082E5040000DA083095E5000053E3FD
S31580E080C00040A01102A0A0130600001A0600A0E15D
S31580E080D0FC109FE50720A0E1935700EB100F6FE1BE
S31580E080E0A002A0E1360000EA0A0195E75B5E00EBBC
S31580E080F001A08AE2014084E208005AE1004084E07F
S31580E08100F8FFFF1A0400A0E1270C00EB008050E2A4
S31580E081100400001ABC009FE50410A0E13B0A00EBD6
S31580E081200100A0E3260000EA081085E20830A0E11D
S31580E081300A5185E020E0A0E304C091E40120DCE47C
S31580E081400300A0E1000052E30120C3E4FAFFFF1A36
S31580E08150050051E100E0C0E5F6FFFF1A080053E1B3
S31580E081600120431514308DE204308DE560309FE5C3
S31580E0817008308DE50140A0E328308DE218608DE57A
S31580E081801C808DE500408DE50C708DE50F0013E9D0
S31580E081902E5600EB0800A0E1760B00EB14309DE54F
S31580E081A0000053E30000A0130500001A28309FE585
S31580E081B028009FE50610A0E1002093E5130A00EB76
S31580E081C00400A0E12CD08DE2F085BDE88885E280D0
S31580E081D0DCEFE280D0F4E280BE85E2805C4DE68032
S31580E081E0D885E280010052E3020000DA0200A0E1D5
S31580E081F00310A0E18CFFFFEA0000E0E31EFF2FE121
S31580E0820004309FE5000093E51EFF2FE1DCEFE2807E
S31580E082101F402DE948309FE500308DE50030A0E332
S31580E082200C308DE5043099E503008DE9800013E399
S31580E082300100A0030800000A000051E30300000AE1
S31580E082400030D1E5000053E30300A0130000001ADC
S31580E082500200A0E30D10A0E173FFFFEB14D08DE2E6
S31580E0826004F09DE40486E28010402DE90040A0E120
S31580E082700100A0E15C6200EB0010A0E10400A0E157
S31580E082801040BDE8E1FFFFEA10402DE918D04DE24D
S31580E082900120A0E10040A0E118109FE504008DE2F6
S31580E082A0366200EB0400A0E104108DE2D7FFFFEB1D
S31580E082B018D08DE21080BDE80B86E280F04D2DE986
S31580E082C00040A0E340D04DE20250A0E100C0A0E132
S31580E082D0002093E504B0A0E10A70A0E30480A0E169
S31580E082E010208DE501A045E200005AE3360000DA71
S31580E082F0040093E5046083E20020D0E52D0052E39C
S31580E083003300001A0120F0E5000052E32600000A5F
S31580E08310630052E30B00000A0200008A620052E327
S31580E083200500000A280000EA730052E30A00000A0A
S31580E08330740052E31700000A230000EA000054E3C9
S31580E083400300000A1B0000EA000054E31900001A4B
S31580E0835001B0A0E30470A0E1110000EA02A045E2CA
S31580E0836000005AE3020000CA0C00A0E1490700EBD6
S31580E083705F0000EA080093E50010A0E31020A0E388
S31580E0838014C08DE5086083E26E6100EB14C09DE564
S31580E083900080A0E1040000EA000054E30500001A32
S31580E083A00A70A0E30140A0E3D5FFFFEA0630A0E132
S31580E083B00A50A0E1CAFFFFEA3C019FE510109DE567
S31580E083C0920900EB0100A0E3490000EA0000E0E347
S31580E083D0470000EA0010A0E31020A0E3596100EB1B
S31580E083E0000058E31C008DE50200000A0010A0E3BF
S31580E083F00820A0E1FC5D00EB000057E3025045E277
S31580E08400046086E21700000A5020A0E300808DE534
S31580E0841060008DE9E4009FE50710A0E11C308DE265
S31580E08420F75600EB002050E2070000AAD0309FE527
S31580E0843000308DE5CC309FE5CC009FE5001093E5DC
S31580E08440C8209FE5C8309FE51C0000EA20008DE249
S31580E08450C0109FE5C96100EB20108DE2B8009FE572
S31580E084606AFFFFEB210000EA1C409DE500005BE32C
S31580E0847004308412A4709FE520308D1560008DE96C
S31580E0848000708DE574009FE50010A0E35020A0E326
S31580E0849020308DE220408D05D95600EB005050E229
S31580E084A0080000AA58309FE500308DE554309FE5FE
S31580E084B054009FE5001093E550209FE560309FE5EE
S31580E084C0520900EBBEFFFFEA00005BE30400000A0E
S31580E084D00000A0E3041084E20720A0E1E55200EB6F
S31580E084E0000084E530009FE5041085E265FFFFEB40
S31580E084F00000A0E340D08DE2F08DBDE8FF84E2800D
S31580E08500D0F4E2809D55E2805C4DE6800F86E28085
S31580E08510F284E2808D0300004C86E280BF65E280D3
S31580E08520FC0F0000A1030000F8402DE9005050E266
S31580E085300140A0E10100001A0000E0E3F880BDE818
S31580E085400400A0E10070D5E5450E00EB016084E211
S31580E08550000057E10500001A0130D5E40640A0E1AD
S31580E085603D0053E3F5FFFF1A0600A0E1F880BDE881
S31580E085700030D5E5000053E3EEFFFF1A0400A0E1EA
S31580E08580370E00EB3D0050E3EAFFFF1A0600A0E15C
S31580E08590F880BDE8F04D2DE9B4A09FE50070A0E13C
S31580E085A00160A0E10280A0E10050A0E30500A0E127
S31580E085B02B0E00EB000050E30100001A0000E0E320
S31580E085C0F08DBDE80540A0E10400A0E1240E00EBBB
S31580E085D0000050E30300000A0A0054E1F6FFFFCAF8
S31580E085E0014084E2F7FFFFEA0700A0E10510A0E181
S31580E085F0CCFFFFEB000050E308B086A00650A0A1B8
S31580E0860000A066A0050000AA015084E2E6FFFFEA2A
S31580E08610130E00EB000050E30100C5E40A00000AF7
S31580E086200B0055E105008AE0054066E0F7FFFF1A9A
S31580E08630000054E30030A0130130451514009FE597
S31580E086400810A0E10720A0E1F00800EB0400A0E11B
S31580E08650F08DBDE8FF0F00005086E280043099E59A
S31580E0866010402DE9804013E228D04DE20F00000A49
S31580E086700030A0E314208DE21C308DE500308DE5DE
S31580E0868004208DE50C308DE540209FE528308DE295
S31580E0869018008DE508208DE50F0013E9EB5400EB1B
S31580E086A014009DE5000050E304009015050000EA03
S31580E086B05C1089E22020A0E3B5FFFFEB000050E3E9
S31580E086C05C0089C20400A0D128D08DE21080BDE88C
S31580E086D0D0F4E28037402DE90150A0E1DEFFFFEBE8
S31580E086E0004050E20100001A0500A0E1050000EA22
S31580E086F004108DE21020A0E3926000EB04309DE54B
S31580E08700040053E1F7FFFF0A0CD08DE23080BDE82C
S31580E0871038402DE90150A0E10240A0E1CEFFFFEB19
S31580E08720000050E30300000A0520A0E10010A0E36A
S31580E087303840BDE8836000EA0400A0E13880BDE807
S31580E08740F0412DE90140A0E194119FE5765D00EBD3
S31580E08750000050E38C019F058C119F055A2FA003E2
S31580E087600900000A010080E280119FE5FC5C00EBD5
S31580E08770005050E2C04084120A70A0130500001A2F
S31580E0878060019FE560119FE564219FE59F0800EB0E
S31580E087900000E0E3F081BDE80500A0E12810A0E359
S31580E087A0A35C00EB006050E238019F0544119F0511
S31580E087B044219F050600000A2910A0E39C5C00EB9B
S31580E087C0000050E30400001A18019FE524119FE59C
S31580E087D028219FE58D0800EB390000EA002065E05E
S31580E087E0022042E2011086E20080A0E30400A0E1DC
S31580E087F06B5C00EB4010A0E3208084E50500A0E1FF
S31580E088008B5C00EB002050E22080841503108212FE
S31580E088100B00001ACC009FE5D8109FE5E0209FE58D
S31580E08820EBFFFFEA0130D1E4300043E2090050E398
S31580E088300600008A200094E5003283E0303043E28F
S31580E08840203084E5060051E1F5FFFF3A0B0000EAAF
S31580E08850610043E2050050E3200094950032839066
S31580E0886057304392F5FFFF9A410043E2050050E31B
S31580E08870200094950032839037304392EFFFFF9A41
S31580E088800030A0E3020055E1243084E5243094E50D
S31580E088900500002A0110D5E4300041E2090050E3EA
S31580E088A09713239030304392F5FFFF9A0335A0E18A
S31580E088B0243084E54C009FE50410A0E1202094E577
S31580E088C0520800EB0000A0E320109FE5A45C00EBDB
S31580E088D0284084E2005050E2AEFFFF1A0500A0E196
S31580E088E0F081BDE8348FE280BF88E2806356E28023
S31580E088F0C394E2806F0100004C56E2802B010000B9
S31580E08900310100003B010000CF88E280F3412DE990
S31580E089100040A0E1190EA0E30160A0E1910000E033
S31580E089200210A0E10270A0E10380A0E1816B00EB80
S31580E08930000056E30050A0E11300000AC0009FE566
S31580E08940C0E09FE52814A0E12838A0E1FF1001E20D
S31580E08950FF3003E2000084E00EE084E000C0A0E1A6
S31580E089600020A0E3050052E103C08CE203804C15B1
S31580E0897002104C1501304C1501208212F8FFFF1AC7
S31580E08980030B80E20E0050E1F3FFFF1A070056E189
S31580E089901900000A70009FE50510A0E1000085E05F
S31580E089A0800080E0004084E00630A0E100708DE544
S31580E089B058009FE5192EA0E3140800EB195E65E2E6
S31580E089C00430A0E11ECB84E20000E0E30320A0E1D6
S31580E089D00010A0E3050051E1032082E20300421586
S31580E089E0020042150100421501108112F8FFFF1ABC
S31580E089F0033B83E20C0053E1F3FFFF1A08D08DE2DC
S31580E08A00F081BDE8A8AF1700A827180038E5070071
S31580E08A10DC88E280F0452DE96EDE4DE20CD04DE259
S31580E08A2020059FE50CFFFFEB005050E20400001AA2
S31580E08A3014159FE50C059FE5F4FDFFEB9E0F00EB1B
S31580E08A4004559FE50010A0E3A92FA0E344008DE242
S31580E08A50655C00EB0010A0E32020A0E324008DE21B
S31580E08A60615C00EBE4049FE5FBFEFFEB008050E2F7
S31580E08A701700000A0010A0E31020A0E3B15F00EB2E
S31580E08A80CC349FE520308DE50130A0E300308DE5E4
S31580E08A90C0649FE5C0449FE50620A0E30C308DE2EC
S31580E08AA010608DE514408DE518808DE51C508DE5D0
S31580E08AB044008DE50000A0E30010A0E1F74900EB5B
S31580E08AC0000050E30800000A90049FE590149FE5BB
S31580E08AD03F0000EA88149FE5DE20A0E30530A0E1B0
S31580E08AE080049FE5C90700EB3A0000EA44A09DE5D3
S31580E08AF074149FE50A00A0E18B5C00EB000050E374
S31580E08B000500000A167080E20700A0E15C149FE58C
S31580E08B10855C00EB002050E20300001A0A10A0E119
S31580E08B204C049FE5B90700EB2F0000EA0710A0E1AF
S31580E08B30022067E024008DE2995B00EB34049FE538
S31580E08B40C5FEFFEB24108DE20070A0E10720A0E1D6
S31580E08B5024049FE5AD0700EB000057E30800000A18
S31580E08B600710A0E124008DE2965B00EB0070A0E1A7
S31580E08B700710A0E104049FE5A40700EB000057E39B
S31580E08B80190000DAF8339FE520308DE50000A0E398
S31580E08B900130A0E300308DE50010A0E10620A0E3DF
S31580E08BA00C308DE214408DE510608DE518808DE502
S31580E08BB01C508DE5B94900EB44009DE5C4139FE563
S31580E08BC0595C00EB004050E20A00001AA0039FE5E2
S31580E08BD00510A0E18D0700EBAC139FE5AC239FE584
S31580E08BE0AC039FE5890700EBD20000EAA4039FE58A
S31580E08BF024108DE2F6FFFFEA50508DE20060A0E39C
S31580E08C002020A0E30500A0E10610A0E10060C4E515
S31580E08C10F55B00EB0500A0E124108DE25A5B00EBEA
S31580E08C2074E39FE5BACF8DE20F00BEE80F00ACE8B3
S31580E08C300F00BEE80F00ACE80F009EE874708DE28E
S31580E08C40BA5F8DE20F008CE8063195E70710A0E168
S31580E08C5044009DE533FF2FE1043097E5E4229DE56E
S31580E08C60016086E2023083E00C0056E3083087E557
S31580E08C70E4328DE50C7087E2F2FFFF1A04039FE58C
S31580E08C80765B00EB84109DE5000051E3000084E014
S31580E08C904C008DE51A00000A80409DE50010A0E3B7
S31580E08CA0044080E0012BA0E30500A0E1CE5B00EB71
S31580E08CB00470A0E10060A0E3000057E30D00000A25
S31580E08CC084309DE5030056E10A00002A0700A0E112
S31580E08CD0C8129FE5145C00EB000050E30500001A23
S31580E08CE00700A0E15D5B00EB016086E2006086E064
S31580E08CF0067084E0EFFFFFEA0500A0E10710A0E13F
S31580E08D00060000EA012BA0E30500A0E1B65B00EBDC
S31580E08D108C029FE550FEFFEB0010A0E10500A0E18C
S31580E08D20195B00EB44108DE20500A0E183FEFFEBCA
S31580E08D3070029FE548FEFFEB0010A0E3012CA0E364
S31580E08D4044408DE2416F8DE20080A0E370008DE5C6
S31580E08D500500A0E1A45B00EB1010A0E348229FE5AC
S31580E08D6048029FE569FEFFEB0010A0E36420A0E3E4
S31580E08D70FF34E0E30070A0E1E3FEFFEB30029FE525
S31580E08D800010A0E3701A00EB342094E5243096E5D9
S31580E08D90030052E10600009A0C008DE814129FE56C
S31580E08DA014229FE50630A0E110029FE5170700EB4D
S31580E08DB02E0000EA000052E32C00000A00208DE538
S31580E08DC00610A0E1202096E5F4019FE50F0700EB71
S31580E08DD00010A0E3012CA0E30500A0E1825B00EB9C
S31580E08DE0202096E5243096E5D8119FE50500A0E1A0
S31580E08DF0625F00EB0010A0E30500A0E1521A00EBF1
S31580E08E00E4229DE5381094E5000052E3343094E5A1
S31580E08E100300000AA31041E00700A0E1A8319FE526
S31580E08E20B9FEFFEB342094E5303094E500208DE503
S31580E08E304C209DE594119FE5032082E00500A0E1AA
S31580E08E40203096E54D5F00EB0010A0E30500A0E141
S31580E08E503D1A00EBE4229DE5381094E5000052E3EC
S31580E08E600200000A0700A0E15C319FE5A6FEFFEB69
S31580E08E70018088E20C0058E30C4084E2286086E2B8
S31580E08E80C0FFFF1AF00E00EB84309DE5000053E34F
S31580E08E900200001A90309DE5000053E30500000AC9
S31580E08EA070109DE5000051E30100000AF4009FE5A3
S31580E08EB0D6FCFFEB0130A0E35020DDE5000052E375
S31580E08EC00300000A50108DE2A8009FE5CFFCFFEB7F
S31580E08ED0010000EA000053E30000000A760E00EB92
S31580E08EE0EC009FE5C90600EB0340A0E36410A0E335
S31580E08EF00120A0E1D0309FE50700A0E182FEFFEBF4
S31580E08F007D0FA0E3BB5B00EB6410A0E30120A0E152
S31580E08F100030A0E30700A0E17BFEFFEB7D0FA0E33E
S31580E08F20B45B00EB014054E2EFFFFF1AA4009FE53B
S31580E08F300410A0E1041A00EB0000A0E36EDE8DE2EF
S31580E08F400CD08DE2F085BDE81789E2800E89E2805B
S31580E08F50418AE2802789E280ACD2E280B8A6E280CC
S31580E08F605389E2801F56E2802E89E2806989E28019
S31580E08F709AD4E2808089E2808F89E280A489E28047
S31580E08F80CE89E280188BE280E389E2809756E280A0
S31580E08F902A020000088AE280068BE280A03DE28019
S31580E08FA0E6DCE280F25DE280328AE2800020D083F5
S31580E08FB03E8AE2804A8AE2807D56E280E9010000CC
S31580E08FC0538AE280888AE280C28AE2802693FF0022
S31580E08FD0D58AE280ED8AE280CA61E280F0412DE9BD
S31580E08FE042DF4DE20040A0E10160A0E10270A0E135
S31580E08FF00010A0E308008DE2012CA0E304108DE5CB
S31580E09000F95A00EB0400A0E1EC109FE5465B00EB2B
S31580E09010005050E23500000A018095E23300000AF4
S31580E090200A0058E32F00000A0010A0E3012CA0E319
S31580E0903008008DE2EC5A00EB082064E00410A0E121
S31580E09040012042E208008DE2555A00EB08008DE2ED
S31580E090500610A0E1345B00EB004050E22100000AFC
S31580E090600600A0E17D5A00EB000094E00030A011FC
S31580E090701E00000A0300A0E10020D0E5013083E273
S31580E09080200052E30200001A000053E3F8FFFF1AC3
S31580E090900300A0E104108DE20A20A0E3755E00EBF8
S31580E090A004309DE5000087E5000053E20300000AF6
S31580E090B00020D0E5013083E2200052E3F9FFFF0A89
S31580E090C004108DE20A20A0E36A5E00EB0610A0E1C0
S31580E090D0002097E50030A0E1040087E51C009FE5CD
S31580E090E04A0600EB010000EA024085E2C4FFFFEA9F
S31580E090F00000A0E342DF8DE2F081BDE84BCCE28068
S31580E09100228BE2800120A0E100109FE5B2FFFFEA1A
S31580E09110338BE2800120A0E100109FE5AEFFFFEAFD
S31580E091203E8BE2800120A0E100109FE5AAFFFFEAE6
S31580E09130498BE2800120A0E100109FE5A6FFFFEACF
S31580E09140538BE2800120A0E100109FE5A2FFFFEAB9
S31580E091505D8BE2800120A0E100109FE59EFFFFEAA3
S31580E091606A8BE2800120A0E100109FE59AFFFFEA8A
S31580E09170758BE2800120A0E100109FE596FFFFEA73
S31580E09180818BE2800120A0E100109FE592FFFFEA5B
S31580E09190888BE2800120A0E100109FE58EFFFFEA48
S31580E091A0A78BE2800120A0E100109FE58AFFFFEA1D
S31580E091B0A78BE2800120A0E100109FE586FFFFEA11
S31580E091C0BB8BE280010050E3F3412DE90070A0E122
S31580E091D0540000DA0140A0E1040091E50020A0E31C
S31580E091E004108DE2D75D00EB043094E50030D3E5E2
S31580E091F0000053E30050A0E10100001A0000E0E324
S31580E092004D0000EA04009DE50030D0E53A0053E3E6
S31580E09210000053130120A0130020A003F6FFFF1ADD
S31580E092203A0053E30560A0110250A0110A00001A2B
S31580E092300130D0E5000053E3EFFFFF0A010080E252
S31580E0924004108DE2BF5D00EB04309DE50030D3E590
S31580E09250000053E30060A0E1E7FFFF1A020057E356
S31580E092603200000A080094E504108DE20020A0E3B5
S31580E09270B45D00EB083094E50030D3E5000053E3BD
S31580E092800080A0E1DCFFFF0A04309DE50030D3E5F5
S31580E09290000053E3D8FFFF1A030057E30C00000AEF
S31580E092A01020A0E30C0094E504108DE2A55D00EBB0
S31580E092B00C2094E50020D2E5000052E30030A0E1E6
S31580E092C0CDFFFF0A04209DE50020D2E5000052E3B1
S31580E092D0C9FFFF1A0500A0E10610A0E10820A0E181
S31580E092E09C3000EB007050E20500001A50009FE5CC
S31580E092F00510A0E10620A0E1C40500EB0100A0E393
S31580E093000D0000EA3C309FE5000093E50340A0E1D4
S31580E09310000050E30000000AF93100EB007084E5BC
S31580E093200000A0E3040000EA0060A0E30650A0E1AC
S31580E0933014809FE50030A0E3E5FFFFEA08D08DE2E8
S31580E09340F081BDE8F48BE2801411E38000B4C404BC
S31580E09350F0402DE90140A0E1041090E51CD04DE2FB
S31580E09360C13FA0E10371A0E10161A0E1016096E067
S31580E09370217F87E10370A7E00731A0E10621A0E124
S31580E09380062092E0263F83E10730A3E00371A0E167
S31580E093900261A0E1227F87E1062092E00730A3E028
S31580E093A083C1A0E1A2CE8CE18211A0E1045180E0EC
S31580E093B00120A0E110108DE50C60A0E10C1095E590
S31580E093C00070A0E3070096E114C08DE50115A0E1E9
S31580E093D00400001A0200A0E1D66800EB0010A0E3CA
S31580E093E0F001CDE1010000EA10008DE2DF4F00EBF5
S31580E093F010309DE5FA1FA0E38361A0E10600A0E1BD
S31580E0940000308DE5FD6800EBFA1FA0E304008DE5F2
S31580E094100600A0E1306900EB1C309FE51C009FE56B
S31580E09420042193E708108DE50410A0E10C3095E562
S31580E09430760500EB1CD08DE2F080BDE8A04BE280A3
S31580E094401D8CE28038402DE90040A0E1005090E597
S31580E09450080090E5E7DBFFEB055184E0001094E53A
S31580E094600C0085E50400A0E1B8FFFFEB0000A0E377
S31580E09470E0DBFFEB003094E5013083E2003084E509
S31580E09480080084E53880BDE8010052E3B30100DAE4
S31580E09490F04D2DE9047093E538D04DE20700A0E168
S31580E094A030179FE50340A0E1015042E2455900EBC9
S31580E094B0000050E30300001A0500A0E1041084E2F6
S31580E094C03FFFFFEBA20100EA0C679FE5003096E5DF
S31580E094D0000053E304079F055C00000A0700A0E153
S31580E094E0FC169FE5375900EB000050E30500001AB3
S31580E094F00030A0E3030055E31C308DE520308DE598
S31580E095000B0000CACE0000EA0700A0E1D4169FE572
S31580E095102C5900EB000050E3F4FFFF0A0700A0E1BE
S31580E09520C4169FE5275900EB000050E3EFFFFF0AE2
S31580E09530770000EA040094E5A4169FE50420A0E302
S31580E095402B5900EB000050E30900001A080094E56F
S31580E0955010108DE21020A0E3FA5C00EB083094E571
S31580E095600030D3E5000053E300A0A0E10E00001A2E
S31580E09570B30000EA040094E568169FE50520A0E3C1
S31580E095801B5900EB000050E3EFFFFF0A040094E56F
S31580E0959054169FE50520A0E3155900EB000050E343
S31580E095A00140A0139E00001AE7FFFFEA10309DE518
S31580E095B00030D3E5000053E3A100001A0C0094E5E7
S31580E095C010108DE21020A0E3DE5C00EB0C3094E519
S31580E095D00030D3E5000053E30050A0E19800000A94
S31580E095E010309DE50030D3E5000053E39400001A87
S31580E095F0100094E510108DE21020A0E3D15C00EB22
S31580E09600103094E50030D3E5000053E30080A0E11C
S31580E096108B00000A10309DE50070D3E5000057E32B
S31580E096208700001AC4359FE50500A0E1001093E5A8
S31580E0963014208DE218308DE2B06700EB000050E335
S31580E0964018709D0500005AE30300001AA0059FE507
S31580E09650E20400EB0100A0E35C0100EA0010A0E375
S31580E096600820A0E31C008DE25F5900EB040094E53E
S31580E096706C159FE50420A0E3DD5800EB000050E385
S31580E096800800001A000096E50A30A0E150C090E597
S31580E096900510A0E10820A0E13CFF2FE154359FE5CD
S31580E096A00040A0E1100000EA040094E538159FE54B
S31580E096B00520A0E3CE5800EB000050E32901000A24
S31580E096C0010000EA30059FE5D00400EB000096E556
S31580E096D00A30A0E154C090E50510A0E10820A0E1A1
S31580E096E03CFF2FE114359FE50040A0E110159FE592
S31580E096F0000054E30C259FE50120A00100208DE5C4
S31580E097000810A0E10520A0E1FC049FE5BF0400EB82
S31580E09710430000EA0700A0E1F0149FE5A95800EBBA
S31580E09720000050E34100001A020055E3440000DAED
S31580E09730080094E518108DE21020A0E3815C00EB30
S31580E09740083094E50030D3E5000053E30080A0E1E3
S31580E097503B00000A18309DE50030D3E5000053E376
S31580E097603700001A0C7094E51C108DE20030D7E5C6
S31580E097701020A0E32B0053E3017087020700A0E1ED
S31580E0978001A0A00300A0A0136E5C00EB1C309DE559
S31580E09790070053E10050A0E12900000A0030D3E53C
S31580E097A0000053E32600001A00005AE30600000A90
S31580E097B0003096E5143093E5000053E30120431230
S31580E097C0005082100030631203500510000096E5C9
S31580E097D0083085E00C2090E5020053E10300009A12
S31580E097E02C049FE5041094E5880400EB98FFFFEADB
S31580E097F0583090E50810A0E10520A0E133FF2FE185
S31580E09800FC239FE5FC339FE50510A0E1000050E3D3
S31580E098100040A0E10230A001F8039FE50820A0E126
S31580E098207A0400EB000094E20100A013C80000EA8D
S31580E098300700A0E1E0139FE5625800EB000050E3EB
S31580E098400100000A0000E0E3E00000EA080094E599
S31580E0985018108DE21020A0E33A5C00EB083094E526
S31580E098600030D3E5000053E30080A0E1F4FFFF0A77
S31580E0987018309DE50030D3E5000053E3F0FFFF1A92
S31580E098800C0094E518108DE21020A0E32D5C00EB2F
S31580E098900C3094E50030D3E5000053E30050A0E1BE
S31580E098A0E7FFFF0A18309DE50040D3E5000054E36A
S31580E098B0E3FFFF1A3C0600EB007050E20500000A69
S31580E098C00500A0E1380600EB00A050E20300001A94
S31580E098D00700A0E1A70500EB40039FE59A0000EAB8
S31580E098E03C139FE50520A0E1D65800EB34039FE5C5
S31580E098F000B096E5450400EB0410A0E11C20A0E34F
S31580E099001C008DE2B85800EB0400A0E1B9DAFFEB69
S31580E0991020508DE558309BE50810A0E10520A0E1B8
S31580E0992024008DE50B00A0E133FF2FE1000050E33A
S31580E09930F4029F150C00001AF0029FE5330400EB59
S31580E099401C008DE2BEFEFFEB50C09BE50B00A0E164
S31580E099500810A0E10520A0E10730A0E13CFF2FE15F
S31580E09960004050E20300000AC4029FE5270400EBB2
S31580E099700040E0E36C0000EAB8029FE5230400EBD8
S31580E099800760A0E10730A0E1050054E11400000A79
S31580E099900320A0E10010D2E5013083E2FF0051E32D
S31580E099A00D00000A0410A0E18C029FE50C208DE5F5
S31580E099B0160400EB053064E00C209DE50010A0E382
S31580E099C0400053E300108DE50400A0E10210A0E121
S31580E099D04030A0230120A0E3480000EA014084E271
S31580E099E0E8FFFFEA54029FE5080400EB1C008DE2E5
S31580E099F093FEFFEB0810A0E154C09BE50B00A0E1CD
S31580E09A000420A0E10A30A0E13CFF2FE1001050E203
S31580E09A102C029F15D4FFFF1A28029FE50C108DE5D6
S31580E09A20FA0300EB0420A0E10C109DE50700A0E11D
S31580E09A306D5800EB1C008DE281FEFFEB0420A0E177
S31580E09A4050C09BE50B00A0E10810A0E10730A0E143
S31580E09A503CFF2FE1004050E2EC019F15C2FFFF1A68
S31580E09A60E8019FE5E90300EB1C008DE274FEFFEB65
S31580E09A700480A0E10A30A0E1000000EA018088E2EB
S31580E09A80050058E11F00000A0320A0E106B0A0E12E
S31580E09A900000D2E50010DBE5013083E2010050E111
S31580E09AA0016086E2F4FFFF0A055068E00810A0E155
S31580E09AB09C019FE50C208DE5D40300EB400055E347
S31580E09AC00C209DE54050A0230040A0E30210A0E1D9
S31580E09AD00530A0E10120A0E300408DE50800A0E18B
S31580E09AE0B64D00EB6C019FE5C80300EB0800A0E1F2
S31580E09AF00B10A0E10120A0E30530A0E100408DE558
S31580E09B00AE4D00EB99FFFFEA4C019FE5BF0300EB0A
S31580E09B100050A0E30510A0E11C008DE2015085E233
S31580E09B200AFEFFEB040055E3F9FFFF1A0700A0E108
S31580E09B30100500EB0A00A0E10E0500EB000054E3FF
S31580E09B400400A0012100000A10019FE5AF0300EBAD
S31580E09B50BFFEFFEA010070E31C00001A38FFFFEA4F
S31580E09B600000E0E31EFF2FE1080057E1F0009F359B
S31580E09B70F5FFFF3A000055E30900001A000096E57C
S31580E09B800510A0E1102090E550C090E58220A0E18C
S31580E09B900A30A0E13CFF2FE1010070E3C4009F059D
S31580E09BA00700000A000096E50510A0E1583090E530
S31580E09BB00720A0E133FF2FE1000050E3C0FEFF0A5B
S31580E09BC0A4009FE50510A0E10720A0E105FFFFEADC
S31580E09BD038D08DE2F08DBDE84D8AE2801411E380C5
S31580E09BE0528CE2808577E2808A77E280808CE280A0
S31580E09BF0B008E380878CE2804D8CE2804B8DE280FA
S31580E09C00458CE2808776E2808A76E280658DE280A6
S31580E09C109077E280828DE280AE8DE2804691E2802E
S31580E09C20CE8DE28000FEDF80E68DE280F78DE280F9
S31580E09C300A8EE280198EE280318EE280458EE28065
S31580E09C40598EE280738EE280868EE280958EE28007
S31580E09C50AC8EE280BF8EE280E08EE280EB8EE280A8
S31580E09C60048FE280A68CE280D28CE280108DE28046
S31580E09C70F04D2DE980D04DE220808DE20010A0E30A
S31580E09C801020A0E30800A0E130A08DE2D65700EBDB
S31580E09C900040A0E30010A0E31020A0E30A00A0E1CA
S31580E09CA0D15700EB0400A0E10410A0E1B0229FE5CB
S31580E09CB00330A0E308408DE50C408DE5E83400EB09
S31580E09CC0006050E20400001A0610A0E10620A0E140
S31580E09CD090029FE54D0300EB920000EA80708DE2F2
S31580E09CE06030E0E3703067E50130A0E300308DE579
S31580E09CF00810A0E30430A0E10720A0E1B044CDE164
S31580E09D004240CDE5F33600EB004050E20300000A26
S31580E09D101010DDE550029FE53C0300EB190000EAF8
S31580E09D200230A0E300308DE50420A0E10600A0E14A
S31580E09D301810A0E340308DE2E63600EB004050E2BA
S31580E09D400200000A24029FE5300300EB0D0000EAE2
S31580E09D504030DDE518029FE54210DDE54120DDE596
S31580E09D602A0300EB4230DDE5180053E30700001AD2
S31580E09D704130DDE5400053E30400001A4040DDE574
S31580E09D80204054E20040E013000054E30100000A62
S31580E09D90E0019FE5230000EA4B30A0E34030CDE5CB
S31580E09DA040508DE20130A0E300308DE50600A0E171
S31580E09DB02810A0E30520A0E10430A0E14140CDE5F4
S31580E09DC04240CDE54340CDE54440CDE5C13600EBAC
S31580E09DD000B050E20400000A8C019FE50510A0E186
S31580E09DE00A0300EB0B00A0E10B0000EA0230A0E3DF
S31580E09DF000308DE50420A0E10600A0E14010A0E35C
S31580E09E0008308DE2B33600EB004050E20700000AEE
S31580E09E1064019FE5FD0200EB0400A0E1000050E351
S31580E09E200200000A54019FE5F80200EB420000EAD6
S31580E09E304C119FE50520A0E30500A0E10140A0E3E9
S31580E09E40805700EB0520A0E100408DE50600A0E10B
S31580E09E502810A0E30030A0E39E3600EB002050E21D
S31580E09E600300000A4810A0E3FC009FE5E70200EB50
S31580E09E70080000EA00408DE50600A0E18010A0E33E
S31580E09E800A30A0E1933600EB000050E30100000ABF
S31580E09E90D8009FE5DD0200EBE8109FE50F20A0E308
S31580E09EA00700A0E1675700EB0500A0E10010A0E302
S31580E09EB04020A0E34C5700EB0030A0E308208DE281
S31580E09EC00220D3E70320C5E7013083E2080053E3AD
S31580E09ED0F9FFFF1A0030A0E3032085E00310D7E7FF
S31580E09EE0013083E20F0053E30810C2E5F9FFFF1A61
S31580E09EF00500A0E11610A0E30820A0E1325600EBB1
S31580E09F000030A0E30310D8E70320DAE7020051E14E
S31580E09F100900001A013083E2100053E3F8FFFF1ACC
S31580E09F200040A0E3050000EA5C009FE5B70200EB95
S31580E09F302C009FE5A35700EBFAFFFFEA0040E0E341
S31580E09F400600A0E1B03400EB000054E3F5FFFF1A11
S31580E09F5038009FE5AD0200EB0400A0E180D08DE201
S31580E09F60F08DBDE840420F00F48BE2804B91E280B9
S31580E09F706491E2807E91E2809791E280AE91E28088
S31580E09F80B291E280D03DE2803092E280C991E28077
S31580E09F90DA91E28008402DE91C109FE51C009FE5E0
S31580E09FA09A0200EB18009FE58C0200EB14009FE517
S31580E09FB08A0200EB0000A0E30880BDE85BDDE2807A
S31580E09FC04A92E2804F92E280AB92E280F8452DE9B8
S31580E09FD0008050E20100001A0000A0E3F885BDE8A9
S31580E09FE00140A0E12E10A0E30270A0E1905600EBC4
S31580E09FF0000050E3005068100200001A0800A0E15B
S31580E0A000965600EB0050A0E11C30A0E3934727E092
S31580E0A01004A0A0E10060A0E3070054E10D00000A7F
S31580E0A0200800A0E1001094E50520A0E1705600EB61
S31580E0A030000050E30500001A000094E5875600EB27
S31580E0A040000055E10700000A016086E204A0A0E175
S31580E0A0501C4084E2EFFFFFEA010056E3DDFFFF1AD2
S31580E0A0600A00A0E1F885BDE80400A0E1F885BDE836
S31580E0A07014109FE514309FE514209FE5033061E0DE
S31580E0A0804331A0E1930202E0CFFFFFEA3C01E380A7
S31580E0A0908005E380B76DDBB610402DE90040A0E196
S31580E0A0A0001094E5102094E53C009FE5570200EB14
S31580E0A0B038009FE5001094E5540200EB140094E527
S31580E0A0C0000050E30300001A24009FE5430200EB02
S31580E0A0D00100A0E31080BDE8400200EB0A00A0E3A7
S31580E0A0E0320200EB0000A0E31080BDE8F492E2804B
S31580E0A0F0FE92E2800993E280F04D2DE91CB08DE27C
S31580E0A10010D04DE204A09BE50070A0E101005AE387
S31580E0A1100150A0E108809B150040A0130160A013C8
S31580E0A1204700001A0131A0E10A3083E20730C3E339
S31580E0A1300D60A0E103D04DE00D80A0E10030A0E30A
S31580E0A1401C10A0E3050053E1917322E0032188B758
S31580E0A150013083B2FAFFFFBA01A045E200005AE37C
S31580E0A160010000CA0040A0E3250000EA0070A0E3F9
S31580E0A1700840A0E10730A0E1002094E504C0B4E502
S31580E0A180013083E2000092E500109CE528300BE583
S31580E0A19024200BE520C00BE50A5600EB28301BE5B2
S31580E0A1A0000050E320C01BC524201BC504C004C5A5
S31580E0A1B0002084C5017087C20A0053E1EDFFFF1AD3
S31580E0A1C0000057E3E6FFFF0A01A04AE2E2FFFFEA6A
S31580E0A1D004A198E710709AE52E0200EB000050E3A8
S31580E0A1E00B00001A000057E30400000A7C009FE59C
S31580E0A1F00810A0E300209AE50730A0E1030200EB17
S31580E0A200014084E2050054E1F0FFFFBA0000A0E3DC
S31580E0A210000000EA0100A0E306D0A0E1110000EA18
S31580E0A2200400B8E50710A0E10520A0E166FFFFEB9A
S31580E0A230000050E30500000A96FFFFEB004084E152
S31580E0A240016086E20A0056E1F4FFFFBA040000EA04
S31580E0A2501C009FE5001098E5EC0100EB0140A0E3CF
S31580E0A260F6FFFFEA0400A0E11CD04BE2F08DBDE8EA
S31580E0A2702A93E2803493E28002C0A0E1DF001CE30F
S31580E0A28009C04C121CCF6F1101C0A003ACC2A01153
S31580E0A29004E02DE5010050E300E0A01301E00C02AC
S31580E0A2A000005EE304209DE53C109F1504108D15AB
S31580E0A2B038009F150800001A01C02CE2020050E326
S31580E0A2C00000A01301000C02000050E304F09D049E
S31580E0A2D014009FE504008DE5040091E50310A0E1FC
S31580E0A2E004E09DE4023CA0E3BE0700EA1813E380A5
S31580E0A2F0EEDAE280F04D2DE9F8D04DE210308DE5D2
S31580E0A300003092E514308DE510309DE50160A0E1E6
S31580E0A310003093E520149FE51C008DE50C208DE54B
S31580E0A32018308DE5A75500EB004050E20100000AA9
S31580E0A3300000A0E3FE0000EA0600A0E1C75500EBBE
S31580E0A3400610A0E1003050E208308DE5EC039FE591
S31580E0A350033086C0014053C58B5500EBDC239FE577
S31580E0A3600010A0E30150A0E10230A0E10320A0E1CB
S31580E0A3700100D3E4200050E309005013FAFFFF0AFE
S31580E0A380000050E31000000A74308DE2015081E253
S31580E0A390012183E70210A0E10130D2E4000053E31B
S31580E0A3A00900000A090053E3200053130130A0138B
S31580E0A3B00030A003F6FFFF1A200055E3012081E27A
S31580E0A3C00030C1E50510A0E1E5FFFF1A0020A0E31B
S31580E0A3D0F8308DE2053183E0020055E1842003E523
S31580E0A3E05CB39FE524208DE50400001A54339FE595
S31580E0A3F00B0053E10C00000A1C3083E2FBFFFFEA0E
S31580E0A400DF0014E30130A0030030A013010055E320
S31580E0A410013083C3000053E30600000A74009DE523
S31580E0A42012FFFFEB000050E30500001A0030A0E3C6
S31580E0A43024308DE53B0000EA090054E3F6FFFF0A8D
S31580E0A4400B0000EA18C090E500005CE3F6FFFF0A27
S31580E0A45024308DE200308DE50420A0E10500A0E106
S31580E0A46074108DE21430A0E33CFF2FE10040A0E1C0
S31580E0A4702A0000EA74709DE52E10A0E30700A0E1B3
S31580E0A4806B5500EB000050E300A067100200001A55
S31580E0A4900700A0E1715500EB00A0A0E1A8829FE54E
S31580E0A4A00040A0E31C2048E202005BE11700000ABE
S31580E0A4B01C0018E5695500EB0A0050E1110000BA6E
S31580E0A4C00700A0E11C1018E50A20A0E10A5600EB7F
S31580E0A4D0000050E30B00001A110054E3012084E2EF
S31580E0A4E0F8308DE20441A0E1044083E05C329FC510
S31580E0A4F0D43004C50240A0C1040000CA1C1018E58F
S31580E0A500D41004E50240A0E11C8088E2E4FFFFEA83
S31580E0A510F8308DE2043183E00020A0E3D42003E527
S31580E0A520000054E30400001A010055E37FFFFFCAF0
S31580E0A5300700A0E31D0100EB7C0000EA010054E384
S31580E0A5400A00001AF8308DE2055183E0880015E5AF
S31580E0A550425500EB24B09DE5F4719FE500B08BE0B9
S31580E0A5600B00A0E13D5500EB0030A0E1230000EABE
S31580E0A5704C0000DA24B09DE500005BE34900000A68
S31580E0A5800B00A0E1355500EB24208DE20070A0E1C0
S31580E0A5900440B2E5000054E30C00000A014044E2C6
S31580E0A5A00B30A0E103006BE0070050E10310A0E16F
S31580E0A5B0040000AA01C0F4E50000D1E5013083E2A1
S31580E0A5C000005CE1F6FFFF0A01706BE0EFFFFFEA57
S31580E0A5D0000057E33300000AF8308DE2055183E04E
S31580E0A5E0880015E51D5500EB073060E0000053E379
S31580E0A5F02C0000DA24B09DE50470A0E100B08BE089
S31580E0A60000005BE32700000A14109DE5042083E048
S31580E0A610025081E03C119FE5010055E1C3FFFFCA8E
S31580E0A62008109DE5010086E001C040E20B10A0E144
S31580E0A63001E06BE003005EE101E0D1B401E0ECB55E
S31580E0A640FAFFFFBA000053E3030080A0000057E35F
S31580E0A6500030A0130400000A040053E10030D7B5AF
S31580E0A6600130C0B40130A0B3FAFFFFBA0030A0E3F6
S31580E0A6700030C0E518309DE5000062E0024083E0EE
S31580E0A680D60000EB000057E30100001A0700A0E3C4
S31580E0A690C60000EB0C309DE5005083E510309DE56B
S31580E0A6A0004083E5210000EAAC009FE5EB5400EB37
S31580E0A6B04E40A0E324508DE20080A0E190009FE52B
S31580E0A6C0E65400EB0070A0E1000095E5000050E361
S31580E0A6D01000000AE15400EB07A080E00A3084E035
S31580E0A6E04D0053E3050000DA70009FE5BB0000EB08
S31580E0A6F064009FE5B90000EB084067E0010000EAEE
S31580E0A7004C009FE5B50000EB040095E4B30000EB58
S31580E0A7100A4084E0EBFFFFEA40009FE5BB0000EBE8
S31580E0A7201C009DE5AD0000EB0600A0E1AB0000EB70
S31580E0A7300100A0E3F8D08DE2F08DBDE88993E28058
S31580E0A7401811E3808005E3803C01E3805801E380D3
S31580E0A750C65EE28066D9E280FD01000030DBE28001
S31580E0A7604BCCE28038402DE90050A0E10140A0E1E9
S31580E0A770BA5400EB020050E30B0000DA000085E0FB
S31580E0A780023050E52E0053E30700001A013050E511
S31580E0A790623043E2FF3003E2150053E30400008AAF
S31580E0A7A014209FE5D30092E13880BDE80400A0E163
S31580E0A7B03880BDE80000E0E33880BDE8D250E28032
S31580E0A7C0F8452DE900A0A0E1000092E50180A0E136
S31580E0A7D00240A0E10370A0E120609DE523FEFFEB4F
S31580E0A7E0005050E20400001A001094E584009FE5D2
S31580E0A7F0860000EB0100A0E3F885BDE8043095E52E
S31580E0A800030058E1020000DA0500A0E1F845BDE862
S31580E0A81020FEFFEA000056E30200000A0000A0E303
S31580E0A820F4D6FFEB000086E50430A0E10CC095E5A8
S31580E0A8300500A0E10A10A0E10820A0E13CFF2FE19D
S31580E0A840000056E30040A0E10200000A000096E521
S31580E0A850E8D6FFEB000086E5003097E5082095E531
S31580E0A860010074E3032002E0002087E5E5FFFF0AAC
S31580E0A8700400A0E1F885BDE89193E280000051E311
S31580E0A8802200000A020050E32000008A38402DE9C9
S31580E0A8900040A0E1180091E50150A0E1000050E3FE
S31580E0A8A00200000A30FF2FE1000050E33880BDB897
S31580E0A8B060309FE5000054E3045183E70200000A1C
S31580E0A8C0010054E30700000A3880BDE8582099E586
S31580E0A8D02C1095E5041082E5583099E5282095E519
S31580E0A8E0082083E53880BDE8582099E5201095E575
S31580E0A8F00C1082E5582099E5241095E5101082E544
S31580E0A900583099E510209FE5142083E53880BDE82E
S31580E0A9100000E0E31EFF2FE13842E38010AAE080EA
S31580E0A920020050E3030000CA10309FE5003193E750
S31580E0A9302C3093E513FF2FE10000E0E31EFF2FE1CB
S31580E0A9403842E380020050E3030000CA10309FE5FE
S31580E0A950003193E7283093E513FF2FE10000E0E331
S31580E0A9601EFF2FE13842E380200099E5000050E3A6
S31580E0A9701EFF2F01043099E5020013E30100000A6F
S31580E0A9800000A0E3E5FFFFEA543100EA200099E504
S31580E0A990000050E31EFF2F01043099E5020013E327
S31580E0A9A00100000A0000A0E3E5FFFFEA503100EA7B
S31580E0A9B0202099E5000052E31EFF2F01043099E53F
S31580E0A9C0020013E30300000A0C309FE5043093E5B0
S31580E0A9D0203093E513FF2FE14A3100EA3842E380E5
S31580E0A9E0202099E5000052E31EFF2F01043099E50F
S31580E0A9F0020013E30300000A0C309FE5043093E580
S31580E0AA00243093E513FF2FE1453100EA3842E380B5
S31580E0AA100F002DE910402DE9204099E522DE4DE238
S31580E0AA20000054E30700000A8B2F8DE208008DE2D8
S31580E0AA3028129DE504208DE54F5800EB0040A0E10B
S31580E0AA4008008DE2E5FFFFEB0400A0E122DE8DE267
S31580E0AA501040BDE810D08DE21EFF2FE110402DE9B9
S31580E0AA60204099E586DF4DE2000054E30600000AC7
S31580E0AA700120A0E10010A0E10D00A0E13E5800EB2E
S31580E0AA800040A0E10D00A0E1D4FFFFEB0400A0E1CF
S31580E0AA9086DF8DE21080BDE848309FE510402DE9E5
S31580E0AAA0004093E5000054E30100000A0040A0E383
S31580E0AAB00A0000EA203099E5000053E3FAFFFF0A36
S31580E0AAC0B1FFFFEB000050E3F7FFFF0AA5FFFFEBC6
S31580E0AAD0030050E310309F050140A003004083054A
S31580E0AAE00400A0E11080BDE81C15E3801815E38022
S31580E0AAF00C309FE5002093E5000083E50200A0E1AD
S31580E0AB001EFF2FE11C15E38004309FE5000093E5EE
S31580E0AB101EFF2FE11815E38008309FE50020A0E3B3
S31580E0AB20002083E51EFF2FE11815E38010402DE914
S31580E0AB300040A0E10100A0E1B91400EB000050E381
S31580E0AB401080BD08002090E5020014E10000A0031B
S31580E0AB501080BDE8003050E210402DE90400000A84
S31580E0AB600B0000BA020053E30200A0D3010000DA32
S31580E0AB70070000EA0100A0E30340A0E1EAFFFFEB63
S31580E0AB80001050E20200000A0400A0E11040BDE897
S31580E0AB9039FFFFEA0000E0E31080BDE8F8402DE9E8
S31580E0ABA00160A0E1A0109FE50240A0E10050A0E195
S31580E0ABB00370A0E1835300EB000050E30020A00186
S31580E0ABC00B00000A0500A0E180109FE57D5300EBB5
S31580E0ABD0000050E30120A0030500000A0500A0E183
S31580E0ABE06C109FE5775300EB000050E30800001AF5
S31580E0ABF00220A0E3040099E5020010E30400000AC5
S31580E0AC00010054E30900000A0300003A020054E31D
S31580E0AC100100000A0000A0E3F880BDE80200A0E1A0
S31580E0AC200610A0E1CAFFFFEBA00FA0E1F880BDE827
S31580E0AC30020017E30200001A18009FE50510A0E164
S31580E0AC4072FFFFEB0400A0E1F880BDE8B493E280F8
S31580E0AC50BA93E280C193E2800B97E2800120A0E381
S31580E0AC60202089E50000A0E31EFF2FE110402DE9BA
S31580E0AC7084409FE584009FE558FFFFEB001094E554
S31580E0AC80000051E30200001A74009FE553FFFFEBDA
S31580E0AC90020000EA6C009FE5081081E25BFFFFEBB3
S31580E0ACA064009FE54DFFFFEB041094E5000051E35F
S31580E0ACB00200001A54009FE548FFFFEB020000EA1D
S31580E0ACC040009FE5081081E250FFFFEB40009FE5E2
S31580E0ACD042FFFFEB081094E5000051E30200001A02
S31580E0ACE030009FE51040BDE83CFFFFEA14009FE599
S31580E0ACF0081081E21040BDE844FFFFEA3842E38075
S31580E0AD00C893E280D093E2804B92E280ED93E2803A
S31580E0AD10F593E2801394E2801B94E28070402DE903
S31580E0AD203C1400EB0040A0E30450A0E1002090E555
S31580E0AD30000052E11100000A343012E5341042E29C
S31580E0AD40000055E300C0A01301C0030200005CE3ED
S31580E0AD50A330A0E10150A011000054E30030A0131D
S31580E0AD6001300302000053E30140A011000054E3E8
S31580E0AD70000055130300001A002092E5EBFFFFEA7E
S31580E0AD80000054E30500000A0410A0E10100A0E3FE
S31580E0AD90B9FEFFEB0200A0E30410A0E1B6FEFFEBF4
S31580E0ADA0000055E30200000A0000A0E30510A0E1E0
S31580E0ADB0B1FEFFEBACFFFFEB34509FE534609FE5DF
S31580E0ADC00040A0E3041196E7040195E7081081E2CC
S31580E0ADD0014084E20DF5FFEB030054E3F8FFFF1A30
S31580E0ADE0043099E50000A0E3023083E3043089E58E
S31580E0ADF07080BDE8E8F4E2803842E3805C309FE52D
S31580E0AE0070402DE9004093E5000050E3046080E067
S31580E0AE100350A0E1040000AA0020A0E10010A0E316
S31580E0AE200600A0E1002062E26F5300EB30309FE540
S31580E0AE30003093E5030056E10600003A24309FE5B2
S31580E0AE40003093E5030056E10200008A006085E564
S31580E0AE500400A0E17080BDE80000E0E37080BDE81A
S31580E0AE602415E3805C15E3805415E3800120A0E19E
S31580E0AE7028109FE502C080E0000081E520109FE574
S31580E0AE80043099E500C081E518109FE5010013E3E1
S31580E0AE90000081E51EFF2F010010A0E3525300EA77
S31580E0AEA05C15E3805415E3802415E38070402DE93A
S31580E0AEB0B4609FE5083096E5045093E50350C5E31A
S31580E0AEC0050060E0FE4E80E20F4084E2FF4EC4E380
S31580E0AED00F40C4E3014A44E2010A54E3160000BA93
S31580E0AEE00000A0E3C4FFFFEB083096E5053083E081
S31580E0AEF0030050E11000001A000064E2BEFFFFEBA1
S31580E0AF00010070E30E00001A0000A0E3BAFFFFEB39
S31580E0AF10082096E5003062E00F0053E3060000DA91
S31580E0AF2048109FE5013083E3001091E5043082E527
S31580E0AF30000061E038109FE5000081E50000A0E3B5
S31580E0AF407080BDE8083096E524209FE5055064E0F2
S31580E0AF50015085E3045083E5003092E50100A0E3EB
S31580E0AF60034064E0004082E57080BDE8C0F0E280A6
S31580E0AF70C8F4E2802C15E380000050E31EFF2F0129
S31580E0AF8030402DE9041010E50CC29FE50120C1E3B5
S31580E0AF90083040E2024083E008509CE504E094E516
S31580E0AFA0050054E103E0CEE3011001E21400001A4B
S31580E0AFB0000051E302208EE00600001A081010E53A
S31580E0AFC0033061E0080093E5012082E00C1093E510
S31580E0AFD00C1080E5080081E5011082E3041083E52A
S31580E0AFE008308CE5B4319FE5003093E5030052E10B
S31580E0AFF03080BD38A8319FE53040BDE8000093E55C
S31580E0B000A9FFFFEA000051E304E084E50010A01305
S31580E0B0100900001A080010E508508CE2033060E071
S31580E0B020002082E0080093E5050050E10C5093157E
S31580E0B0300110A0030C508015080085150E0084E0F1
S31580E0B040040090E5010010E31000001A000051E3CF
S31580E0B0500E2082E0080094E50900001A38E19FE5B9
S31580E0B06008508EE2050050E10500001A14308EE5A6
S31580E0B07010308EE50110A0E30C0083E5080083E53F
S31580E0B080020000EA0CE094E50CE080E508008EE53D
S31580E0B090010082E3000051E3040083E5022083E7B8
S31580E0B0A03080BD18020C52E30C00002A04009CE5B7
S31580E0B0B0A221A0E14211A0E101E0A0E31E1180E11E
S31580E0B0C004108CE582C18CE008209CE5082083E5AD
S31580E0B0D00CC083E508308CE50C3082E53080BDE835
S31580E0B0E0A214A0E1040051E32213A09138108192CA
S31580E0B0F00F00009A140051E35B1081920C00009AD5
S31580E0B100540051E32216A0916E1081920800009AB5
S31580E0B110550F51E3A217A091771081920400009A0F
S31580E0B12080009FE5000051E12219A0917C10819278
S31580E0B1307E10A08381C18CE008009CE558E09FE505
S31580E0B1400C0050E10010A0110900001A04209EE5D1
S31580E0B1504111A0E101C0A0E31C1182E104108EE55B
S31580E0B1600010A0E1070000EA081091E50C0051E12B
S31580E0B1700300000A040091E50300C0E3000052E109
S31580E0B180F8FFFF3A0C0091E50C0083E5081083E5B3
S31580E0B190083080E50C3081E53080BDE8C0F0E280A3
S31580E0B1A0CCF4E2805815E38054050000E0359FE555
S31580E0B1B0F34D2DE9003093E5000053E30500001AD6
S31580E0B1C0D0359FE5003093E5000053E30100001A97
S31580E0B1D00000A0E36C0100EA000050E3FBFFFFBA49
S31580E0B1E00B6080E2160056E3AC559FE5030000DA7B
S31580E0B1F00760C6E37E0F56E31300002A000000EAEC
S31580E0B2001060A0E3A631A0E1832185E00C0092E501
S31580E0B210020050E10400001A082080E2140090E564
S31580E0B220020050E1023083023600000A043090E5E5
S31580E0B2300C2090E5081090E50330C3E30C2081E50F
S31580E0B240033080E0081082E5200000EAA634B0E111
S31580E0B2503F30A0031300000A040053E32633A09195
S31580E0B260383083920F00009A140053E35B30839268
S31580E0B2700C00009A540053E32636A0916E308392F8
S31580E0B2800800009A550F53E3A637A0917730839252
S31580E0B2900400009A04259FE5020053E12639A09137
S31580E0B2A07C3083927E30A083831185E00C0091E52B
S31580E0B2B00B0000EA00005CE3080000BA0C3090E581
S31580E0B2C0081090E50C3081E5081083E5023080E0D7
S31580E0B2D0042093E5012082E3042083E5290100EA46
S31580E0B2E00C0090E5010050E10500000A042090E59D
S31580E0B2F00320C2E302C066E00F005CE3ECFFFFDA06
S31580E0B300013043E2013083E28C249FE5100095E52D
S31580E0B31008E082E20E0050E10E10A0E15300000A40
S31580E0B32004C090E503C0CCE30C4066E00F0054E334
S31580E0B3300A0000DA063080E0016086E3046080E59A
S31580E0B340143082E5103082E5012084E30CE083E569
S31580E0B35008E083E5042083E5044083E7090100EA09
S31580E0B360000054E314E082E510E082E50CC080A0A2
S31580E0B37004309CA5013083A304308CA5010100AA8A
S31580E0B380020C5CE30C00002A044092E5ACC1A0E12B
S31580E0B3904CE1A0E10170A0E317EE84E104E082E5F0
S31580E0B3A08C2182E008C092E508C080E50C2080E52B
S31580E0B3B0080082E50C008CE52C0000EAAC24A0E1D4
S31580E0B3C0040052E32C23A091382082920F00009A49
S31580E0B3D0140052E35B2082920C00009A540052E300
S31580E0B3E02C26A0916E2082920800009A550F52E397
S31580E0B3F0AC27A091772082920400009A9CE39FE597
S31580E0B4000E0052E12C29A0917C2082927E20A0839E
S31580E0B410824185E008E094E57C739FE504005EE187
S31580E0B4200900001A04C097E54221A0E10140A0E3AB
S31580E0B43014228CE1042087E50E20A0E1070000EAD3
S31580E0B44008E09EE504005EE10300000A04209EE534
S31580E0B4500320C2E302005CE1F8FFFF3A0C209EE5A0
S31580E0B4600C2080E508E080E5080082E50C008EE5AA
S31580E0B4700100A0E34321A0E11022A0E1040095E5CC
S31580E0B480000052E14A00008A000012E10400001A3E
S31580E0B4900330C3E38220A0E1000012E1043083E2BE
S31580E0B4A0FBFFFF0A83E185E00E80A0E10340A0E197
S31580E0B4B00C0098E5080050E12000000A04C090E501
S31580E0B4C003C0CCE30C7066E00F0057E30E0000DAB1
S31580E0B4D0063080E0016086E30C2090E5046080E53C
S31580E0B4E008C0B0E50C208CE508C082E5012087E342
S31580E0B4F0143085E5103085E50C1083E5081083E58A
S31580E0B500042083E5077083E79F0000EA000057E3A5
S31580E0B510080000BA0C3080E0042093E5012082E345
S31580E0B520042083E50C3090E50820B0E50C3082E518
S31580E0B530082083E5940000EA0C0090E5DCFFFFEA52
S31580E0B540014084E2030014E3088088E2D7FFFF1A13
S31580E0B550030013E3043095050230C301043085050A
S31580E0B5600400000A08004EE200E09EE5013043E276
S31580E0B57000005EE1F5FFFF0A043095E58220A0E158
S31580E0B580030052E10000A0830100A093000052E393
S31580E0B5900000A003000050E30500000A030012E16A
S31580E0B5A0044084028220A001FBFFFF0A0430A0E170
S31580E0B5B0BBFFFFEA08B095E504709BE50370C7E33F
S31580E0B5C0073066E00F0053E3670000CAD0319FE59D
S31580E0B5D0004093E5CC319FE5044086E0002093E58A
S31580E0B5E004308DE5010072E3014A84120F40841233
S31580E0B5F0FF4EC413104084020F40C4130400A0E140
S31580E0B600FDFDFFEB010070E30080A0E15000000A41
S31580E0B61005205BE007008BE00120A01305005BE1DD
S31580E0B6200000581104309DE54900003A78A19FE575
S31580E0B630000058E100109AE5011084E000108AE5E8
S31580E0B6400500001A50319FE5074084E0083093E515
S31580E0B650014084E3044083E5340000EA003093E56A
S31580E0B66004208DE5010073E30800601034319F0506
S31580E0B670000081100080830500008A15073018E2FB
S31580E0B6800830631203808810044088E0030064E099
S31580E0B690FF4E84E20F3084E2FF3EC3E30F30C3E324
S31580E0B6A0034080E00400A0E1D3FDFFEB010070E3FE
S31580E0B6B02700000A00309AE504209DE5033084E007
S31580E0B6C000308AE5003068E0033084E0013083E3CF
S31580E0B6D0000052E3088085E5043088E51300000A1F
S31580E0B6E00F0057E3B0309F950120A09308309395E3
S31580E0B6F0042083951600009A04309BE50C7047E29F
S31580E0B7000770C7E3013003E2033087E104308BE55D
S31580E0B7100520A0E307308BE00F0057E3042083E5A4
S31580E0B720082083E50100009A08008BE211FEFFEB1A
S31580E0B73078209FE500309AE5001092E5010053E11C
S31580E0B7400030828568209FE5001092E5010053E194
S31580E0B75000308285083095E5043093E50330C3E315
S31580E0B760033066E00F0053E398FEFFDA080095E5C4
S31580E0B770012086E3013083E3066080E0042080E5F3
S31580E0B780086085E5043086E5080080E208D08DE231
S31580E0B790F08DBDE85C15E3805415E380C0F0E2806F
S31580E0B7A0540500005815E380C8F4E2802C15E38048
S31580E0B7B02815E3802015E380F8402DE9C4309FE525
S31580E0B7C00050A0E1087093E5910500E0042097E53C
S31580E0B7D00360C2E374FEFFEBA51FA0E1000050E327
S31580E0B7E001108103000051E32400001A043010E5C3
S31580E0B7F0082040E20330C3E3060053E1077062E0CD
S31580E0B800177F6FE1A772A0E10070A093000057E375
S31580E0B8100360A001042046E2240052E30040A0E158
S31580E0B8201300008A130052E30030A0910B00009AC7
S31580E0B8301B0052E3001080E5041080E5083080921A
S31580E0B8400600009A240052E31030801218308002FD
S31580E0B850081080E50C1080E5101080051410800536
S31580E0B8600020A0E3002083E5042083E5082083E52B
S31580E0B870000000EADC5000EB0400A0E1F880BDE8BF
S31580E0B8800000A0E3F880BDE8C0F0E280F0412DE959
S31580E0B8900070A0E1000051E2010000AA0000A0E3F0
S31580E0B8A0F081BDE8080057E30100008AF041BDE879
S31580E0B8B03DFEFFEA0B5080E20F0057E31070A09345
S31580E0B8C0160055E30750C5C31050A0D3100087E299
S31580E0B8D0050080E034FEFFEB008050E2EEFFFF0AD9
S31580E0B8E00710A0E1BD5F00EB084048E2000051E3AD
S31580E0B8F01800000A016047E2003067E2066088E0EF
S31580E0B900036006E0086046E2063064E00F0053E339
S31580E0B910043018E507608690064064E00330C3E3B0
S31580E0B920033064E0012083E3033086E0042086E58B
S31580E0B930042093E50800A0E1012082E3042083E56A
S31580E0B940043018E5013003E2034084E1044008E571
S31580E0B95088FDFFEB0640A0E1043094E50330C3E3C5
S31580E0B960033065E00F0053E3080000DA050084E069
S31580E0B970013083E3043080E5041094E5080080E23A
S31580E0B980011001E2015085E1045084E579FDFFEB89
S31580E0B990080084E2F081BDE8F8452DE9006050E2D8
S31580E0B9A01E00000A01A0A0E10080A0E30600A0E15D
S31580E0B9B02C10A0E31E5000EB004050E20C00001A71
S31580E0B9C00600A0E1255000EB000050E31500000AD8
S31580E0B9D0010080E2F4FDFFEB005050E20100001A26
S31580E0B9E00B00E0E3F885BDE80610A0E1E64F00EB4A
S31580E0B9F0140000EA067054E00A00000A010087E2BB
S31580E0BA00E9FDFFEB005050E2F4FFFF0A0610A0E1EB
S31580E0BA100720A0E1E24F00EB0780C5E7090000EAD6
S31580E0BA200100A0E3F885BDE80050A0E30500A0E1B1
S31580E0BA3050FDFFEB000054E3016084E2DAFFFF1A79
S31580E0BA400400A0E1F885BDE80500A0E13A10A0E396
S31580E0BA50F74F00EB006050E20300000A0080C6E585
S31580E0BA60010086E21D4B00EB0060A0E10500A0E14D
S31580E0BA701A4B00EB0070A0E1F84F00EB000050E3BA
S31580E0BA80E9FFFF0A0610A0E10700A0E13AFF2FE1F7
S31580E0BA90006050E2E4FFFF0A0500A0E135FDFFEB20
S31580E0BAA00600A0E1F885BDE8000052E33B00000A0D
S31580E0BAB0000050E33B00000AF8452DE90030D1E56F
S31580E0BAC00270A0E1000053E30150A0E10060A0E134
S31580E0BAD00700000A0040A0E30510A0E1925000EBC9
S31580E0BAE0003050E20300000A010083E20340A0E157
S31580E0BAF0F8FFFFEA0640A0E1000054E32500000AD3
S31580E0BB000500A0E1D54F00EB0430A0E1012073E50C
S31580E0BB10200052E3FCFFFF0A010040E2000084E0DF
S31580E0BB200130F0E5200053E3FCFFFF0A060054E114
S31580E0BB300100000A2C0052E30400001A3A0053E3A5
S31580E0BB402C0053131900000A000053E31700000A83
S31580E0BB500030D5E5000053E3E5FFFF0A0600A0E1EB
S31580E0BB6000A0A0E30510A0E16F5000EB008050E25A
S31580E0BB700600000A0500A0E1B84F00EB000088E06F
S31580E0BB80000054E10100882208A0A021F4FFFF2AEA
S31580E0BB900A40A0E1D7FFFFEA0200A0E3F885BDE80E
S31580E0BBA00000E0E31EFF2FE10100A0E31EFF2FE18E
S31580E0BBB00500A0E1A94F00EB000084E00120D0E47D
S31580E0BBC0200052E3FCFFFF0A3A0052E30040A01354
S31580E0BBD01200001A0030A0E10350A0E10020D5E574
S31580E0BBE0013083E2200052E3FAFFFF0A0500A0E17C
S31580E0BBF038109FE5CB4F00EB000050E30040651026
S31580E0BC000200001A0500A0E1944F00EB0040A0E19D
S31580E0BC100700A0E10510A0E10420A0E1095000EBB7
S31580E0BC200030A0E30430C7E70300A0E1F885BDE873
S31580E0BC30FD5CE2800030A0E3083080E50300A0E10F
S31580E0BC401EFF2FE1F8452DE954609FE554409FE5BE
S31580E0BC50000050E3044066E0C441A0E10070A0111A
S31580E0BC600050A01306A0A0110700001A0080A0E3F0
S31580E0BC70090000EA0700A0E185119AE7514F00EB41
S31580E0BC80000050E30400000A015085E2040055E11B
S31580E0BC90858186E0F6FFFFBAF3FFFFEA0800A0E1C0
S31580E0BCA0F885BDE88005E380B005E38038402DE97E
S31580E0BCB02C409FE50150A0E128009FE528109FE5F4
S31580E0BCC0664A00EB0410A0E120009FE531FFFFEB20
S31580E0BCD00500A0E10410A0E12EFFFFEB0000A0E349
S31580E0BCE03880BDE8F4BCE080D0F4E28034BCE0800B
S31580E0BCF04094E28010402DE928D04DE20030A0E368
S31580E0BD0014208DE21C308DE500308DE504208DE534
S31580E0BD100C308DE568209FE528308DE218008DE5B2
S31580E0BD2008208DE50140A0E10F0013E9474700EBCD
S31580E0BD3014309DE5000053E30E00000A000054E352
S31580E0BD400100001A0020A0E3080000EA0400A0E158
S31580E0BD50424F00EB000050E3F9FFFF0A0400A0E148
S31580E0BD60B7FFFFEB000050E30200000A042090E5F5
S31580E0BD7014309DE5082083E50000A0E328D08DE21D
S31580E0BD801080BDE8D0F4E28070402DE9005090E567
S31580E0BD9001DC4DE20040A0E180009FE52EF2FFEB62
S31580E0BDA00010A0E3FC20A0E300108DE50060A0E198
S31580E0BDB004008DE28C4F00EB000056E30600001A8B
S31580E0BDC05C009FE50510A0E10D20A0E135FFFFEBCB
S31580E0BDD0000050E30F00001A050000EA0600A0E12B
S31580E0BDE00510A0E10D20A0E12EFFFFEB000050E35F
S31580E0BDF0F2FFFF1A0D00A0E1184F00EB000050E3C0
S31580E0BE000400000A0D00A0E18DFFFFEB000050E387
S31580E0BE10043090150830841501DC8DE27080BDE831
S31580E0BE20C594E2804094E280243099E50300D0E72F
S31580E0BE301EFF2FE1282099E50930A0E1000052E3BA
S31580E0BE402430991504309F05000083E01EFF2FE122
S31580E0BE501A58E28008402DE9F5FFFFEB0000D0E5B7
S31580E0BE600880BDE8041099E5010011E30000000AAE
S31580E0BE70F7FFFFEA283099E5000053E30000000A67
S31580E0BE80E8FFFFEA04309FE50000D3E71EFF2FE1DD
S31580E0BE901A58E28008402DE9EFF1FFEB000050E30D
S31580E0BEA00900000A0000D0E5DF3000E2540053E3E9
S31580E0BEB0590053130130A0030030A013310050E342
S31580E0BEC00300A011010083030880BDE80000E0E3E1
S31580E0BED00880BDE838402DE9285099E5044099E589
S31580E0BEE0042099E58020C2E3042089E50020A0E3D0
S31580E0BEF0282089E5D8F1FFEB285089E5044089E5DB
S31580E0BF003880BDE81F402DE9004050E20500000A78
S31580E0BF100030D4E5210053E30400000AAFFAFFEBDA
S31580E0BF200430A0E3020000EA60009FE5ABFAFFEB95
S31580E0BF300030A0E300308DE50030A0E304308DE5ED
S31580E0BF4008308DE548009FE548109FE548209FE54D
S31580E0BF50EF4800EB000050E30700001A3C309FE515
S31580E0BF6000308DE538309FE538009FE5001093E599
S31580E0BF7034209FE58A30A0E3A4FAFFEB043099E50C
S31580E0BF80803083E3043089E510D08DE21080BDE80F
S31580E0BF90D094E280D0F4E2801A58E280E304000094
S31580E0BFA07055E2805C4DE680B584E280EB94E28079
S31580E0BFB01F402DE90530A0E303008DE900308DE5D3
S31580E0BFC014109FE514209FE50030A0E310009FE564
S31580E0BFD0CF4800EB14D08DE204F09DE41A58E2805D
S31580E0BFE0E3040000D0F4E280000051E3F0402DE964
S31580E0BFF00040A0E11CD04DE2045080E23F00000A00
S31580E0C0000410A0E10420A0E314008DE20D4F00EBC4
S31580E0C0100000A0E30510A0E158219FE5154400EB60
S31580E0C02014309DE5030050E13400000A48619FE545
S31580E0C03048019FE575FAFFEB000096E50E19A0E34F
S31580E0C04050C090E5012AA0E30430A0E13CFF2FE157
S31580E0C050007050E20200000A24019FE56BFAFFEBD4
S31580E0C060200000EA0410A0E10420A0E314008DE2A1
S31580E0C070F44E00EB0700A0E10510A0E1F4209FE577
S31580E0C080FC4300EB14309DE5030050E11500001AF7
S31580E0C090F0009FE55DFAFFEB000096E5371AA0E336
S31580E0C0A0583090E5012AA0E333FF2FE1000050E30A
S31580E0C0B0D4009F150800001A000096E5371AA0E321
S31580E0C0C054C090E5012AA0E30430A0E13CFF2FE1D3
S31580E0C0D0000050E30900000AB0009FE5371AA0E3AC
S31580E0C0E0012AA0E349FAFFEBA4009FE547FAFFEBBC
S31580E0C0F0A0009FE582FFFFEB0040A0E31A0000EA84
S31580E0C1000030A0E300308DE504308DE508308DE524
S31580E0C11084009FE50510A0E158209FE57C4800EB70
S31580E0C120004050E2043099150140A013803083131B
S31580E0C130043089150C00001A60509FE560009FE589
S31580E0C1400510A0E131FAFFEB58309FE500508DE510
S31580E0C15054009FE5001093E550209FE5FB30A0E377
S31580E0C1602AFAFFEB48009FE565FFFFEB0400A0E1BC
S31580E0C1701CD08DE2F080BDE8FC0F00006015E38006
S31580E0C180F894E2800995E2801F95E2803895E28016
S31580E0C1907195E280AA95E280BB95E280D0F4E28058
S31580E0C1A08055E280C495E2805C4DE680E695E2804B
S31580E0C1B0EB94E2802396E28008402DE9283099E5E9
S31580E0C1C0000053E30400001A3B00E0E3F90900EBCA
S31580E0C1D00C009FE50840BDE849FFFFEA0840BDE85E
S31580E0C1E0190200EABB95E280FF4D2DE900C0A0E38D
S31580E0C1F030509DE50240A0E10380A0E10CA0A0E1E3
S31580E0C2000C70A0E102B041E200008DE500C082E55D
S31580E0C2100710A0E100009DE50C208DE2A0309FE5AF
S31580E0C220E24500EB0A60A0E1007050E21600000AE9
S31580E0C2300C309DE5000093E5084E00EB0B005AE1DB
S31580E0C2400020A0B30120A0A3013080E2030058E1E2
S31580E0C250012082B3000052E30B00001A0C209DE51A
S31580E0C2600A5184E70500A0E1001092E50320A0E1F1
S31580E0C27004308DE5734E00EB04309DE501A08AE243
S31580E0C280035085E0088063E0E0FFFFEA34309FE515
S31580E0C2900400A0E10A10A0E10420A0E3814D00EBB8
S31580E0C2A0000057E301608A121C309F150600A0E16A
S31580E0C2B00A3184170030A0E3063184E710D08DE29E
S31580E0C2C0F08DBDE8D0F4E28080F9E180C65EE28060
S31580E0C2D0000050E304E02DE50600000A00C0D1E549
S31580E0C2E030005CE30300001A01C0D1E5DFC00CE258
S31580E0C2F058005CE3021081023CC09FE5033081E098
S31580E0C300030051E10500000A00E0D1E5000050E3BA
S31580E0C3100EE0DCE70400000A44001EE30400001A95
S31580E0C320000052E30010821504F09DE404001EE351
S31580E0C330F9FFFFEA011081E2F0FFFFEA1A57E28097
S31580E0C3400030A0E30C3080E50300A0E11EFF2FE182
S31580E0C35038402DE92C409FE50150A0E128009FE57B
S31580E0C36028109FE5BD4800EB0410A0E120009FE582
S31580E0C37088FDFFEB0500A0E10410A0E185FDFFEB61
S31580E0C3800000A0E33880BDE840C4E080D0F4E280DD
S31580E0C39040C3E0803296E28070402DE90050A0E113
S31580E0C3A0AE4D00EB000050E37080BD082C609FE549
S31580E0C3B00010D5E50600A0E19D4D00EB004050E27F
S31580E0C3C00100000A040066E07080BDE80010D5E553
S31580E0C3D00C009FE58DF9FFEB0400A0E17080BDE8DD
S31580E0C3E0155DE2804996E28070402DE90050A0E13B
S31580E0C3F09A4D00EB010050E30C00009A34609FE513
S31580E0C4000110D5E50600A0E1894D00EB004050E241
S31580E0C4100100000A040066E07080BDE80110D5E501
S31580E0C42014009FE579F9FFEB0400A0E17080BDE898
S31580E0C4300000A0E37080BDE8105DE2807D96E2803A
S31580E0C44070402DE928D04DE20030A0E314208DE243
S31580E0C4501C308DE500308DE504208DE50C308DE5D2
S31580E0C4607C209FE528308DE218008DE508208DE55B
S31580E0C4700140A0E10F0013E9744500EB14309DE51F
S31580E0C480000053E31300000A000054E30300001A9F
S31580E0C49014309DE50020A0E30C2083E50D0000EA42
S31580E0C4A00400A0E16D4D00EB000050E3F7FFFF0ACA
S31580E0C4B00400A0E114509DE5B6FFFFEB076000E2C3
S31580E0C4C00400A0E1C7FFFFEB18309FE5003193E75A
S31580E0C4D0030086E10C0085E50000A0E328D08DE22C
S31580E0C4E07080BDE8D0F4E280D442E28037402DE926
S31580E0C4F0005090E50040A0E18C009FE556F0FFEB10
S31580E0C50088309FE50030D3E50430CDE50030A0E308
S31580E0C5100530CDE50630CDE5030050E10600001A92
S31580E0C5206C009FE50510A0E104208DE25DFDFFEB48
S31580E0C530000050E31200001A040000EA0510A0E1B2
S31580E0C54004208DE257FDFFEB000050E3F3FFFF1A76
S31580E0C55004008DE2414D00EB000050E30800000A44
S31580E0C56004008DE28BFFFFEB075000E204008DE2D2
S31580E0C5709CFFFFEB1C309FE5003193E7033085E1BC
S31580E0C5800C3084E50CD08DE23080BDE8BA96E2804E
S31580E0C590D53DE2803296E280D442E280FF4D2DE9BD
S31580E0C5A0008052E200308DE5F0329FE504B09015D0
S31580E0C5B008B0A001000051E30140A0E10340A001E2
S31580E0C5C0010058E30060A0E1005090E58100000A98
S31580E0C5D00CA090E507A00AE201304AE2050053E3A9
S31580E0C5E003F19F977B0000EA00C6E08020C6E080EA
S31580E0C5F074C6E080C4C6E08024C7E080ACC7E08033
S31580E0C6000030E0E30000A0E30410A0E10C208DE21E
S31580E0C6102EFFFFEB0C309DE50070D3E5250000EAA8
S31580E0C6200C208DE20030E0E30100A0E30410A0E1FD
S31580E0C63026FFFFEB0C309DE50020D3E5000052E3BA
S31580E0C6405900001A022084E2020053E16100001AD8
S31580E0C6500030D4E5300053E35E00001A0170D4E583
S31580E0C660DF7007E2580057E30070A0130070E00324
S31580E0C6704F0000EA0010D4E5DF3001E2540053E3D6
S31580E0C680590053130130A0130030A003302041E25B
S31580E0C690010052E30020A09301200382D73001E21B
S31580E0C6A0460053E30030A00301300212000053E35A
S31580E0C6B03D00001A0170D4E5007097E20070E01347
S31580E0C6C03B0000EA04C0A0E10070A0E30C10A0E10A
S31580E0C6D00330A0E30000A0E30C208DE204C08DE5EA
S31580E0C6E0FAFEFFEB0C309DE504C09DE503005CE1BE
S31580E0C6F02D00000A030057E30020D3E50100000A7D
S31580E0C7002E0052E3000000EA000052E32600001A01
S31580E0C710017087E2040057E301C083E2EAFFFF1A73
S31580E0C7202C0000EA0470A0E100C0A0E30230A0E3A0
S31580E0C7300100A0E30710A0E10C208DE204C08DE5A6
S31580E0C740E2FEFFEB0C309DE5030057E11600000AA0
S31580E0C750022087E2020053E104C09DE50600001A4C
S31580E0C7600020D7E5300052E30300001A0120D7E528
S31580E0C770DF2002E2580052E30B00000A05005CE38A
S31580E0C7800020D3E50100000A3A0052E3000000EA07
S31580E0C790000052E30400001A01C08CE206005CE36C
S31580E0C7A0017083E2E0FFFF1A0A0000EA0070E0E32E
S31580E0C7B0010000EA010077E30600001AE0309FE519
S31580E0C7C00510A0E10420A0E10A30D3E7D4009FE57C
S31580E0C7D08EF8FFEB2E0000EA00309DE5027013E252
S31580E0C7E00100000A0070A0E3290000EA010058E396
S31580E0C7F00300000A1F00003A020058E30800000A1E
S31580E0C800230000EA0C3096E5080013E3F4FFFF0A04
S31580E0C81094009FE50510A0E17CF8FFEB0870A0E1AD
S31580E0C8201B0000EA0C3096E5200013E30F00001AA7
S31580E0C830400013E3EAFFFF0A0500A0E1A4FDFFEB59
S31580E0C84058409FE50B10A0E1000050E30040A011A6
S31580E0C8500420A0E154009FE56CF8FFEB0B00A0E11B
S31580E0C8600410A0E1574C00EB000050E3DCFFFF0A28
S31580E0C8703C009FE5030000EA0C3096E5100013E3E8
S31580E0C880D7FFFF0A2C009FE50510A0E15FF8FFEBDC
S31580E0C8900170A0E30700A0E110D08DE2F08DBDE845
S31580E0C8A0EEDAE280155DE280C196E2800197E28071
S31580E0C8B03E97E2801E97E2805697E280F0402DE92F
S31580E0C8C04C419FE501DA4DE2000094E51CD04DE253
S31580E0C8D0000050E30470A0E10900001A0010A0E116
S31580E0C8E030219FE50030A0E11A2300EB000050E301
S31580E0C8F0000084E50200001A1C019FE580FDFFEB45
S31580E0C9001F0000EA0040A0E318308DE21C608DE253
S31580E0C91008519FE5046023E504019FE500508DE51D
S31580E0C92004408DE508408DE50410A0E10420A0E1F7
S31580E0C930B34500EB000050E3070000AAE4309FE532
S31580E0C94000308DE5E0309FE5E0009FE5001093E55F
S31580E0C950DC209FE5833FA0E3080000EA010A50E37C
S31580E0C960090000DABC309FE500308DE5B8309FE500
S31580E0C970C0009FE5001093E5B4209FE5B8309FE5C1
S31580E0C98022F8FFEB0100A0E31E0000EA0520A0E10B
S31580E0C9900610A0E10400A0E1B64100EB371AA0E35F
S31580E0C9A0012AA0E368509FE518008DE5000097E531
S31580E0C9B0583090E533FF2FE1000050E31100001A74
S31580E0C9C078009FE505F8FFEB000095E5371AA0E3D0
S31580E0C9D054C090E5012AA0E318308DE23CFF2FE1B8
S31580E0C9E0004050E20600001A54009FE51AEFFFEB84
S31580E0C9F0003095E50C1093E5925900EB44309FE5C5
S31580E0CA00000083E50400A0E101DA8DE21CD08DE22E
S31580E0CA10F080BDE86015E38000B4C404B271E280C2
S31580E0CA20FC0F0000D0F4E2806855E2805C4DE68041
S31580E0CA300F86E2807397E2807C97E28013020000A3
S31580E0CA40C797E280F25DE280B008E3800000A0E371
S31580E0CA5010402DE90010A0E101DA4DE27C209FE54F
S31580E0CA600030A0E1BB2200EB74409FE5000050E37C
S31580E0CA70000084E50200001A68009FE520FDFFEBD8
S31580E0CA80140000EA50C090E5371AA0E3012AA0E33B
S31580E0CA900D30A0E13CFF2FE1000050E30200000AE8
S31580E0CAA044009FE516FDFFEB060000EA0D00A0E1DD
S31580E0CAB00110A0E34BFDFFEB000050E30120A01343
S31580E0CAC02820891528008905000094E50C2400EBD0
S31580E0CAD00030A0E3003084E501DA8DE21080BDE825
S31580E0CAE000B4C4046015E380B271E280DD71E28057
S31580E0CAF010209FE5242089E50120A0E3282089E510
S31580E0CB000000A0E31EFF2FE11A58E2801EFF2FE10E
S31580E0CB100600A0E31EFF2FE110402DE97000A0E3A0
S31580E0CB200940A0E1A0F9FFEB2C219FE52C119FE5C0
S31580E0CB30580084E5583099E5002083E5583099E53A
S31580E0CB401C219FE5042083E5583099E514219FE573
S31580E0CB50082083E5583099E50C219FE50C2083E594
S31580E0CB60583099E504219FE5102083E5583099E512
S31580E0CB70FC209FE5142083E5582099E5F4309FE575
S31580E0CB80183082E5582099E51C3082E5582099E5F1
S31580E0CB90201082E5582099E5DC109FE5241082E597
S31580E0CBA0582099E5D4109FE5281082E5582099E52C
S31580E0CBB0CC109FE52C1082E5582099E5C4109FE5BE
S31580E0CBC0301082E5582099E5BC109FE5341082E567
S31580E0CBD0582099E5B4109FE5381082E5582099E50C
S31580E0CBE0AC109FE53C1082E5582099E5A4109FE5BE
S31580E0CBF0401082E5582099E59C109FE5441082E537
S31580E0CC00582099E594109FE5481082E5582099E5EB
S31580E0CC108C109FE54C1082E5582099E5503082E5EE
S31580E0CC20582099E5543082E5582099E5583082E5D8
S31580E0CC30582099E55C3082E5582099E5603082E5B8
S31580E0CC40582099E5643082E5582099E5683082E598
S31580E0CC50582099E56C3082E51080BDE810CBE08005
S31580E0CC60ACB1E08068A9E0808CA9E080B0A9E080E2
S31580E0CC70E0A9E08010AAE0800CCBE08078AFE0808D
S31580E0CC80C8FDE180F803E0805CAAE080681BE08074
S31580E0CC905C86E0801082E0804809E280000AE280DB
S31580E0CCA0780AE280C8F9E1800120A0E10010A0E3E3
S31580E0CCB008402DE90130A0E15F3C00EB000050E345
S31580E0CCC00A00000A002090E5223CA0E1FF0802E28B
S31580E0CCD0023C83E1203483E1FF0C02E2000483E13D
S31580E0CCE0020050E30400A0130800A0030880BDE81A
S31580E0CCF00400A0E30880BDE8F04D2DE90140A0E105
S31580E0CD0028D04DE2BC119FE50060A0E10250A0E191
S31580E0CD100380A0E1693C00EB00A050E2030000AA9A
S31580E0CD20654000EB0010A0E19C019FE5610000EA10
S31580E0CD30000055E3000054130170A0030070A013B7
S31580E0CD400100001A0000A0E35C0000EA0600A0E112
S31580E0CD504E3B00EB0420A0E10030A0E3F820CDE1DB
S31580E0CD6000B0A0E10B0057E10F0000AA0710A0E198
S31580E0CD7018208DE220308DE20600A0E1113B00EB29
S31580E0CD80D821CDE1D800CDE1010053E10000520188
S31580E0CD900300001A0600A0E10710A0E1DB3E00EBED
S31580E0CDA0010000EA017087E2EDFFFFEA052064E01A
S31580E0CDB00030A0E3F020CDE10600A0E1D820CDE16F
S31580E0CDC0973E00EB007050E2050000AA3A4000EB87
S31580E0CDD00010A0E1F0009FE50CF7FFEB0700A0E173
S31580E0CDE0360000EA0600A0E10A10A0E1DC209FE51B
S31580E0CDF00030A0E3103C00EB008098E20180A013B5
S31580E0CE00000050E30800A01101008803000050E311
S31580E0CE10CBFFFF0A043CA0E1FF2C04E2243C83E143
S31580E0CE20023483E1FF4804E2244483E128708DE202
S31580E0CE300480A0E3144027E50600A0E100808DE5AC
S31580E0CE400A10A0E184209FE50730A0E1CB3E00EB0D
S31580E0CE50004050E2050000AA174000EB0010A0E178
S31580E0CE606C009FE5E9F6FFEB0400A0E1130000EA21
S31580E0CE70053CA0E1FF2C05E2253C83E1023483E119
S31580E0CE80FF5805E2255483E10A10A0E100808DE594
S31580E0CE900600A0E13C209FE50730A0E114508DE537
S31580E0CEA0B63E00EB00A050E2A5FFFFAA024000EBF1
S31580E0CEB00010A0E120009FE5D4F6FFEB0A00A0E198
S31580E0CEC028D08DE2F08DBDE80498E2800C98E2806F
S31580E0CED01C98E2802F98E2805E98E2806F98E280EC
S31580E0CEE0F3412DE90070A0E10150A0E17D3900EB2E
S31580E0CEF0004050E2030000AAEF3F00EB0010A0E103
S31580E0CF00CC009FE52E0000EA0700A0E1C4109FE573
S31580E0CF10EA3B00EB006050E20B0000AA0700A0E1CC
S31580E0CF200010A0E3B0209FE5273F00EB006050E2D1
S31580E0CF30050000AAE03F00EB0010A0E19C009FE521
S31580E0CF40B2F6FFEB0600A0E11F0000EA90009FE545
S31580E0CF50C1EDFFEB008050E21A00000A0700A0E175
S31580E0CF600610A0E178209FE50030A0E3B23B00EB1D
S31580E0CF70005095E20150A013000050E30500A01197
S31580E0CF8001008503000050E30E00000A0800A0E1DE
S31580E0CF90B24A00EB0610A0E144209FE50830A0E10C
S31580E0CFA0010080E200008DE50700A0E1733E00EB22
S31580E0CFB0004050E2030000AABF3F00EB0010A0E172
S31580E0CFC020009FE591F6FFEB0400A0E108D08DE21A
S31580E0CFD0F081BDE89C98E2800498E2800598E28042
S31580E0CFE0AC98E280955EE280D398E280F04D2DE9C0
S31580E0CFF0010053E340D04DE21C108DE520208DE505
S31580E0D0000380A0E1060000DA0320A0E104029FE5A8
S31580E0D01004129FE50130A0E37CF6FFEB0000E0E33D
S31580E0D0207A0000EA0040A0E12E3900EB005050E2A1
S31580E0D030040000AAA03F00EBDC119FE50020A0E100
S31580E0D040D8019FE51C0000EA0400A0E1D0119FE52D
S31580E0D0509A3B00EB00B050E20A0000AA0400A0E18F
S31580E0D0600010A0E3BC219FE5D73E00EB004050E2F4
S31580E0D070650000AA903F00EB0010A0E1A8019FE5C3
S31580E0D08062F6FFEB600000EA0730A0E300308DE552
S31580E0D0900400A0E10B10A0E190219FE584319FE59B
S31580E0D0A0363E00EB005050E2060000AA823F00EBDD
S31580E0D0B078119FE50020A0E174019FE553F6FFEB30
S31580E0D0C00500A0E1510000EA68119FE50400A0E1B7
S31580E0D0D0F4FEFFEB60119FE50060A0E10400A0E1B3
S31580E0D0E0F0FEFFEB013046E28331A0E114308DE5BE
S31580E0D0F0013040E28331A0E118308DE50030A0E3D5
S31580E0D100062080E000A0A0E10350A0E124208DE588
S31580E0D110080053E12E0000AA30308DE205C083E09E
S31580E0D1201C309DE50C70A0E1D020C3E1F820CDE174
S31580E0D13014309DE5062067E002208CE0000052E393
S31580E0D140090000DA0320A0E1D800CDE12CC08DE50E
S31580E0D15028308DE5E85900EB28309DE52CC09DE52B
S31580E0D160083043E20100C7E4F1FFFFEA30308DE2A8
S31580E0D170067085E0077083E020309DE518C09DE568
S31580E0D180D020C3E1F820CDE10730A0E10A2063E0BA
S31580E0D190022087E0000052E3090000DA0C20A0E1DB
S31580E0D1A0D800CDE12C308DE528C08DE5D25900EB55
S31580E0D1B02C309DE528C09DE508C04CE20100C3E423
S31580E0D1C0F1FFFFEA24309DE5055083E00130A0E3DE
S31580E0D1D0CEFFFFEA0400A0E100508DE50B10A0E150
S31580E0D1E058209FE530308DE2E43D00EB004050E290
S31580E0D1F00000A0A3050000AA2F3F00EB3C109FE5AE
S31580E0D2000020A0E128009FE500F6FFEB0400A0E106
S31580E0D21040D08DE2F08DBDE82199E2803855E280FC
S31580E0D220EE77E2807799E2804566E2807F99E280D8
S31580E0D230A799E280B399E280E997E280F897E28065
S31580E0D240D299E28007402DE908108DE2F82061E16D
S31580E0D25010208DE20130A0E363FFFFEB0CD08DE27E
S31580E0D26004F09DE4F0412DE9005050E218D04DE203
S31580E0D2700500A0013C00000A043A00EB0040A0E370
S31580E0D2800560A0E10070A0E30080A0E1080054E121
S31580E0D2900E0000AA08208DE210308DE20500A0E1A4
S31580E0D2A00410A0E1C73900EBD820CDE1070053E1B7
S31580E0D2B0060052010300001A0500A0E10410A0E177
S31580E0D2C0923D00EB010000EA014084E2EEFFFFEAD6
S31580E0D2D00CE095E520C095E52E1CA0E1FF280EE246
S31580E0D2E00E1C81E1FF3C0EE2221481E1032481E100
S31580E0D2F02C1CA0E1FF380CE20C1C81E1231481E1B7
S31580E0D300FF3C0CE2033481E1033082E0054AA0E190
S31580E0D310413D83E2244AA0E10F3083E2043083E09A
S31580E0D320FF3EC3E30F30C3E3034064E0043CA0E187
S31580E0D330FF2C04E2243C83E1023483E1FF2804E20B
S31580E0D340223483E1043085E50420A0E10030A0E3C7
S31580E0D350F020CDE10500A0E10620A0E10730A0E1C4
S31580E0D3602F3D00EB000050E30400A0A118D08DE231
S31580E0D370F081BDE83C309FE53C209FE5081093E5D1
S31580E0D380020051E10900000A0C2093E5020050E119
S31580E0D3900600003A001093E5012082E0012042E297
S31580E0D3A0020050E10300A0910000A0831EFF2FE160
S31580E0D3B00000A0E31EFF2FE11C9C0981FFFF000017
S31580E0D3C0F34D2DE9017042E200A0A0E10100A0E169
S31580E0D3D00250A0E1017087E00160A0E1E4FFFFEB8D
S31580E0D3E00040A0E10700A0E1E1FFFFEB000055E38C
S31580E0D3F00100001A0000A0E3430000EA000054E3C5
S31580E0D400000050130080A0E10430A0113B00000A28
S31580E0D410080053E13200008A001093E50C2093E582
S31580E0D420B4E0D3E1022081E001104EE20118A0E1F0
S31580E0D43004208DE50CC083E20020A0E34118A0E142
S31580E0D4400E0052E1110000AA010052E104009C1591
S31580E0D45004009D0504B09CE4000056E10100A03381
S31580E0D4600000A0230B0057E10000A033000050E34A
S31580E0D4700400000A020982E20C0080E20000D3E7A1
S31580E0D480000050E31F00001A012082E2EBFFFFEA72
S31580E0D4900A3A83E22C3083E2DCFFFFEA003094E54F
S31580E0D4A00C7094E50400A0E1077083E0077066E005
S31580E0D4B0050057E10570A0210A10A0E10620A0E151
S31580E0D4C00730A0E1CF5600EB000050E30E00001AD3
S31580E0D4D00A4A84E2055067E0076086E007A08AE0B2
S31580E0D4E02C4084E2003095E20130A013080054E13C
S31580E0D4F00030A083000053E3E7FFFF1ABCFFFFEA9A
S31580E0D5000800A0E3000000EA0400A0E308D08DE272
S31580E0D510F08DBDE8080050E30030A0E11F00000A6E
S31580E0D5200B0000CA010050E31800000A020000CA9E
S31580E0D530000050E31EFF2F01200000EA020050E3C6
S31580E0D5401400000A040050E380009F051200000AE0
S31580E0D5501A0000EA400050E31400000A050000CA01
S31580E0D560100050E30F00000A200050E360009F05A2
S31580E0D5700900000A110000EA800050E30D00000A6D
S31580E0D580010C50E34C009F050300000A0B0000EA03
S31580E0D59044009FE5000000EA40009FE50FF5FFEAC2
S31580E0D5A03C009FE5FCFFFFEA38009FE5FAFFFFEAD3
S31580E0D5B034009FE5F8FFFFEA30009FE5F6FFFFEADB
S31580E0D5C02C009FE52C109FE5DF20A0E30FF5FFEA16
S31580E0D5D0C69BE280389CE280899CE2809A9BE280CE
S31580E0D5E0B49BE280EE9BE280079CE280519CE280E5
S31580E0D5F0689CE280A49CE280B99CE28010402DE9A0
S31580E0D6000040A0E114009FE5F4F4FFEB0400A0E104
S31580E0D610F2F4FFEB08009FE51040BDE8EFF4FFEA87
S31580E0D620C19CE280C99CE280F0402DE90070A0E1D7
S31580E0D6301CD04DE20100A0E10150A0E1A93700EB4A
S31580E0D640004050E21600001A0500A0E10F3900EB19
S31580E0D6500060A0E1060054E1110000AA0500A0E107
S31580E0D6600410A0E108208DE210308DE2D53800EB81
S31580E0D670000050E30800001AD021CDE128009FE5A4
S31580E0D680F020CDE1D820CDE1E0F4FFEB0700A0E18A
S31580E0D69008109DE510209DE5DD4400EB014084E225
S31580E0D6A0EBFFFFEA1CD08DE2F080BDE8EE9CE280E5
S31580E0D6B0F34D2DE9004092E5006091E5000054E3EA
S31580E0D6C05300000A0070A0E10600A0E10280A0E11C
S31580E0D6D001A0A0E1833700EB004050E23C019F15BA
S31580E0D6E04100001A38019FE500B098E5DAEBFFEBE0
S31580E0D6F0035A8BE2000050E31700000A0410A0E111
S31580E0D7001020A0E38F4C00EB0030A0E1010073E332
S31580E0D7100700A0E10500001A0610A0E10520A0E1BF
S31580E0D720BB4400EB000056E31A00001A160000EA3C
S31580E0D730000053E30510A0E1012AA0E30400000AFB
S31580E0D7400D4500EB007050E2D8009F051900001AE5
S31580E0D7500E0000EA154500EB080000EAC00100EB88
S31580E0D76004008DE59B0100EB04309DE50510A0E10A
S31580E0D770012AA0E3033080E00700A0E1FE4400EB4D
S31580E0D780000050E30070A0E10A00001A98009FE5CF
S31580E0D79092F4FFEB150000EA053CA0E1FF2C05E2E0
S31580E0D7A0253C83E1023483E1FF2805E2223483E1EC
S31580E0D7B0043086E5120000EABF2D8BE23F2082E24C
S31580E0D7C00710A0E1022087E060009FE58FF4FFEB81
S31580E0D7D00600A0E10710A0E10520A0E1233D00EBD3
S31580E0D7E0000050E30300000A44009FE582FFFFEB60
S31580E0D7F00140A0E3060000EA38009FE577F4FFEBFE
S31580E0D8000760A0E100608AE50600A0E1005088E5B7
S31580E0D81097D4FFEB0400A0E108D08DE2F08DBDE85F
S31580E0D820239DE280369DE2803F9DE2806B9DE28093
S31580E0D8308B9DE280B59DE280BB8EE280F3412DE94F
S31580E0D84020408DE2D00094E80030A0E3020051E36E
S31580E0D850003086E5003087E5020000DA080092E5D0
S31580E0D860030050E10400001A0400A0E13A0200EB54
S31580E0D870005050E24B00000A0000A0E30010A0E355
S31580E0D8801020A0E32F4C00EB320200EB0040A0E139
S31580E0D8901D0200EB010050E30400000A020050E3A1
S31580E0D8A06500000A1C029FE54CF4FFEB6D0000EA80
S31580E0D8B00410A0E110029FE554F4FFEB0400A0E120
S31580E0D8C0A50100EB04029FE544F4FFEB0400A0E130
S31580E0D8D0DF0000EB000050E3F4019F052F00000A13
S31580E0D8E00400A0E1F20000EB000050E3E4019F05B4
S31580E0D8F02A00000AE0019FE538F4FFEB1E30D4E50C
S31580E0D900080053E3D4019F152400001A1F30D4E5A4
S31580E0D910000053E3C8019F152000001A408084E28E
S31580E0D9200800A0E1EF3600EB000050E3B4019F155C
S31580E0D9301A00001A103094E50C1094E5035CA0E11F
S31580E0D940235C85E1FF2C03E2025485E1FF3803E2A4
S31580E0D950235485E1040055E1080055113600000A9C
S31580E0D960212CA0E1FF3C01E2012C82E1032482E14B
S31580E0D970FF3801E2233482E1052083E0040052E1AE
S31580E0D980083083E00020A0930120A083030055E1C6
S31580E0D9900020A023000052E33700000A48019FE5FB
S31580E0D9A015FFFFEB2F0000EA443094E5000053E3D7
S31580E0D9B04100000A2230D4E5040053E33E00001A19
S31580E0D9C0001094E524019FE510F4FFEB04308DE22E
S31580E0D9D0000094E50210A0E30D20A0E1D30000EB67
S31580E0D9E004309DE5000053E33300000A00409DE5E6
S31580E0D9F0FC009FE50410A0E104F4FFEB0400A0E145
S31580E0DA00B83600EB000050E3E8009F15E3FFFF1A0D
S31580E0DA10041094E5212CA0E1FF3801E2012C82E19B
S31580E0DA20232482E1FF3C01E2033482E104209DE588
S31580E0DA30020053E1C0009F15D8FFFF1A041094E559
S31580E0DA40004086E5212CA0E1FF3801E2012C82E14D
S31580E0DA50232482E1FF3C01E2033482E1003087E562
S31580E0DA600050A0E3140000EA0030A0E3003086E531
S31580E0DA700150A0E3003087E50F0000EA0810A0E13E
S31580E0DA800520A0E174009FE5E0F3FFEB0C3094E520
S31580E0DA900500A0E1032CA0E1FF1C03E2232C82E138
S31580E0DAA0012482E1FF3803E20810A0E1232482E129
S31580E0DAB07F4800EB0540A0E1DFFFFFEA0500A0E13B
S31580E0DAC008D08DE2F081BDE8A59EE280C59DE2802A
S31580E0DAD0CA62E280FA9DE280169EE280BB8EE28098
S31580E0DAE02B9EE2803F9EE280549EE2806D9EE280A5
S31580E0DAF0DA9EE280189FE280239DE2803A9FE28070
S31580E0DB007D9EE2800100A0E31EFF2FE170402DE9BB
S31580E0DB100060A0E10140A0E10100A0E10110A0E3E6
S31580E0DB200350A0E1EDFCFFEB000050E3090000AA02
S31580E0DB30D0109FE5D0209FE5D0009FE5B3F3FFEBC3
S31580E0DB40CC009FE5A5F3FFEBC8009FE5A3F3FFEBD1
S31580E0DB500000E0E37080BDE8043094E50500A0E1D4
S31580E0DB60232CA0E1FF1803E2032C82E1212482E149
S31580E0DB70FF3C03E2032482E10410A0E1634300EB6F
S31580E0DB800400A0E1B6FDFFEB002050E21B0000BAE6
S31580E0DB90743096E5000053E30A00000A783096E593
S31580E0DBA0000053E30700000A802082E2021CA0E125
S31580E0DBB0FF3C02E2221C81E1031481E1FF3802E2AC
S31580E0DBC0231481E1041084E50410A0E10500A0E1BE
S31580E0DBD08F4300EB741096E5782096E50130A0E35C
S31580E0DBE00400A0E143FCFFEB0400A0E1C4FFFFEBEF
S31580E0DBF0000050E30000A0130000E0037080BDE861
S31580E0DC000200A0E17080BDE83956E280D2010000D2
S31580E0DC10519FE280739FE280C99CE280000052E3DC
S31580E0DC2008402DE90100000A020052E30500001ACF
S31580E0DC300100A0E11020A0E30010A0E3414B00EB3F
S31580E0DC4008309FE5000083E50000A0E30880BDE89A
S31580E0DC50E0F4E28010402DE90040A0E140D04DE2C2
S31580E0DC600410A0E10D00A0E14020A0E3104800EB05
S31580E0DC700D10A0E10000A0E34020A0E304008DE5C4
S31580E0DC80FC3C00EB041094E5012CA0E1FF3C01E2B2
S31580E0DC90212C82E1032482E1FF3801E2233482E110
S31580E0DCA0000063E0100F6FE1A002A0E140D08DE2BA
S31580E0DCB01080BDE80C3090E510402DE9032CA0E102
S31580E0DCC0FF1C03E2232C82E10040A0E1012482E1F3
S31580E0DCD0FF3803E2401084E2232482E10000A0E3DF
S31580E0DCE00138A0E3E83C00EB181094E5012CA0E1B4
S31580E0DCF0FF3C01E2212C82E1032482E1FF3801E24C
S31580E0DD00233482E1000063E0100F6FE1A002A0E11E
S31580E0DD101080BDE83C3080E20000A0E30420B3E55B
S31580E0DD20000052E301008012FBFFFF1A1EFF2FE185
S31580E0DD30F8402DE90370A0E10160A0E10250A0E186
S31580E0DD400040A0E1F2FFFFEB000056E10030A023A7
S31580E0DD500030872500308525F880BD2840E084E2C4
S31580E0DD6006119EE7012CA0E1FFCC01E2212C82E1A5
S31580E0DD700C2482E1FFC801E22CC482E13C2084E2EB
S31580E0DD80064184E03C4084E20010A0E300C087E5E1
S31580E0DD90040052E10A00000A0460B2E506CCA0E184
S31580E0DDA0FF3C06E226CC8CE103C48CE1FF3806E238
S31580E0DDB023348CE1033083E20330C3E3031081E054
S31580E0DDC0F2FFFFEA010080E200E18EE001E08EE012
S31580E0DDD000E085E5F880BDE808402DE920009FE574
S31580E0DDE01DEAFFEB000050E30300000A0010A0E309
S31580E0DDF01020A0E30840BDE8D24A00EA0201A0E391
S31580E0DE000880BDE8959FE28010402DE948009FE5B7
S31580E0DE1011EAFFEB004050E20300000A1020A0E385
S31580E0DE200010A0E31D4B00EB1080BDE82C009FE5C1
S31580E0DE3009EAFFEB003050E20300A0010200000A8D
S31580E0DE400410A0E11020A0E3144B00EB003099E52C
S31580E0DE501C3093E5030060E01080BDE89F9FE28080
S31580E0DE60959FE28008402DE920009FE5FAE9FFEBE7
S31580E0DE70000050E30300000A1020A0E30010A0E3B6
S31580E0DE80064B00EB0880BDE80840BDE8DDFFFFEA11
S31580E0DE90AA9FE280000051E11EFF2F01844700EA3D
S31580E0DEA010402DE90040A0E10410A0E114009FE5B8
S31580E0DEB0D6F2FFEB0400A0E10010A0E308209FE586
S31580E0DEC01040BDE8713C00EAB89FE2804BCCE2802E
S31580E0DED0003090E5000053E3050000BA020053E10C
S31580E0DEE00100001A080090E51EFF2FE10C0080E299
S31580E0DEF0F6FFFFEA0100A0E11EFF2FE10020A0E18E
S31580E0DF0004109FE504009FE5F0FFFFEAC49FE280EE
S31580E0DF10004DE2800020A0E104109FE504009FE52B
S31580E0DF20EAFFFFEACF9FE280B04BE2800020A0E1EB
S31580E0DF3004109FE504009FE5E4FFFFEAE49FE280AA
S31580E0DF40604DE2800020A0E104109FE504009FE59B
S31580E0DF50DEFFFFEAF29FE280B84CE280F0402DE9F6
S31580E0DF602020A0E30040A0E114D04DE2023084E01E
S31580E0DF706C119FE56C019FE5A4F2FFEB60119FE5D4
S31580E0DF8064019FE5A1F2FFEB1C00D4E5DAFFFFEB2D
S31580E0DF900060A0E11D00D4E5DDFFFFEB0070A0E1AD
S31580E0DFA01E00D4E5E0FFFFEB0050A0E11F00D4E5C2
S31580E0DFB0E3FFFFEB0620A0E10530A0E10710A0E13A
S31580E0DFC000008DE524019FE590F2FFEB10119FE5BF
S31580E0DFD01C019FE58DF2FFEB0C3094E5030CA0E18C
S31580E0DFE0FF2C03E2230C80E1020480E1FF3803E2A8
S31580E0DFF0230480E1A9FFFFEB103094E5F4009FE570
S31580E0E000032CA0E1FF1C03E2232C82E1012482E1C0
S31580E0E010FF3803E2232482E1C4109FE57BF2FFEB25
S31580E0E020143094E5D0009FE5032CA0E1FF1C03E2C9
S31580E0E030232C82E1012482E1FF3803E2232482E17A
S31580E0E0409C109FE571F2FFEB1E30D4E5FD3003E2D4
S31580E0E050040053E32000001A0400A0E12CFFFFEB4C
S31580E0E0607C109FE50050A0E30060A0E18C009FE576
S31580E0E07066F2FFEB060055E11700000A0C308DE2F0
S31580E0E0800400A0E10510A0E108208DE227FFFFEB68
S31580E0E0900520A0E148109FE564009FE55BF2FFEB79
S31580E0E0A00C009DE57DFFFFEB1E20D4E5003095E278
S31580E0E0B00130A013060052E30030A013000053E3C2
S31580E0E0C00300000A3C009FE514109FE508209DE5CB
S31580E0E0D04EF2FFEB015085E2E5FFFFEA14D08DE2D8
S31580E0E0E0F080BDE82FDBE28006A0E2801CA0E28023
S31580E0E0F02DA0E2803CA0E2804DA0E28063A0E28099
S31580E0E10079A0E28086A0E28096A0E280001090E589
S31580E0E11008402DE9012CA0E1FF3C01E2212C82E1BF
S31580E0E120032482E1FF3801E2233482E120209FE567
S31580E0E130020053E10400000AEA3400EB000050E3F9
S31580E0E1400200A0030000A0130880BDE80100A0E360
S31580E0E1500880BDE8561905271EFF2FE10000A0E3E1
S31580E0E1601EFF2FE1F7452DE928609DE52C709DE5A2
S31580E0E1700040A0E3010050E3004086E502A0A0E174
S31580E0E180004087E50B0000DA045091E5040055E194
S31580E0E1900800000A0500A0E1FC119FE50380A0E1EC
S31580E0E1A0084600EB000050E300008D0504008D0575
S31580E0E1B01000000A170000EA44309AE5000053E3B5
S31580E0E1C06200000A2230DAE5040053E35F00001AB9
S31580E0E1D00D00A0E3F70100EB00109AE5BC019FE596
S31580E0E1E00AF2FFEB00009AE50110A0E30D20A0E122
S31580E0E1F004308DE2CDFEFFEB00409DE5000054E368
S31580E0E20004309D1500408615044083100040871534
S31580E0E2100040A0135D0000EA0410A0E10500A0E143
S31580E0E2201020A0E3C74900EB0050A0E1B6FFFFEB6A
S31580E0E230010050E30040A0E14000001A0510A0E193
S31580E0E2405C019FE5F1F1FFEB0900A0E3D90100EB6A
S31580E0E250001095E588A09AE5013CA0E1FF2C01E25B
S31580E0E260213C83E1023483E1FF2801E2222483E139
S31580E0E27030319FE5030052E10300000A28019FE563
S31580E0E280D6F1FFEB0900E0E3060000EA0500A0E135
S31580E0E2906FFEFFEB000050E30400001A0C019FE5DF
S31580E0E2A0CEF1FFEB0A00E0E3C20100EB370000EAC3
S31580E0E2B00A00A0E3BF0100EB0500A0E126FFFFEB2B
S31580E0E2C000005AE30B00000AE4009FE5C3F1FFEB90
S31580E0E2D00500A0E176FEFFEB000050E30300001AA4
S31580E0E2E0D0009FE5BDF1FFEB0B00E0E3EDFFFFEA39
S31580E0E2F0C4009FE5B9F1FFEB0B00A0E3AD0100EBB5
S31580E0E3001C30D5E5050053E30500001A1D30D5E540
S31580E0E310080053E10200001A1E30D5E5030053E3FE
S31580E0E3201000000A0800A0E1F9FEFFEB0010A0E172
S31580E0E33088009FE5B5F1FFEB0C00E0E3D9FFFFEA4B
S31580E0E3407C009FE5A5F1FFEB0140A0E30F0000EA2A
S31580E0E3500E00A0E3970100EB0030A0E300308DE5EE
S31580E0E36004308DE5A3FFFFEA0C1095E5403085E2A9
S31580E0E370012CA0E100308DE5212C82E1FF3C01E219
S31580E0E380032482E1FF3801E2233482E1F3FFFFEAEE
S31580E0E3900400A0E10CD08DE2F085BDE8AEA0E2807D
S31580E0E3A01FA1E280B0A0E28056190527A362E28031
S31580E0E3B0B562E280CA62E280E562E280BB8EE2809C
S31580E0E3C0E8A0E28003A1E280F0412DE90080A0E1AF
S31580E0E3D010019FE50150A0E10260A0E10340A0E1C9
S31580E0E3E018709DE59CE8FFEB000050E32900000AE9
S31580E0E3F00010A0E31020A0E3524900EB010070E397
S31580E0E4000030A0E11A00001A000055E31A00000A65
S31580E0E410063085E0005084E50800A0E1003087E51D
S31580E0E4200510A0E10620A0E1794100EB0E0000EAAC
S31580E0E4300C00A0E35F0100EB002094E5A8009FE5D7
S31580E0E440022086E0002087E5001094E56FF1FFEB7F
S31580E0E450000094E50510A0E10620A0E10138A0E3E4
S31580E0E4608BFEFFEB84009FE55CF1FFEB0000A0E311
S31580E0E470F081BDE8000055E30300001A0000A0E348
S31580E0E480000084E5000087E5F081BDE8000053E305
S31580E0E4900800000A020000EA000055E3F6FFFF0AE2
S31580E0E4A00030E0E30800A0E10610A0E1012AA0E345
S31580E0E4B0B14100EB030000EA0800A0E10610A0E10C
S31580E0E4C0012AA0E3B94100EB000084E5003094E541
S31580E0E4D0000053E3D5FFFF1A14009FE53FF1FFEB01
S31580E0E4E00000E0E3F081BDE867A1E2808FA1E280F1
S31580E0E4F0BB8EE28073A1E28030402DE90040A0E14E
S31580E0E500905080E214D04DE2703090E56C1094E546
S31580E0E5100500A0E10C308DE542FCFFEB682094E538
S31580E0E520641094E5783084E200308DE50500A0E162
S31580E0E530022061E0743084E2A2FFFFEB000050E34A
S31580E0E5400D00001A0500A0E16C1084E20C208DE23B
S31580E0E55056FCFFEB000050E30700001A0C209DE517
S31580E0E560000052E30200A0010300000A0400A0E1DB
S31580E0E5706C1094E50530A0E163FDFFEB14D08DE2ED
S31580E0E5803080BDE838209FE50E10D2E5B030D2E18C
S31580E0E590050051E3833083000400000A1331A0E1D3
S31580E0E5A0071083E2000053E30130A0B1C331A0E15C
S31580E0E5B0003080E5B230D2E1000090E5930000E0E3
S31580E0E5C01EFF2FE17000E38030309FE50030D3E519
S31580E0E5D0000053E31EFF2F0124309FE513402DE911
S31580E0E5E004008DE2004093E5E5FFFFEB001084E058
S31580E0E5F00400A0E10DCBFFEB08D08DE21080BDE8F2
S31580E0E6008115E3806815E38030402DE9EC009FE5D5
S31580E0E61044D04DE21010A0E3E4209FE50940A0E15C
S31580E0E6203AE8FFEB1C0084E51C3099E5000053E3F3
S31580E0E6300300001ACC009FE5F4F0FFEB0040E0E336
S31580E0E6402B0000EA190AA0E3D7F2FFEB0050A0E125
S31580E0E650D15300EB010070E30040A0E10200001A14
S31580E0E660A4009FE5E9F0FFEB210000EA191AA0E398
S31580E0E6701C2099E50500A0E1BB0500EB0500A0E1C3
S31580E0E6803CF2FFEB84509FE51C4099E5004085E530
S31580E0E6900400A0E14C2900EB74009FE51C2099E57D
S31580E0E6A00930A0E1020054E11C309915003085154F
S31580E0E6B0B3FFFFEB5C309FE50150A0E30050C3E57C
S31580E0E6C0582C00EB50309FE50040A0E3B040C3E11A
S31580E0E6D048309FE50410A0E104008DE23C20A0E3F1
S31580E0E6E0B050C3E1404500EB0C008DE230109FE571
S31580E0E6F0A54400EB0400A0E144D08DE23080BDE883
S31580E0E7003E8AE2800020D08348A5E28068A5E28048
S31580E0E7106815E3807815E3808015E3806415E380EF
S31580E0E7206C15E38082A5E28038402DE954309FE580
S31580E0E7300040A0E3004083E54C309FE54C109FE528
S31580E0E740001083E548209FE548309FE548509FE5E7
S31580E0E750B230D3E1002092E5000095E5930202E035
S31580E0E760214500EB34309FE5002095E5002083E5E8
S31580E0E7702C309FE5B040C3E128309FE5B040C3E14F
S31580E0E7803840BDE88FFFFFEA7415E3807C15E380AF
S31580E0E790FFFF00007815E3807000E3806815E38072
S31580E0E7A07015E3806415E3806C15E38008402DE9FD
S31580E0E7B0DCFFFFEB0000A0E30880BDE837402DE9F1
S31580E0E7C00050A0E104008DE26DFFFFEBFF3EC5E364
S31580E0E7D00F30C3E3FF0E80E20F4080E2FF4EC4E3DA
S31580E0E7E00F40C4E310009FE5034064E087F0FFEB51
S31580E0E7F00400A0E10CD08DE23080BDE886A5E28001
S31580E0E800F0412DE90370A0E1013051E50240A0E13D
S31580E0E810090053E318809DE5016041E20050A001C4
S31580E0E8201E00001A003094E5080053E1050000DA86
S31580E0E83090009FE569F0FFEB003094E5013043E21C
S31580E0E840003084E5F6FFFFEA7C809FE5060055E12F
S31580E0E8500530A0E11600002A0030D3E5015085E2BC
S31580E0E860090053E3002094E50700001A070002E25E
S31580E0E870000088E059F0FFEB003094E50730C3E311
S31580E0E880083083E2003084E5EFFFFFEA012082E290
S31580E0E890002084E5010055E544F0FFEBEAFFFFEA5E
S31580E0E8A020009FE54DF0FFEB003094E5013043E238
S31580E0E8B0003084E5003097E50600A0E1013043E2D0
S31580E0E8C0003087E5F081BDE81C5DE28052DDE280C4
S31580E0E8D0F8402DE9000051E30250A0E10070A0E18C
S31580E0E8E018609DE51C209DE5004093E50200001A36
S31580E0E8F0000095E5040050E12200001A012042E282
S31580E0E900020054E10200009A0700A0E3F840BDE867
S31580E0E91026F0FFEA014084E2000051E3004083E50F
S31580E0E9201800000A001095E5044061E0010054E318
S31580E0E9300400009A010081E2000086E0011086E092
S31580E0E940012044E2DA4400EB003095E560009FE583
S31580E0E9500370C6E7002095E50410A0E1022086E07A
S31580E0E9602AF0FFEB003095E5013083E2003085E563
S31580E0E970014054E20200000A0800A0E30BF0FFEB3E
S31580E0E980FAFFFFEAF880BDE8003095E520009FE5D4
S31580E0E9900370C6E7002095E50110A0E3022086E03B
S31580E0E9A01AF0FFEB003095E5013083E2003085E533
S31580E0E9B0F880BDE8B0A5E2801EFF2FE1043099E53E
S31580E0E9C0F04D2DE9013013E228D04DE20080A0E140
S31580E0E9D00140A0E10C208DE5D101000A48299FE5A0
S31580E0E9E0003092E50200A0E1000053E31400001A33
S31580E0E9F038299FE50010E0E3003082E530299FE585
S31580E0EA0030E99FE5003082E52C299FE503C0A0E14F
S31580E0EA10001082E524299FE5003082E520299FE5E4
S31580E0EA20831483E0015082E003518EE7013083E274
S31580E0EA30140053E302C0C1E7F8FFFF1A0130A0E3F8
S31580E0EA40003080E5000058E30100000A0800A0E1FC
S31580E0EA50E2EFFFEB0030A0E30400A0E110308DE5AB
S31580E0EA6014308DE5FD4300EB000050E30050841048
S31580E0EA700460A0110400001A0170A0E30050A0E336
S31580E0EA8007B0A0E1B0A89FE5290000EA050056E1BD
S31580E0EA90F8FFFF0A023CA0E30100D6E40110A0E300
S31580E0EAA004308DE500408DE510208DE214308DE256
S31580E0EAB086FFFFEBF4FFFFEAB3EFFFEB000050E3E6
S31580E0EAC02800000A0070A0E3A6EFFFEBFF0000E25B
S31580E0EAD00A0050E30D0050130160A0030060A0130C
S31580E0EAE02600000A000055E34100001A0B0050E3BF
S31580E0EAF0BA00000A7500008A040050E39E00000A0E
S31580E0EB006600009A060050E36A00001A10309DE520
S31580E0EB1014209DE5020053E10400002A0300D4E7B7
S31580E0EB20A2EFFFEB10309DE5013083E210308DE5FA
S31580E0EB300050A0E30C309DE5000053E30030A003D5
S31580E0EB4001300712000053E3DEFFFF0A0DC6FFEB3C
S31580E0EB50F0379FE50C209DE59302E1E00060A0E1BF
S31580E0EB600170A0E1D3FFFFEA06C6FFEB070051E1A3
S31580E0EB7006005001CFFFFF3A0100E0E3E80100EA3A
S31580E0EB800A00A0E389EFFFEB14509DE50030A0E397
S31580E0EB900530C4E70030D4E594679FE5210053E370
S31580E0EBA0000053135901000A002096E584379FE55B
S31580E0EBB00410A0E1020193E7734300EB003096E591
S31580E0EBC068279FE5013083E2001092E5130053E366
S31580E0EBD00030A0C3010053E1003082C55C279FE589
S31580E0EBE0003086E5003092E5013083E2003082E550
S31580E0EBF0460100EA010055E30C00001A5B0050E391
S31580E0EC002100CD050250A003C9FFFF0A023CA0E324
S31580E0EC1004308DE52000DDE500408DE50B10A0E1B8
S31580E0EC2010208DE214308DE228FFFFEBBFFFFFEA74
S31580E0EC30413040E2070053E303F19F97070000EA83
S31580E0EC4020EFE08064EFE0800CEBE0805CEDE0803C
S31580E0EC5060ECE08060ECE08060ECE08030EDE080CD
S31580E0EC6028308DE2016085E2055083E0080045E5C5
S31580E0EC7020508DE2016056E2ACFFFF3A023CA0E311
S31580E0EC800100D5E40B10A0E104308DE500408DE570
S31580E0EC9010208DE214308DE20CFFFFEBF4FFFFEAEB
S31580E0ECA0020050E32C00000A2900008A010050E3AC
S31580E0ECB00E01001A1D0000EA5900003A080050E3F0
S31580E0ECC07A00000A090050E3E900000A070100EA39
S31580E0ECD0150050E35D00000A0700008A0F0050E34C
S31580E0ECE001B02B0292FFFF0A100050E38B00000A6E
S31580E0ECF00E0050E3FD00001A990000EA1B0050E385
S31580E0ED002000CD050150A00389FFFF0A0200008A9A
S31580E0ED10180050E34D00000AF40000EA7F0050E35B
S31580E0ED206200000AFF0050E36000000AEF0000EA9C
S31580E0ED3010509DE5000055E37DFFFF0A0800A0E343
S31580E0ED401AEFFFEB10309DE5013043E210308DE5A0
S31580E0ED50F6FFFFEA0050C4E51B0100EA10509DE58E
S31580E0ED60000055E372FFFF0A0800A0E30FEFFFEB18
S31580E0ED7010309DE5013043E26BFFFFEA10009DE530
S31580E0ED8014609DE5060050E169FFFF2A016046E2D6
S31580E0ED90006056E00900000A011080E2011084E07C
S31580E0EDA00620A0E1000084E0C14300EB10209DE551
S31580E0EDB094059FE50610A0E1022084E013EFFFEBC7
S31580E0EDC02000A0E3F9EEFFEB0800A0E3F7EEFFEB0F
S31580E0EDD0000056E3016046E2FAFFFF1A4C0000EAC3
S31580E0EDE010309DE514109DE5010053E150FFFF2AA8
S31580E0EDF058059FE5011063E054259FE503EFFFEB9F
S31580E0EE000800A0E3E9EEFFEB14309DE510209DE5D8
S31580E0EE10013043E2020053E114308DE5F7FFFF8ACB
S31580E0EE2043FFFFEA10209DE514109DE5010052E1C5
S31580E0EE303FFFFF2A011062E00C059FE5022084E097
S31580E0EE40F2EEFFEB14309DE510308DE538FFFFEAFA
S31580E0EE5010309DE5000053E30500000A0800A0E3BA
S31580E0EE60D2EEFFEB10309DE5013043E210308DE5C8
S31580E0EE70F6FFFFEA14109DE5000051E32CFFFF0A40
S31580E0EE80C8049FE5C8249FE5E0EEFFEB0800A0E319
S31580E0EE90C6EEFFEB14309DE510209DE5013043E2A0
S31580E0EEA0020053E114308DE5F7FFFF8A20FFFFEA89
S31580E0EEB010109DE5000051E31DFFFF0A14609DE5FB
S31580E0EEC0010041E2066061E00620A0E1011084E0F5
S31580E0EED010008DE5000084E0754300EB0800A0E3B8
S31580E0EEE0B2EEFFEB10209DE55C049FE50610A0E105
S31580E0EEF0022084E0C5EEFFEB2000A0E3ABEEFFEB63
S31580E0EF000800A0E3A9EEFFEB000056E3016046E2CD
S31580E0EF10FAFFFF1A14309DE5013043E2710000EA02
S31580E0EF2000209AE5000052E3260000BA013042E272
S31580E0EF30010073E300308AE5F0339F05F0139FE527
S31580E0EF400030930500308A05EC339FE5001091E5AB
S31580E0EF50003093E5010053E100208A051200001A93
S31580E0EF60180000EA00309AE5000053E3150000BA85
S31580E0EF70BC239FE5002092E5020053E11100000AE0
S31580E0EF80A8139FE5013083E2001091E500308AE521
S31580E0EF90010053E10030A0C300308AC598339FE575
S31580E0EFA0003093E5020053E10400000A84239FE5E4
S31580E0EFB0035192E7000055E30500001A010000EADC
S31580E0EFC08C539FE5020000EA0700A0E377EEFFEBB3
S31580E0EFD0D6FEFFEA10309DE5000053E30500000A07
S31580E0EFE00800A0E371EEFFEB10309DE5013043E2CF
S31580E0EFF010308DE5F6FFFFEA14109DE5000051E341
S31580E0F0000F00001A0510A0E10400A0E15E4200EBCB
S31580E0F0100400A0E1914200EB10209DE5000052E162
S31580E0F0200010A0E114008DE5C0FEFF2A011062E029
S31580E0F03014039FE5022084E074EEFFEB14309DE537
S31580E0F040B9FEFFEA04039FE504239FE56FEEFFEB3D
S31580E0F0500800A0E355EEFFEB14309DE510209DE51A
S31580E0F060013043E2020053E114308DE5F7FFFF8A79
S31580E0F070E3FFFFEA10309DE514209DE5020053E1B1
S31580E0F0800200002A0700A0E348EEFFEBA8FEFFEAB5
S31580E0F0900020A0E30320C4E70800A0E16F4200EB74
S31580E0F0A014309DE528208DE20410A0E1030080E085
S31580E0F0B010309DE51C008DE5103022E50800A0E1CA
S31580E0F0C01C308DE28AECFFEB000050E398FEFF0AED
S31580E0F0D010309DE518109DE510108DE5012063E068
S31580E0F0E014309DE5023083E014308DE590FEFFEA32
S31580E0F0F0023CA0E304308DE500408DE50B10A0E1F5
S31580E0F10010208DE214308DE2F0FDFFEB88FEFFEA01
S31580E0F11024329FE5002096E5002083E50500A0E106
S31580E0F1207F0000EA000050E31C308DE50070A0010E
S31580E0F1300300000A494200EB0070A0E10800A0E16C
S31580E0F14026EEFFEB0CA29FE50450A0E120708DE552
S31580E0F15004EEFFEBFF6000E20A0056E31200000ACD
S31580E0F160060000CA030056E31500000A080056E3CD
S31580E0F1703500000A000056E3F4FFFF0A3D0000EA8E
S31580E0F180150056E31200000A020000CA0D0056E39D
S31580E0F1900500000A370000EA170056E31900000A66
S31580E0F1A07F0056E32800000A320000EA0030A0E340
S31580E0F1B0A4019FE50030C5E508EEFFEB050064E0BD
S31580E0F1C0570000EA0030A0E30030C4E50000E0E349
S31580E0F1D0530000EA20309DE5070053E1050000DAA0
S31580E0F1E078019FE5FDEDFFEB20309DE5013043E2C0
S31580E0F1F020308DE5F6FFFFEA0030A0E31C308DE598
S31580E0F2000450A0E1D1FFFFEA1C309DE5000053E306
S31580E0F2100600000A0510A0E100708DE50400A0E17B
S31580E0F22020208DE21C308DE274FDFFEB0050A0E1E2
S31580E0F2301C309DE5000053E3C4FFFFDA0030D5E5DE
S31580E0F240200053E3F2FFFF1AC0FFFFEA1C309DE582
S31580E0F250000053E3BDFFFF0A0510A0E100708DE5D5
S31580E0F2600400A0E120208DE21C308DE263FDFFEBFF
S31580E0F2700050A0E1B5FFFFEA1C309DE50A0053E1AE
S31580E0F280240000CA090056E31400001A0030A0E307
S31580E0F2900030C5E50800A0E1C4109FE51C208DE2A2
S31580E0F2A020308DE212ECFFEB000050E31C509D1500
S31580E0F2B005508410A5FFFF1A20309DE5A4009FE548
S31580E0F2C0073003E2030080E0C4EDFFEB20309DE5EC
S31580E0F2D00730C3E3083083E220308DE5070000EA9B
S31580E0F2E020309DE518008DE2013083E220308DE507
S31580E0F2F00030A0E31860CDE51930CDE5B7EDFFEB42
S31580E0F3000060C5E51C309DE5015085E2013083E271
S31580E0F3101C308DE58DFFFFEA0700A0E3A3EDFFEB50
S31580E0F3208AFFFFEA28D08DE2F08DBDE8F03FE380EA
S31580E0F330E83DE380EC3DE3808415E380E4F4E2801D
S31580E0F340F43FE380D415E380001BB700B0A5E280EC
S31580E0F350B5A5E280EEDAE280FD010000E3BDE28061
S31580E0F3601C5DE280F83FE38052DDE28008109FE595
S31580E0F3700020A0E30020C1E58FFDFFEAF83FE380AF
S31580E0F38010402DE904E041E20040A0E30020A0E146
S31580E0F3900130D0E4200053E309005313FAFFFF0A5B
S31580E0F3A0000053E30B00000A014084E20420AEE54E
S31580E0F3B002C0A0E10130D2E4000053E30500000A78
S31580E0F3C0090053E3200053130130A0130030A0035B
S31580E0F3D0F6FFFF1A010000EA043181E7060000EA41
S31580E0F3E0200054E301008CE20030CCE5E6FFFF1A12
S31580E0F3F00C009FE50410A0E184EDFFEB0400A0E1A2
S31580E0F4001080BDE8B9A5E280F04D2DE90130A0E39A
S31580E0F4106ADE4DE20040A0E10C108DE518308DE506
S31580E0F420BCEDFFEB000054E30800000A0030D4E5B1
S31580E0F430000053E30500000A0400A0E1874100EBE9
S31580E0F440020C50E30300003AF8029FE563EDFFEB20
S31580E0F4500000E0E3B90000EAA0008DE20410A0E13C
S31580E0F460494100EB0080A0E3A0708DE21CA08DE214
S31580E0F4700030D7E5000053E3AD00000A013047E2F3
S31580E0F4800020A0E3013083E20010D3E508308DE56B
S31580E0F490000051E31300000A270051E30200001A3E
S31580E0F4A0010053E55C0050E301202212030057E19E
S31580E0F4B03B1041E2111F6FE1010022E2A112A0E1BF
S31580E0F4C00010A003010010E1EDFFFF0A012053E5E3
S31580E0F4D05C0052E30020A0E3E9FFFF0A0020C3E5D9
S31580E0F4E0013083E208308DE50700A0E15B4100EB67
S31580E0F4F00030A0E3026CA0E30310A0E103C0A0E12A
S31580E0F5002A5E8DE2000056E3000050130E00000AEA
S31580E0F510030053E3012087E20040D7E501B040E2F3
S31580E0F5205A00000A5C005CE35CE044E21EEF6FE1B7
S31580E0F530AEE2A0E100E0A00300005EE31000000A76
S31580E0F54000005BE3020040E20400001A000056E39C
S31580E0F550016045050030A0130030C515610000EA62
S31580E0F560010053E3022087E20140D7E51600000A56
S31580E0F570020053E32300000A00B0A0E15CC0A0E3F0
S31580E0F580030000EA010053E31000000A020053E39F
S31580E0F5901D00000A5C305CE20130A013270054E3D2
S31580E0F5A00000A01301000302000050E34200001AAD
S31580E0F5B0240054E30030A01301300302000053E33B
S31580E0F5C00130A0134300001A370000EA00B0A0E142
S31580E0F5D0280054E37B0054130130A0030030A013CD
S31580E0F5E03700000A010056E32400A0E30000C5E5E9
S31580E0F5F00140C515015085020360A00102604612F4
S31580E0F60002508512330000EA00B0A0E1290054E3FD
S31580E0F6107D0054132B00001A02C061E001C04CE269
S31580E0F6200030A0E30C0053E14A0E8DE203E0D1B74F
S31580E0F63003E0C0B7013083B2F9FFFFBA14208DE54D
S31580E0F6406A2E8DE2033082E00020A0E310108DE583
S31580E0F650002243E500E4FFEB10109DE514209DE5D4
S31580E0F660000050E3010040120600000A0130F0E598
S31580E0F670000053E30300000A000056E30130C5149E
S31580E0F68001604612F8FFFF1A0030A0E3110000EA9D
S31580E0F6905C005CE3270044E2100F6FE1A002A0E18A
S31580E0F6A00000A003000050E30800001A0040C5E512
S31580E0F6B0016046E2015085E2060000EA0330A0E3FD
S31580E0F6C0030000EA0210A0E10230A0E3010000EAB4
S31580E0F6D00030A0E32740A0E30B00A0E104C0A0E156
S31580E0F6E00270A0E186FFFFEA0A10A0E12A0E8DE211
S31580E0F6F022FFFFEB001050E20080E0030A00000AE0
S31580E0F7000030A0E300308DE50A20A0E118308DE2DC
S31580E0F7100C009DE529ECFFEB000050E30080E01350
S31580E0F720F8ECFFEB000050E348FFFF1A08709DE518
S31580E0F7304EFFFFEA000058E318009D0543FFFF1ADD
S31580E0F7406ADE8DE2F08DBDE8D8A5E28008402DE93D
S31580E0F7502CFFFFEB010070E30000A0130100A00383
S31580E0F7600880BDE8010071E3F8402DE90050A0E192
S31580E0F7700140A0E10700001AB84000EB0A10A0E3C0
S31580E0F7800040A0E10500A0E1A94000EB000050E3C5
S31580E0F7900060A0010A00000A010084E282EEFFEB2D
S31580E0F7A0006050E21E00000A0510A0E10420A0E1FE
S31580E0F7B0244100EB0030A0E30430C6E70650A0E128
S31580E0F7C00160A0E30540A0E10500A0E10070A0E3B0
S31580E0F7D00110D4E4000051E31500000A0A0051E369
S31580E0F7E0FAFFFF1A017044E50030D0E5000053E3EC
S31580E0F7F00100001A0400A0E1F4FFFFEA0010A0E394
S31580E0F80000FFFFEB000050E3F9FFFFAA0140A0E311
S31580E0F810000056E30400000A0500A0E1D5EDFFEB09
S31580E0F820010000EA0100A0E3F880BDE80400A0E161
S31580E0F830F880BDE80040D0E5000054E3F3FFFF0A1E
S31580E0F840F0FEFFEB0040E0E1A44FA0E1EFFFFFEA2E
S31580E0F850F3412DE9A200A0E356FCFFEB7C129FE585
S31580E0F8607C029FE569E2FFEB0010A0E374029FE56E
S31580E0F870B5FFFFEB70029FE577E3FFEB000050E317
S31580E0F8800120A0030300000A0A20A0E30010A0E301
S31580E0F890784400EB0020A0E14C129FE54C0099E50E
S31580E0F8A08D3700EB0050A0E140029FE56AE3FFEB75
S31580E0F8B038129FE50060A0E14C0099E5963700EBB1
S31580E0F8C02C129FE5000050E30060A0114C2099E5E2
S31580E0F8D00040A0E10020A0E34C0099E57E3700EBF4
S31580E0F8E0003050E20300000A08129FE508029FE517
S31580E0F8F0011083E063E2FFEB4C0099E5FC119FE5A4
S31580E0F9000020A0E3743700EB003050E20300000AE9
S31580E0F910E0119FE5E8019FE5011083E059E2FFEB06
S31580E0F9204C0099E5DC119FE50020A0E36A3700EB07
S31580E0F930000050E31900000A000054E304408DE51E
S31580E0F9400200001AC0019FE530ECFFEB120000EAEE
S31580E0F9500100A0E365ECFFEB04009DE5C3E9FFEB66
S31580E0F960003050E20300001A04109DE59C019FE5FB
S31580E0F97026ECFFEB080000EA0CC093E50010A0E35C
S31580E0F9800120A0E304308DE23CFF2FE104109DE5E9
S31580E0F9900020A0E178019FE51CECFFEB6D3700EBE2
S31580E0F9A0000056E3010075133300000A000055E3BA
S31580E0F9B0010000AA0040A0E30A0000EA0510A0E1E9
S31580E0F9C050019FE511ECFFEBEFEBFFEB000050E31E
S31580E0F9D0F7FFFF0AE3EBFFEB3C019FE5FFEBFFEB75
S31580E0F9E0242800EB0140A0E330719FE5013024E25A
S31580E0F9F0000055E30030A0D3013003C2000053E39A
S31580E0FA001500000A0000A0E37AC2FFEB0080A0E1C7
S31580E0FA10DDEBFFEB004050E20400000AD1EBFFEBA8
S31580E0FA20142800EB0140A0E30050A0E3060000EAC2
S31580E0FA30EC009FE5E34000EB0800A0E16DC2FFEB40
S31580E0FA40070050E1F1FFFF9A015045E20510A0E181
S31580E0FA50D0009FE5EDEBFFEBE3FFFFEA0A00A0E3D2
S31580E0FA60D2EBFFEB000054E30300001A0600A0E1AE
S31580E0FA700010E0E30420A0E139FFFFEBA8509FE50A
S31580E0FA800140A0E3A4009FE537FEFFEB000050E3D2
S31580E0FA90040000DA98109FE58C009FE5BA3F00EB02
S31580E0FAA00010A0E3060000EA010070E30200001AFD
S31580E0FAB080009FE5C9EBFFEB040000EA101F6FE1D1
S31580E0FAC0A112A0E160009FE51FFFFFEB0040A0E1EF
S31580E0FAD0000054E30030A0D30030C5D5E8FFFFEA4C
S31580E0FAE05BDDE280EEA5E280C68BE280F2A5E28075
S31580E0FAF0FCA5E28004A6E28000FEDF8012A6E2801A
S31580E0FB001BA6E2802BA6E28034A6E2803FA6E280B6
S31580E0FB102884E2806CA6E2808FA6E280B4A6E280AA
S31580E0FB20E703000010270000BAA6E280F03DE380FC
S31580E0FB308993E280F83FE380C2A6E280010052E347
S31580E0FB40160000DAF0412DE90250A0E10170A0E153
S31580E0FB50044083E20160A0E30480A0E1000098E530
S31580E0FB60BDE2FFEB044084E2000050E30300001AAC
S31580E0FB70001098E534009FE5A4EBFFEB090000EA6E
S31580E0FB800710A0E1F0FEFFEB000050E30500001A4D
S31580E0FB90016086E2050056E1EEFFFF1AF081BDE8DE
S31580E0FBA00000E0E31EFF2FE10100A0E3F081BDE865
S31580E0FBB02884E28030402DE9A131A0E184D04DE275
S31580E0FBC021E1A0E100C0A0E3000053E30C20A0E126
S31580E0FBD00600000A032190E70C218DE70320E0E18F
S31580E0FBE0032180E701C08CE2C330A0E1F5FFFFEAA4
S31580E0FBF000C090E5003080E5003090E580408DE201
S31580E0FC00000053E3024184E080C004E50130A003B4
S31580E0FC1000C080150130A0131000000A0E0053E1E9
S31580E0FC200120423202119D37031180378330A031A3
S31580E0FC30F9FFFF3A0000A0E3140000EA012042E267
S31580E0FC40035190E702419DE7034180E70340E0E10D
S31580E0FC50040055E103C1A0E18330A0E10200001A6F
S31580E0FC600E0053E1F4FFFF3A070000EA0E0053E18D
S31580E0FC700120423202119D37031180378330A03153
S31580E0FC80F9FFFF3A0C00A0E1000000EA0100A0E1E4
S31580E0FC9084D08DE23080BDE8F8452DE9743090E57A
S31580E0FCA0B040D2E10C8093E5B230D2E1B4A0D2E1AB
S31580E0FCB0034064E0014084E20070A0E10160A0E1DD
S31580E0FCC00250A0E1844084E0B630D5E103005AE1F9
S31580E0FCD00A0000CAB000D5E1BC31D7E10610A0E148
S31580E0FCE09A0323E00420A0E1830083E0000088E01B
S31580E0FCF0D43F00EB046086E001A08AE2F1FFFFEAF0
S31580E0FD00F885BDE838402DE9745090E5000055E36C
S31580E0FD101100000A081095E903306CE0030052E117
S31580E0FD200240A0310340A021000054E30C00000A09
S31580E0FD30000051E30400000A0100A0E1001095E50F
S31580E0FD400420A0E10C1081E0BE3F00EB083095E591
S31580E0FD50043083E0083085E5010000EA0500A0E193
S31580E0FD603880BDE80400A0E13880BDE830402DE968
S31580E0FD7094D04DE20030A0E308008DE5010AA0E3CF
S31580E0FD800C108DE510308DE514208DE506EDFFEB4A
S31580E0FD9008308DE200308DE564109FE5013AA0E3FE
S31580E0FDA00040A0E10420A0E118008DE2120100EB02
S31580E0FDB0005050E20B00001AB413DDE1B623DDE11A
S31580E0FDC040009FE511EBFFEB18008DE238109FE5D0
S31580E0FDD00520A0E1C00200EB000050E32C009F1557
S31580E0FDE00200000A000000EA24009FE507EBFFEB33
S31580E0FDF00400A0E15FECFFEB0000E0E394D08DE24D
S31580E0FE003080BDE804FDE080CFA6E28098FCE0800B
S31580E0FE10DFA6E280F8A6E28000009FE51EFF2FE1E4
S31580E0FE203042E380000050E31100000AF8402DE9FB
S31580E0FE3044609FE50070A0E13450B6E5060055E1E8
S31580E0FE400100001A0000A0E3F880BDE8344045E2F6
S31580E0FE50080084E20710A0E1DA3E00EB000050E300
S31580E0FE600100001A0400A0E1F880BDE8005095E5A5
S31580E0FE70F1FFFFEA0000A0E31EFF2FE1FC41E380F3
S31580E0FE80000050E31EFF2F0138402DE93C10A0E32F
S31580E0FE900050A0E10100A0E346EEFFEB004050E217
S31580E0FEA00200000A0510A0E13C20A0E3653F00EBDC
S31580E0FEB00400A0E13880BDE808402DE9EFFFFFEBC4
S31580E0FEC0000050E324309F153410801238209315BB
S31580E0FED038108315343083123430801538208015FD
S31580E0FEE00000A013001082150000E0030880BDE842
S31580E0FEF0FC41E38070309FE504E02DE5342083E229
S31580E0FF0044D04DE2342083E5382083E5BDF9FFEB2C
S31580E0FF103C20A0E304008DE20010A0E3323F00EB3A
S31580E0FF2048109FE50C008DE2973E00EB0E31A0E392
S31580E0FF3004308DE538309FE524308DE534309FE51B
S31580E0FF4028308DE530309FE530308DE504008DE258
S31580E0FF5028309FE52C308DE5D6FFFFEB2E1B00EB9E
S31580E0FF600000A0E344D08DE204F09DE4FC41E38010
S31580E0FF7012A7E280086FE180246FE180E06EE18085
S31580E0FF80F46EE1802C309FE5031081E2013003E0DE
S31580E0FF90BC16D0E10020A0E1030051E1011063200E
S31580E0FFA0BC16C021680090250000A0330330802075
S31580E0FFB0683082251EFF2FE1FCFF0000F8452DE921
S31580E0FFC00050A0E1046095E50C70D0E50080A0E3E8
S31580E0FFD0B000D0E10020D6E501A0A0E10840A0E194
S31580E0FFE0000057E31B00001A000050E30160861210
S31580E0FFF00700001A086095E5703095E50500A0E1F8
S31580E100000610A0E1022CA0E333FF2FE1000050E3CC
S31580E100101F00000A013040E20338A0E1000058E306
S31580E100202308A0E10020D6E50600000A000052E39D
S31580E100301900001A0010E0E30280A0E10010C6E595
S31580E10040FF20A0E3020000EAFF0052E30180A00363
S31580E100500800000A8070A0E38448A0E1070012E16D
S31580E100602448A0E1014084120448A0112448A0114B
S31580E10070A770A0E101A04AE200005AE3D7FFFF1A88
S31580E10080B000C5E10C70C5E5046085E50400A0E13A
S31580E10090F885BDE80100E0E3F885BDE80500E0E329
S31580E100A0F885BDE8F34D2DE90050A0E1046095E5C2
S31580E100B002C0A0E10C80D0E500A0A0E3B000D0E1D1
S31580E100C00020D6E501B0A0E11070A0E30A40A0E1EE
S31580E100D000308DE5000058E31E00001A000050E371
S31580E100E0016086120900001A086095E5703095E591
S31580E100F00500A0E10610A0E1022CA0E304C08DE595
S31580E1010033FF2FE104C09DE5000050E33300000A90
S31580E10110010040E20008A0E100005AE32008A0E1E6
S31580E101200020D6E50800000A000052E30100000A3B
S31580E10130BC009FE52A0000EA0030E0E302A0A0E1EE
S31580E101400030C6E5FF20A0E3010000EAFF0052E3AC
S31580E101501E00000A8080A0E38448A0E10010DBE570
S31580E1016000309DE5080012E12448A0E101408412B7
S31580E10170011083E00448A0110118A0E12448A011F0
S31580E10180A880A0E12118A0E103E8A0E12E0851E1D1
S31580E101900800000AB2E0DCE004005EE10C80C505FF
S31580E101A0B000C501046085050000D3050C00000A96
S31580E101B0013083E2F3FFFFEA017047E20778A0E1CD
S31580E101C001B08BE22778A0E100308DE5000000EAFE
S31580E101D001A0A0E3000057E3BDFFFF1AD3FFFFEACA
S31580E101E010009FE50008A0E14008A0E108D08DE27B
S31580E101F0F08DBDE8FAFF0000FEFF0000000052E34B
S31580E10200A801000AF04D2DE918D04DE2BC36C0E1D7
S31580E1021038309DE5743080E50030A0E3701080E5EC
S31580E10220682080E5BA31C0E1203080E5303080E574
S31580E10230403080E5243080E5343080E5443080E527
S31580E10240283080E5383080E5483080E52C3080E51F
S31580E102503C3080E54C3080E5503080E5543080E5B7
S31580E10260583080E55C3080E5021CA0E30040A0E1E7
S31580E1027043FFFFEB000050E30060A0E1080084E566
S31580E102809001000A703094E50400A0E10610A0E137
S31580E102900220A0E333FF2FE1020050E37F01001A41
S31580E102A00020D6E50130D6E5023483E10338A0E1CA
S31580E102B00A0773E38101001A0050A0E1703094E5EA
S31580E102C00400A0E10610A0E10420A0E333FF2FE1C2
S31580E102D0040050E37101001A0130D6E50020D6E52D
S31580E102E00280D6E5022483E10330D6E50228A0E147
S31580E102F0088483E1020058E32218A0E16F01009AA5
S31580E10300222CA0E1FF0052E36C01001A028048E250
S31580E103100888A0E12888A0E1043088E2035085E0DE
S31580E10320FF3001E2C03043E21D0053E303F19F97C2
S31580E10330530100EAAC03E180B808E180B808E180C6
S31580E10340B808E180A404E180B808E180B808E180DA
S31580E10350B808E1808408E180B808E180B808E180E6
S31580E10360B808E1808408E180B808E180B808E180D6
S31580E10370B808E1808408E1808408E1808408E1802E
S31580E103808408E1808408E1808408E1808408E18052
S31580E103908408E1808408E180B808E1802407E1806F
S31580E103A07C06E1808408E1806C04E180020C58E3FC
S31580E103B03E01008A703094E50400A0E10610A0E1D8
S31580E103C00820A0E133FF2FE1080050E13301001A54
S31580E103D00320D6E50430D6E5023483E1BC31C4E1BD
S31580E103E00120D6E50230D6E5023483E1BE31C4E1AF
S31580E103F00530D6E5030053E32E01001A0610A0E18D
S31580E104000F0084E20030A0E3000053E30720D1E54A
S31580E104100800001A21C042E2110052E301005C1398
S31580E104202401008A22C2A0E10F2002E20EC0C4E5C7
S31580E104300F20C4E5010000EA110052E31D01001A14
S31580E104400820D1E5030052E31A01008A013083E2F4
S31580E104500338A0E12338A0E1030053E30120E0E57E
S31580E10460031081E2E7FFFF1A93FFFFEA020C58E3EC
S31580E104700E01008A703094E50400A0E10610A0E147
S31580E104800820A0E133FF2FE1080050E10301001AC3
S31580E104900020D6E50130D6E5023483E1BA31C4E104
S31580E104A085FFFFEA020C58E30001008A703094E58B
S31580E104B00400A0E10610A0E10820A0E133FF2FE1CE
S31580E104C0080050E1F500001A06A0A0E1100058E30B
S31580E104D0FA00009A118048E20070DAE50888A0E126
S31580E104E02838A0E101208AE2EE8017E200308DE52E
S31580E104F008208DE5F100001A2732A0E10400A0E191
S31580E105001010A0E304308DE59DFEFFEB0F7007E24E
S31580E1051008209DE5003050E2EA00000A04109DE5DE
S31580E1052001B043E2877081E0077184E011A08AE23D
S31580E105300B00A0E1203087E50110D2E40110E0E56F
S31580E10540018088E00888A0E10A0052E12888A0E1DC
S31580E10550F8FFFF1A8818A0E10400A0E12118A0E1C4
S31580E105600C308DE502A0A0E185FEFFEB003050E284
S31580E1057008308DE5D300000A303087E50C309DE503
S31580E1058000C0A0E30F3083E20C308DE50C30A0E1B2
S31580E105900110FBE50320A0E10C3063E014308DE52A
S31580E105A0023081E00338A0E12338A0E114009DE523
S31580E105B0020053E1000082E00008A0E12008A0E10A
S31580E105C00800000A01E082E20EE8A0E110E08DE594
S31580E105D008E09DE58220A0E1B2008EE110209DE554
S31580E105E02228A0E1F0FFFFEA0C209DE50CC081E026
S31580E105F08CC8A0E102005BE12CC8A0E1E3FFFF1A11
S31580E1060000309DE5080053E1AC00003A0400A0E12A
S31580E106100810A0E15AFEFFEB000050E3A900000AB2
S31580E1062004309DE50010A0E1013023E2013003E2D0
S31580E10630400087E5012060E00228A0E1220858E138
S31580E106400700009A0120DAE40B0052E300C0A09390
S31580E1065001C0038200005CE39800001A0120C1E436
S31580E10660F3FFFFEA00309DE5038068E00888A0E1BA
S31580E106702888B0E194FFFF1A0FFFFFEA020C58E3E6
S31580E106808A00008A703094E50400A0E10610A0E1BA
S31580E106900820A0E133FF2FE1080050E10070A0E1DE
S31580E106A07E00001A41A086E2400057E38300009A6B
S31580E106B041305AE5417047E20778A0E1F00013E363
S31580E106C02778A0E140B04AE27C00001A0400A0E16C
S31580E106D0011CA0E3038003E229FEFFEB000050E367
S31580E106E07800000AE8119FE5143088E2030184E787
S31580E106F00120D1E4DCC19FE58230A0E1B3C09CE179
S31580E107000130DBE49C0303E00A005BE1023180E730
S31580E10710F6FFFF1A000057E341A08AE2E1FFFF1AE4
S31580E10720E5FEFFEA020C58E36000008A703094E54A
S31580E107300400A0E10610A0E10820A0E133FF2FE14B
S31580E10740080050E15500001ABC31D4E1000053E3C2
S31580E107505A00000ABE31D4E1000053E35700000A93
S31580E107600030D6E5030053E35200001A0F1084E20D
S31580E107700020A0E3823086E00200D3E5110050E359
S31580E10780000050130170A0130070A0034900001A05
S31580E107900238B0E10130A0130030A003040083E207
S31580E107A0800194E7000050E34400000A833184E04D
S31580E107B0243093E5000053E34000000A0130F1E57F
S31580E107C0143083E2033194E7000053E33B00000AEF
S31580E107D0012082E2030052E3E5FFFF1A0E30D4E501
S31580E107E00F80D4E5930818E03400000A881BA0E165
S31580E107F0011581E2FF0851E32118A081011CA09334
S31580E108000400A0E1DEFDFFEB000050E3600084E53B
S31580E108102C00000A021088E2011BA0E10400A0E19D
S31580E108202118A0E1D6FDFFEB000050E3640084E5EA
S31580E108302400000A855BA0E1A55BB0E1046084E564
S31580E10840B070C4E10C70C4E50500A0011E00000A89
S31580E10850022C65E20228A0E1051086E0703094E57D
S31580E108600400A0E12228A0E133FF2FE1B000C4E13A
S31580E10870010045E2006086E0046084E50700A0E1CE
S31580E10880110000EA703094E50400A0E10010A0E3D5
S31580E108900820A0E133FF2FE1080050E186FEFF0A40
S31580E108A00200A0E3080000EA0500A0E31EFF2FE1B5
S31580E108B00400A0E3040000EA0800A0E3020000EAE5
S31580E108C00600A0E3000000EA0300A0E318D08DE271
S31580E108D0F08DBDE8E854E280444EE280F04D2DE9AA
S31580E108E0030052E348D04DE23C108DE50500A0833C
S31580E108F0FB02008A0E30D0E50040A0E18331A0E121
S31580E109002C308DE50F30D0E50D20C0E58331A0E1B7
S31580E1091030308DE50030A0E3B431C0E1B631C0E1DD
S31580E10920B831C0E114308DE518308DE510308DE5B4
S31580E1093010209DE5BE31D4E1020053E1E302009A45
S31580E109400030A0E30C308DE50C209DE5BC31D4E18F
S31580E10950020053E1D502009ABA21D4E1000052E3C4
S31580E109603600000A18309DE518109DE5013083E2D6
S31580E109700338A0E12338A0E1020051E118308D155A
S31580E109802E00001A14309DE5046094E5017083E23F
S31580E109900778A0E1B000D4E12778A0E10280A0E366
S31580E109A00050A0E3000050E3016086120700001AC0
S31580E109B0086094E5703094E50400A0E10610A0E1BA
S31580E109C0022CA0E333FF2FE1000050E3C102000ACD
S31580E109D00030D6E5010040E2055483E10008A0E15C
S31580E109E00558A0E1010058E32008A0E12558A0E1DF
S31580E109F00180A013EAFFFF1A0030A0E30C30C4E5C2
S31580E10A00E43A9FE5E42A9FE5053003E0020053E1FD
S31580E10A10046084E5B000C4E1B002001A14309DE5BB
S31580E10A20035025E0075015E2AC02001AB451C4E147
S31580E10A30B651C4E1B851C4E114708DE518808DE5F5
S31580E10A40603094E504308DE50F20D4E50E30D4E5B1
S31580E10A50920301E0643094E51C108DE5083083E271
S31580E10A6008308DE50030A0E320308DE520309DE52E
S31580E10A701C209DE50338A0E12338A0E1022082E233
S31580E10A80020053E11B0100AA1C209DE50400A0E1C0
S31580E10A90020053E101606222066083200668A0219C
S31580E10AA02668A0210060A033005096E20150A01391
S31580E10AB0853184E0201093E5302093E5403093E55D
S31580E10AC077FDFFEB007050E2000067B2840200BA66
S31580E10AD086A084E0F481DAE10D00000A0400A0E159
S31580E10AE00710A0E134FDFFEB000050E3430000BABC
S31580E10AF00130A0E3017047E21377A0E1070010E13E
S31580E10B001773A0010370670007008000008088E00A
S31580E10B10B481CAE1066084E01030D6E50010A0E336
S31580E10B20143083E203B194E700309BE5930808E053
S31580E10B3004309DE54884A0E1FC2083E2008083E5E2
S31580E10B400410A3E5020053E1FCFFFF1A855184E01E
S31580E10B50246095E5347095E5448095E50150A0E300
S31580E10B6005A0A0E10400A0E10610A0E10720A0E134
S31580E10B700830A0E14AFDFFEB000050E30C00001ACB
S31580E10B800D30D4E5030053E33300001A04309DE5CC
S31580E10B90003093E5FF2083E2000053E30230A0B109
S31580E10BA04334A0E108209DE5803043E2083042E508
S31580E10BB0C90000EA000060B2490200BA0038A0E14B
S31580E10BC0233AB0E10400000A055083E00558A0E12C
S31580E10BD02558A0E13F0055E34002008A0F3010E23C
S31580E10BE01700000A0310A0E10400A0E124308DE59E
S31580E10BF0F1FCFFEB24309DE5000050E3030000AA01
S31580E10C00000060E2000050E3BA00000A340200EA24
S31580E10C10013043E21A33A0E1030010E18330A00101
S31580E10C200130630203008000C4389FE50520D3E7E5
S31580E10C3002319BE7930000E004309DE54004A0E1AA
S31580E10C40020183E7015085E20558A0E12558A0E13C
S31580E10C50400055E3C2FFFF1AC8FFFFEA04309DE575
S31580E10C6090A89FE5203083E224308DE504309DE530
S31580E10C70000093E5802093E5C05093E540C093E57D
S31580E10C8002E080E0001062E00C0065E09A0000E09E
S31580E10C900CC085E040266CE0606093E50C808EE0D8
S31580E10CA00E506CE0017082E020E093E5010062E0A5
S31580E10CB0A01093E5E02093E501B066E00EC062E026
S31580E10CC002208EE001E086E002606EE002E08EE0E6
S31580E10CD024289FE50B108CE0910202E09A0606E05B
S31580E10CE04216A0E114289FE5043083E29C0202E0EB
S31580E10CF042C641E008289FE59B0202E042B641E018
S31580E10D000B206EE00E1088E0466662E0041003E593
S31580E10D10021087E0072062E00CC066E0BC2083E534
S31580E10D20062080E03C2083E50C2085E05C2083E59D
S31580E10D3008E06EE0006066E005C06CE024209DE599
S31580E10D40DCE083E51C1083E59C6083E57CC083E57C
S31580E10D50020053E1C5FFFF1A08209DE508E09DE505
S31580E10D60A0779FE5402082E234208DE5202013E5BF
S31580E10D70085013E5180013E5101013E5022982E205
S31580E10D8070679FE501C082E0021061E0002065E0C6
S31580E10D90920606E0000085E0462660E014B013E5A1
S31580E10DA01C6013E500A08CE00C5060E0018082E0DD
S31580E10DB00CC013E5012062E0041013E508E08EE241
S31580E10DC0060061E0016086E00C106BE024108DE5A1
S31580E10DD00CC08BE01C179FE506B06CE09B0101E03F
S31580E10DE006608CE001B0A0E124109DE5203083E22D
S31580E10DF001C080E000179FE59C0101E041C6A0E1CA
S31580E10E00F8169FE5900101E024009DE541164CE04E
S31580E10E1028108DE5E8169FE5910000E040164CE04C
S31580E10E20011066E04BC661E006B08AE00A6066E0E2
S31580E10E304664A0E1066BA0E1266BD7E709604EE543
S31580E10E40016088E0081061E04114A0E1011BA0E1A6
S31580E10E50211BD7E70A104EE50C1082E002206CE0F8
S31580E10E6028009DE54224A0E1022BA0E100006CE090
S31580E10E70222BD7E70B204EE5002085E04224A0E136
S31580E10E80050060E0022BA0E14004A0E1222BD7E738
S31580E10E904BB4A0E14664A0E14114A0E1000BA0E1DE
S31580E10EA00D204EE50BBBA0E1202BD7E7066BA0E139
S31580E10EB0011BA0E10C204EE52BBBD7E7266BD7E7DC
S31580E10EC0211BD7E734209DE510B04EE50F604EE556
S31580E10ED00E104EE502005EE1A3FFFF1A20309DE58C
S31580E10EE0013083E220308DE508309DE5403083E2B4
S31580E10EF008308DE5DCFEFFEA0E30D4E5BC21D4E195
S31580E10F008331A0E104308DE50F30D4E504109DE511
S31580E10F108331A0E108308DE50C309DE508009DE543
S31580E10F20013083E0020053E10C309DC510109DE550
S31580E10F30022063C0BE31D4E1001081E00228A0C165
S31580E10F402228A0C104209DD5030051E110109DC542
S31580E10F5008309DD5033061C00338A0C10D00D4E5CA
S31580E10F602338A0C15330A0E15220A0E10338A0E1AB
S31580E10F702318A0E124208DE50228A0E1000052E3B8
S31580E10F800000531328108DE52218A0E11C108DE591
S31580E10F900130A0030030A0133E01000A0C209DE53C
S31580E10FA01CC09DE55210A0E110209DE50118A0E14D
S31580E10FB02118A0E15220A0E1B014CDE1011041E277
S31580E10FC001108CE00228A0E12228A0E1B214CDE153
S31580E10FD028109DE5B424CDE1012042E2022081E0A2
S31580E10FE0030050E3B624CDE160E094E5BE00000A5B
S31580E10FF004209DE50CA59FE5822082E003E08EE258
S31580E1100020208DE50328A0E108009DE52218A0E1D6
S31580E11010000051E15300002A08C09DE5640094E593
S31580E1102010005CE304209D15836180E002C083109B
S31580E110308CC180100400001AA2C8A0E120C08CE215
S31580E11040070051E38CC180E0406086820E80A0E19A
S31580E110500050A0E304209DE5020055E13D00000A31
S31580E110600020DCE54010DCE504009DE5802042E2DD
S31580E11070801041E20228A0E10118A0E1100050E3CE
S31580E110802228A0E12118A0E101C08C120300001AF8
S31580E11090080055E3010005E23860860200C08CE075
S31580E110A00118A0E14118A0E1010181E0800081E021
S31580E110B0800181E0800081E00070D6E5000050E3A8
S31580E110C07FB080E20B00A0B1C00387E0000BA0E116
S31580E110D0200BDAE7030048E5810081E0001181E039
S31580E110E08101A0E1001061E02C00A0E3821001E122
S31580E110F0000051E37F0081E20010A0B1C11347E017
S31580E11100011BA0E10228A0E14228A0E1211BDAE748
S31580E11110021048E58211A0E1011062E0012282E03D
S31580E111208220A0E17F1082E2000052E30120A0B19B
S31580E11130C22387E0022BA0E1015085E2222BDAE788
S31580E111400558A0E1012048E52558A0E1038088E221
S31580E11150016086E2BEFFFFEA20209DE5013083E261
S31580E1116002E08EE0A6FFFFEA0D20D4E5000052E31F
S31580E111700F00001A04209DE50D30D4E55233A0E13D
S31580E111801C209DE50338A0E12338A0E1030052E16C
S31580E11190B900002A24209DE5600094E50228A0E1BB
S31580E111A0223843E0833083E00050A0E10010A0E3E1
S31580E111B0AD0000EA8230A0E120308DE50138A0E380
S31580E111C01332A0E104209DE52338A0E1022063E00B
S31580E111D0822082E0831083E00228A0E1605094E5DA
S31580E111E0222881E00010A0E338208DE508209DE5E6
S31580E111F0020051E1DEFFFF2A04209DE5910202E033
S31580E1120034208DE50020A0E304009DE5000052E155
S31580E112103100002A34009DE502A080E0600094E57B
S31580E112208AA08AE00AA080E00000A0E30060A0E155
S31580E112300070A0E100E0A0E103005EE11A00002A6F
S31580E112400A80A0E100C0A0E303005CE1038088E2BC
S31580E112500F00002A03B058E501C08CE20B7087E0ED
S31580E1126002B058E50778A0E10B6086E001B058E569
S31580E112700668A0E10B0080E00008A0E10CC8A0E1CF
S31580E112802778A0E12668A0E12008A0E12CC8A0E1AA
S31580E11290ECFFFFEA38C09DE501E08EE20EE8A0E1D1
S31580E112A00CA08AE02EE8A0E1E2FFFFEA20C09DE5FE
S31580E112B0032082E0577CA0E1566CA0E1500CA0E1CE
S31580E112C00070C5E50160C5E50228A0E1035085E22D
S31580E112D0010045E52228A0E1CAFFFFEA031081E08B
S31580E112E00118A0E12118A0E1BFFFFFEA06009DE910
S31580E112F0640094E5920101E008729FE50120A0E196
S31580E11300011080E00220D0E74000D1E5802042E272
S31580E11310800040E2001180E0811080E0811180E070
S31580E11320811080E07FC081E2000051E30C10A0B122
S31580E1133080C080E00C0180E080C1A0E10CC060E06B
S31580E11340020182E0800082E000018CE07FC080E2E1
S31580E11350000050E30C00A0B182C1A0E10CC062E0C4
S31580E113600C2282E08220A0E17FC082E2000052E38B
S31580E113700C20A0B18114A0E18004A0E18224A0E147
S31580E113802118A0E12008A0E12228A0E108C09DE57E
S31580E113900C0053E176FFFF2A648094E5080053E36D
S31580E113A0808088020E50A0E10060A0E304A09DE564
S31580E113B086C9A0E12C085AE105E0A0E1035085E267
S31580E113C00E00009A06C3D8E7016086E201E08CE070
S31580E113D00EEBA0E12EEBD7E703E045E50CE060E01C
S31580E113E002C08CE00EEBA0E10CCBA0E12EEBD7E7BF
S31580E113F02CCBD7E702E045E501C045E5EAFFFFEA08
S31580E11400083083E20338A0E12338A0E1DEFFFFEA7A
S31580E11410036050E503604CE5026050E502604CE50F
S31580E11420012082E2016050E501604CE50228A0E1FD
S31580E114301C609DE52228A0E1060052E100E0A0E1E2
S31580E114400C50A0E1030080E203C08CE2EFFFFF3A9B
S31580E11450011081E20118A0E128209DE52118A0E193
S31580E11460020051E103008EE00300002A03C085E219
S31580E11470030080E20020A0E3E4FFFFEA0400A0E1AC
S31580E11480601094E540208DE23C309DE533FF2FE10D
S31580E11490000050E30B00000A0C309DE52C209DE511
S31580E114A0023083E00338A0E12338A0E124FDFFEA9E
S31580E114B010309DE530209DE5023083E00338A0E1E0
S31580E114C02338A0E118FDFFEA0100A0E3040000EA69
S31580E114D00000A0E3020000EA0200A0E3000000EAC7
S31580E114E00600A0E348D08DE2F08DBDE8D8FF00008C
S31580E114F0D0FF0000E854E280A0160000901D0000B5
S31580E1150051110000CF290000E850E28070402DE9BA
S31580E115104C609FE50050A0E10040A0E31AE5FFEBB7
S31580E11520060054E1100F6FE1A002A0E10000A003E4
S31580E11530000050E30300000A1400A0E3213A00EB27
S31580E11540014084E2F4FFFFEA0FE5FFEB000050E3A0
S31580E115507080BD0803E5FFEB0000C5E50100A0E36F
S31580E115607080BDE8A086010007402DE907008DE285
S31580E11570E5FFFFEB000050E3FBFFFF1A0CD08DE2A5
S31580E1158004F09DE473402DE90C429FE52A34D4E5CD
S31580E11590000053E30300000A0600A0E303E5FFEB46
S31580E115A00030A0E32A34C4E50050A0E30560A0E161
S31580E115B007008DE2D4FFFFEB000050E31C00000A38
S31580E115C00730DDE5015085E2020053E31C00000AA5
S31580E115D00500008A010053E3F4FFFF1A1C3494E509
S31580E115E0013083E21C3484E5180000EA040053E309
S31580E115F00900000A180053E3ECFFFF1A243494E54E
S31580E11600016086E2013083E2030056E3243484E517
S31580E11610E6FFFF1A0400E0E35D0000EA010055E31E
S31580E11620E2FFFF1A0600A0E3E0E4FFEB0300E0E35C
S31580E11630570000EACBFFFFEB60019FE5E13900EB64
S31580E116401A0000EA203494E5013083E2203484E50F
S31580E116504C019FE5ACFFFFEB000050E31300000A6D
S31580E1166040019FE5A8FFFFEB000050E30F00000A71
S31580E116700730DDE50050A0E3010053E38030A003AD
S31580E11680013BA013103484E51C319FE5043484E5E5
S31580E11690046043E2103494E5030055E1050000BAA5
S31580E116A008019FE598FFFFEB000050E30A00001A6E
S31580E116B00200E0E3360000EA07008DE292FFFFEBED
S31580E116C0000050E3F9FFFF0A053086E00720DDE5FB
S31580E116D00420C3E5015085E2EDFFFFEAB8309FE5DE
S31580E116E02834D3E5000053E30800001A0924D4E541
S31580E116F00834D4E5A0509FE5023023E0FF0053E3B0
S31580E117000700000A97FFFFEB0500E0E3200000EA0F
S31580E117109C009FE57CFFFFEB000050E3F2FFFF1AA0
S31580E11720E2FFFFEA2834D5E5000053E3101495057E
S31580E117300320A0010900000A040085E2101495E562
S31580E11740042E00EB0A24D5E50B34D5E5023483E19A
S31580E11750030050E10600E0130000A0030C0000EA5C
S31580E11760010052E1060000AA020084E00400D0E50F
S31580E11770012082E2003083E00338A0E12338A0E152
S31580E11780F6FFFFEA0A24D4E5FF3003E2030052E1E3
S31580E11790EFFFFFEA08D08DE27080BDE84442E38046
S31580E117A090D003004C46E3804D46E3804842E38097
S31580E117B04E46E3804F46E380F7452DE924529FE587
S31580E117C00040A0E308308DE2044023E5003085E562
S31580E117D00130A0E32834C5E5043090E54300A0E379
S31580E117E0143485E50180A0E1104485E52944C5E509
S31580E117F02A44C5E5184485E51C4485E5204485E50C
S31580E11800244485E5304485E52C4485E567E4FFEBB2
S31580E11810143495E5010053E30C34C5050400A001B9
S31580E118206E00000A0560A0E10A70A0E31550A0E30E
S31580E1183004A0A0E1015055E26600000A50FFFFEBEB
S31580E11840004050E25100001A0834D6E5000053E327
S31580E118504900001A043496E5012083E2042486E5F2
S31580E118600030D3E5000053E3F9FFFF1A0230A0E12F
S31580E118700010D3E5012082E2200051E3FAFFFF0A5E
S31580E1188000C0A0E30AE0A0E30120A0E30010D3E5D5
S31580E11890000051E33500000A300051E30020A01337
S31580E118A001200202000052E30700000A0120D3E58D
S31580E118B0411042E2190051E320208292FF200292F8
S31580E118C0780052E30230830210E0A0030010D3E5F2
S31580E118D0015083E2304041E2FF0004E2090050E337
S31580E118E0412041E20000A0830100A093050052E37C
S31580E118F00030A0830130A093032090E10400001A18
S31580E11900613041E2050053E30700009AD8209FE564
S31580E11910120000EA000050E30430A0110900001A29
S31580E11920612041E2050052E30100008A573041E23D
S31580E11930020000EA000053E30200000A373041E288
S31580E119400E0053E1F0FFFFAA9E3C2CE00020A0E3CD
S31580E119500530A0E1CCFFFFEA030051E10300000A74
S31580E119600130D2E4000053E3FAFFFF1A000000EAF7
S31580E119702CC486E50130A0E32A34C6E50130A0E334
S31580E119800000A0E30C34C6E5100486E5130000EA06
S31580E11990030074E30D00001A017047E2000057E38B
S31580E119A048009FE528A4C6D5063900EB2804D6E58C
S31580E119B0000050E34300A0131500A003FBE3FFEB17
S31580E119C0183496E5013083E2183486E598FFFFEA1C
S31580E119D0050074E396FFFF1A0000E0E3004088E526
S31580E119E00CD08DE2F085BDE84442E38066D9E280A1
S31580E119F020A10700F34D2DE948B29FE50080A0E1E3
S31580E11A000160A0E10070A0E30450E0E30B40A0E1B7
S31580E11A1004208DE5000056E32914DBE50020A0D300
S31580E11A200120A0C3020051E18300002A10249BE536
S31580E11A30000052E315A0A0036A00001A01A05AE251
S31580E11A406000000ACEFEFFEB005050E23A00001A39
S31580E11A500814D4E50C24D4E5020051E12E00001AE5
S31580E11A600120A0E3021081E00C14C4E5141494E58E
S31580E11A702A24C4E5020051E10E00000A2C2494E5F3
S31580E11A80000052E30B00000A2C2494E5000052E3A7
S31580E11A905400000A10049BE530149BE5011080E0B8
S31580E11AA0020051E1002082800220618030148BE5C2
S31580E11AB010248B854B0000EA040494E5102494E518
S31580E11AC0022080E001C052E51A005CE30200000AD0
S31580E11AD0010051E3EBFFFF1A420000EA02C052E542
S31580E11AE01A005CE3F9FFFF1A032052E51A0052E37C
S31580E11AF0F6FFFF1A102494E5000052E3F3FFFF0A94
S31580E11B0002C080E001C05CE51A005CE3EFFFFF1AEA
S31580E11B10012042E210248BE5F5FFFFEA012042E253
S31580E11B20FF2002E2020051E10750E0131C00001A97
S31580E11B300600A0E39DE3FFEBBFFFFFEA050075E347
S31580E11B402200000A040075E31500001A0600A0E3EE
S31580E11B5096E3FFEB142494E5020052E30B00001AAE
S31580E11B602804DBE5000050E34300A0131500A00341
S31580E11B708EE3FFEB182494E5012082E2182484E5C4
S31580E11B807FFEFFEB0050A0E10600A0E387E3FFEBD9
S31580E11B900120A0E3000055E32924C4E59CFFFFAAC8
S31580E11BA00A0000EA2804D4E5000050E34300A013CC
S31580E11BB01500A0037DE3FFEB182494E5012082E282
S31580E11BC0182484E59CFFFFEA000055E3050000AA9E
S31580E11BD004309DE50020E0E3005083E564309FE535
S31580E11BE0102483E5140000EA2924D4E5000052E3B9
S31580E11BF087FFFF1A10249BE50800A0E1020056E169
S31580E11C0006A0A0B102A0A0A10A20A0E104149BE550
S31580E11C100C3800EB10249BE506606AE002206AE05E
S31580E11C2010248BE504249BE50A8088E00A7087E02E
S31580E11C300AA082E004A48BE575FFFFEA0700A0E134
S31580E11C4008D08DE2F08DBDE84442E3803C309FE5EB
S31580E11C5007402DE9242493E528C4D3E500208DE5CA
S31580E11C60182493E504208DE524209FE500005CE3BC
S31580E11C7020109FE520009FE50210A0011C2493E53A
S31580E11C80203493E561E3FFEB0CD08DE204F09DE433
S31580E11C904442E38019A7E280C095E2801FA7E280F3
S31580E11CA0000050E310402DE90140A0E11800000A50
S31580E11CB074409FE5143494E5013043E2010053E337
S31580E11CC01080BD881800A0E338E3FFEB1800A0E39D
S31580E11CD036E3FFEB1800A0E334E3FFEB1800A0E363
S31580E11CE032E3FFEB0800A0E330E3FFEB0800A0E37B
S31580E11CF02EE3FFEB0800A0E32CE3FFEB0800A0E373
S31580E11D002AE3FFEB17FEFFEB0130A0E32934C4E5BC
S31580E11D101080BDE834FF2FE1000050E3FCFFFFAA0D
S31580E11D2008009FE51040BDE8263800EA4442E3809A
S31580E11D3090D00300080080E2070050E308309F95C9
S31580E11D400001939704009F851EFF2FE1D83DE28035
S31580E11D5060A7E280000050E30100001A0000A0E3E2
S31580E11D601EFF2FE1F0412DE954409FE50070A0E18F
S31580E11D700160A0E1005094E5000055E30E00000A01
S31580E11D800500A0E1048094E5343700EB0510A0E17D
S31580E11D900020A0E10700A0E1153700EB000050E349
S31580E11DA00300001A0600A0E10830A0E1F041BDE899
S31580E11DB013FF2FE1084084E2EDFFFFEA0000A0E394
S31580E11DC0F081BDE8F83DE2800B30D0E5FF0053E3DA
S31580E11DD0C4019F056F00000A001090E5F0452DE9EA
S31580E11DE00040A0E114D04DE2080051E301F19F9754
S31580E11DF01E0000EA681EE180401EE180181EE18037
S31580E11E00401EE180481EE180601EE180481EE1803F
S31580E11E10481EE180401EE180453080E20910D0E530
S31580E11E200A20D0E500308DE55A3080E204308DE538
S31580E11E3068019FE51C3084E2F4E2FFEB0F0000EAE3
S31580E11E405C019FE5000000EA58019FE51C1084E2F1
S31580E11E505A2084E2453084E2ECE2FFEB070000EAB7
S31580E11E6044019FE5490000EA40019FE5470000EA19
S31580E11E703C019FE514D08DE2F045BDE8E3E2FFEA5F
S31580E11E8030019FE5D5E2FFEB0C30D4E5000053E36A
S31580E11E900100000A20019FE5D0E2FFEB0B10D4E5BB
S31580E11EA01F1001E2070051E301F19F97100000EA5C
S31580E11EB0D01EE180EC1EE180F41EE180F41EE1801B
S31580E11EC0F41EE180D81EE180F41EE180E41EE1800B
S31580E11ED0E8009FE5000000EAE4009FE5BFE2FFEB52
S31580E11EE0050000EADC009FE5FBFFFFEAD8009FE5FD
S31580E11EF0F9FFFFEAD4009FE5C4E2FFEBD0009FE55E
S31580E11F00B6E2FFEB106094E5000056E31E00000A9E
S31580E11F10147094E5000057E31B00000AA724A0E1B2
S31580E11F20960202E00A50A0E3A235A0E18345A0E152
S31580E11F30024064E0950303E0950404E00510A0E126
S31580E11F40A44583E00400A0E1FA4500EB3485A0E1F5
S31580E11F500510A0E100A0A0E10800A0E1F54500EBB5
S31580E11F60950A02E00A10A0E1042062E0900505E00E
S31580E11F700030A0E1085065E0E0008DE854009FE57F
S31580E11F80A2E2FFEB14D08DE2F085BDE848009FE543
S31580E11F9014D08DE2F045BDE890E2FFEA36A9E28011
S31580E11FA0F8A7E2801EA8E2803BA8E28058A8E280FA
S31580E11FB069A8E2807EA8E28099A8E280ACA8E28066
S31580E11FC0B7A8E280C1A8E280C8A8E280D7A8E2806B
S31580E11FD0DCA8E2804BCCE280E5A8E28020A9E28021
S31580E11FE010402DE90040A0E10D0300EB000050E335
S31580E11FF00230A0030030A0130830C4E51080BDE8AC
S31580E120000830D0E5020053E32700001A10402DE99D
S31580E120100040A0E198009FE570E2FFEB003094E597
S31580E12020013043E2070053E303F19F97150000EA8D
S31580E120305020E1806020E1806820E1807020E180AD
S31580E120407820E1808020E1808820E1805820E1804D
S31580E1205060009FE50C0000EA5C009FE50A0000EA6B
S31580E1206058009FE5080000EA54009FE5060000EA73
S31580E1207050009FE5040000EA4C009FE5020000EA7B
S31580E1208048009FE5000000EA44009FE553E2FFEB4C
S31580E12090041094E53C009FE53C209FE55BE2FFEB85
S31580E120A00400A0E11040BDE8020300EA2C009FE5B0
S31580E120B04AE2FFEA45A9E28059A9E2805DA9E28088
S31580E120C062A9E28067A9E2806DA9E28071A9E280D6
S31580E120D0F677E28075A9E2807DA9E280A3A9E28014
S31580E120E0A7A9E28008402DE90830D0E5020053E354
S31580E120F00300001AFC0200EB000090E20000E0130E
S31580E121000880BDE80000E0E30880BDE8F7402DE9FE
S31580E121100060A0E10150A0E10100A0E10270A0E130
S31580E1212004108DE21020A0E3063A00EB04309DE531
S31580E121300030D3E5000053E348009F150B00001AF9
S31580E121400040A0E10410A0E10600A0E100FFFFEB62
S31580E12150000050E3000087E50300000A0B30D0E57C
S31580E12160FF0053E30400A0110400001A18009FE564
S31580E121700610A0E10520A0E124E2FFEB0000E0E308
S31580E121800CD08DE2F080BDE8C3A9E280E9A9E280C6
S31580E12190F04D2DE90160A0E160D04DE2E8139FE5C5
S31580E121A000B0A0E10280A0E10340A0E180509DE57E
S31580E121B0043600EB007050E20B00001A007088E5EF
S31580E121C02C0084E2087084E5047084E5007084E57F
S31580E121D04C7084E5B4139FE5EB3500EB0C0084E2AB
S31580E121E0AC139FE5E83500EBE40000EA000056E336
S31580E121F00700001A9C039FE517D9FFEB006050E2C8
S31580E122000C00001A90039FE500E2FFEB0670A0E167
S31580E12210D60000EA0600A0E1103600EB000050E3AC
S31580E12220F3FFFF0A0600A0E170139FE5E53500EBB9
S31580E12230000050E3EEFFFF0A0600A0E13A10A0E3BA
S31580E12240FB3500EB00A050E204608D050A70A00129
S31580E122500700000A0600A0E1133600EB0A2066E0DB
S31580E122600010A0E301A08AE20070A0E10210C0E7BD
S31580E1227004008DE50B00A0E104109DE50820A0E1B6
S31580E12280A1FFFFEB000050E3B80000BA00005AE37B
S31580E122901700000A0020DAE5000052E31400000A84
S31580E122A00A00A0E1F8129FE5C63500EB000050E395
S31580E122B000A0E0030F00000A0A00A0E10C108DE205
S31580E122C01020A0E39F3900EB0C309DE50030D3E58B
S31580E122D0000053E30200001A053090E100A0A0E17E
S31580E122E00400001ABC029FE50B10A0E10620A0E1E4
S31580E122F00D0000EA01A0E0E3000098E50820D0E5C2
S31580E12300000052E300005A130120A0030020A0132D
S31580E123103500001A10E090E500005EE30400001A43
S31580E1232084029FE504209DE50B10A0E1B7E1FFEB78
S31580E123308E0000EA155F6FE1A552A0E100005AE345
S31580E12340015085C3000055E360029F15F4FFFF1A33
S31580E12350143090E558229FE558C29FE5032002E0BC
S31580E1236054129FE5000052E3031001E003C00CE044
S31580E123700220A0130020A00300005CE3012082126A
S31580E12380000051E30410A0130010A00301C082E015
S31580E12390FF28C3E3FF20C2E3000052E30820A01335
S31580E123A00020A00302108CE02328A0E10228A0E10E
S31580E123B0000052E31020A0130020A003022081E058
S31580E123C0182080E5C4119FE5204084E8083084E543
S31580E123D04C5084E52C0084E26B3500EB0C0084E202
S31580E123E0D8119FE5683500EB0F0000EA02007AE339
S31580E123F00400000A01007AE30250A0010160A00313
S31580E124001900000A000000EA01A0A0E30A10A0E199
S31580E124100420A0E132FFFFEB005050E22900000AE0
S31580E124209C019FE50A10A0E178E1FFEB05A0A0E120
S31580E124304F0000EA000055E34C2094E51100000AC4
S31580E12440000052E30F00001A060055E10300001A6E
S31580E1245010008DE20410A0E15020A0E3F93500EBF5
S31580E12460016086E2110056E30A00000A000098E561
S31580E124700610A0E10420A0E119FFFFEB000050E384
S31580E12480F6FFFF1AEAFFFFEA000052E30650A0E1F9
S31580E12490ECFFFF0A0A0000EA000055E30500000AA6
S31580E124A00400A0E110108DE25020A0E3E53500EBB9
S31580E124B005A0A0E1030000EA08019FE553E1FFEBF7
S31580E124C02B0000EA06A0A0E12C4084E20400A0E112
S31580E124D0B8109FE52020A0E3453500EB000050E3EE
S31580E124E00300000A0410A0E1DC009FE547E1FFEB71
S31580E124F01E0000EA00E098E5B4209FE514C09EE561
S31580E12500B0009FE50C2002E0AC109FE5000052E3AD
S31580E125100C1001E00C0000E00220A0130020A003D3
S31580E12520000050E301208212000051E30410A01361
S31580E125300010A003010082E0FF28CCE3FF20C2E384
S31580E125402CC8A0E1000052E30CC8A0E10820A0134A
S31580E125500020A00300005CE3021080E010C0A0131D
S31580E1256000C0A0030C2081E018208EE5000000EA7F
S31580E1257000A0E0E30700A0E17EE2FFEB0A70A0E1C4
S31580E125800700A0E160D08DE2F08DBDE83583E28081
S31580E125902AA4E28001AAE2800EAAE28019AAE28058
S31580E125A0AEA0E28034AAE28039AAE28062AAE28021
S31580E125B081AAE280CCCCCCCCAAAAAAAAF0F0F0F08F
S31580E125C0A3AAE280AEAAE280CAAAE280EBAAE2806E
S31580E125D038402DE9FE31D0E50040A0E1550053E3D6
S31580E125E00200001AFF31D0E5AA0053E30100000A98
S31580E125F0B4009FE5150000EAB0009FE503E1FFEB3B
S31580E12600BE31D4E57F3013E20100001A0300A0E178
S31580E126103880BDE8365084E20500A0E190109FE560
S31580E126200320A0E3F23400EB524084E2000050E361
S31580E126300900000A0400A0E178109FE50520A0E3E7
S31580E12640EB3400EB000050E30300000A68009FE5ED
S31580E12650EEE0FFEB0000E0E33880BDE85C009FE55B
S31580E12660EAE0FFEB0500A0E144109FE50320A0E34B
S31580E12670DF3400EB000050E30100001A40009FE5E3
S31580E12680E2E0FFEB0400A0E128109FE50520A0E34E
S31580E12690D73400EB000050E30100001A24009FE5E7
S31580E126A0DAE0FFEB0100A0E33880BDE820ABE28011
S31580E126B04FABE280A9ABE280ADABE280D1ABE28009
S31580E126C07CABE280B3ABE280C1ABE280F04D2DE939
S31580E126D01CB08DE228D04DE20380A0E1143090E574
S31580E126E020200BE53F3083E23F30C3E3403083E295
S31580E126F003D04DE057408DE23F40C4E364C090E5AE
S31580E127000070A0E10120A0E3040090E50430A0E19F
S31580E127100160A0E13CFF2FE1010050E340029F15FB
S31580E12720041097150620A0111500001A34029FE5C2
S31580E12730B6E0FFEB0050A0E30F0015E30100001ABD
S31580E1274024029FE5B1E0FFEB0410D5E71C029FE58B
S31580E12750015085E2ADE0FFEB020C55E3F5FFFF1A90
S31580E127600C029FE5A9E0FFEB0400A0E197FFFFEBF8
S31580E12770000050E30400000AF8019FE5FE11D4E56C
S31580E12780FF21D4E5A1E0FFEB730000EA000056E308
S31580E127900800001ABA31D4E5BB21D4E50338A0E1BB
S31580E127A0023C83E0B921D4E5023483E0B821D4E563
S31580E127B0023083E004308BE56FCF84E2735F84E29D
S31580E127C0833F84E2023083E202A08CE2025085E21A
S31580E127D024300BE50C1055E5000051E35B00000A5F
S31580E127E0000056E30700000A7F3001E20F0051E363
S31580E127F0050053130300001A0C3055E5000053E33E
S31580E128002C00001A2F0000EA063055E5052055E533
S31580E128100338A0E1023C83E0072055E558019FE5B6
S31580E12820023483E0082055E5023083E028300BE569
S31580E12830023055E5012055E50338A0E1023C83E00D
S31580E12840032055E502C483E0043055E57F2001E2AB
S31580E128502C300BE5050052E30F00511310E055E5EE
S31580E1286018219FE514319FE50200A01180005EE307
S31580E128700C219FE50320A01104309BE510208DE516
S31580E1288008018DE828301BE508108DE5032086E0F8
S31580E128902C301BE50C008DE50810A0E1E4009FE5F6
S31580E128A003308CE059E0FFEB000056E3D1FFFF1ADD
S31580E128B0018088E2030000EA7F2003E20F0053E310
S31580E128C005005213F9FFFF1A24301BE5105085E20B
S31580E128D0030055E1BEFFFF1A7F4F84E2024084E2A6
S31580E128E00430DAE57F2003E20F0053E3050052135B
S31580E128F00300000A10A08AE204005AE1F7FFFF1AFA
S31580E12900150000EA0A10DAE50B30DAE50118A0E1F4
S31580E12910031C81E00930DAE5000056E3031481E027
S31580E129200830DAE520201BE5031081E020301BE545
S31580E129300700A0E1031081E004309BE500308DE5DE
S31580E129400120A0010830A0E15FFFFFEBE8FFFFEA8D
S31580E12950000056E3D5FFFF0ADAFFFFEA1CD04BE21F
S31580E12960F08DBDE80CACE28037ACE2804BCCE28006
S31580E1297082ACE28088ACE280D2ACE28000ACE280DC
S31580E12980EEDAE28006ACE280F7ACE280F04D2DE94A
S31580E129901CB08DE210D04DE20350A0E1143090E5F9
S31580E129A020200BE53F3083E23F30C3E3403083E2D2
S31580E129B003D04DE047408DE23F40C4E3646090E55B
S31580E129C00070A0E10120A0E3040090E50430A0E1DD
S31580E129D001A0A0E108809BE536FF2FE120C01BE541
S31580E129E0010050E318029F15041097150A20A011E3
S31580E129F00600001AFE11D4E5FF21D4E5550051E326
S31580E12A000100001AAA0052E30300000AF4019FE5DF
S31580E12A10FEDFFFEB0060E0E3760000EA6F3F84E2F1
S31580E12A20023083E27F4F84E2022084E20340A0E128
S31580E12A300060D4E58060D6E30C00001A0410D4E58A
S31580E12A4004009BE5000051E3050060E0100F6FE1B3
S31580E12A50A002A0E10000A003000050E30300000A09
S31580E12A607F0001E20F0051E3050050132400001AB4
S31580E12A7000005AE30600000A0410D4E5000051E3A1
S31580E12A800400000A7F0001E20F0051E305005013C4
S31580E12A900000000A015085E2104084E2020054E120
S31580E12AA0E2FFFF1A0410D3E57F0001E20F0051E354
S31580E12AB0050050134B00001A0A10D3E50B20D3E52D
S31580E12AC00118A0E1021C81E00920D3E50830D3E5B5
S31580E12AD0021481E0031081E004309BE500005AE3B3
S31580E12AE00C1081E008018DE80700A0E10120A0013A
S31580E12AF00C20A0110530A0E1A3FFFFEB0060A0E16F
S31580E12B003C0000EA023CA0E3083088E50A30D4E5DF
S31580E12B100B20D4E50338A0E1023C83E00920D4E52B
S31580E12B200C0088E2023483E00820D4E5023083E0B9
S31580E12B3003A08AE000A088E50E30D4E50F20D4E535
S31580E12B400338A0E1023C83E00D20D4E5023483E042
S31580E12B500C20D4E5023083E0043088E5003097E547
S31580E12B60042097E5013043E2070053E303F19F97A1
S31580E12B700F0000EA942BE1809C2BE180942BE1808D
S31580E12B80A42BE180AC2BE180B42BE180B42BE180F6
S31580E12B90942BE18070109FE5060000EA6C109FE5BA
S31580E12BA0040000EA68109FE5020000EA64109FE5F0
S31580E12BB0000000EA60109FE50530A0E1612082E235
S31580E12BC0EE3700EB2C0088E250109FE5EB3700EB07
S31580E12BD00030D4E5803043E2133F6FE1A332A0E1D8
S31580E12BE04C3088E5030000EA103083E2020053E1CD
S31580E12BF0ABFFFF1A0160E0E30600A0E11CD04BE2E7
S31580E12C00F08DBDE80CACE280D2ACE2801BADE28017
S31580E12C1022ADE28029ADE28032ADE2803BADE28059
S31580E12C202AA4E28018482DE9143090E50CB08DE2B3
S31580E12C303F3083E23F30C3E3403083E203D04DE06F
S31580E12C403F408DE23F40C4E364C090E50010A0E3DD
S31580E12C50040090E50120A0E30430A0E13CFF2FE1F0
S31580E12C60010050E33C009F150600001A38009FE5FD
S31580E12C7066DFFFEB0400A0E154FEFFEB004050E28B
S31580E12C800300000A24009FE560DFFFEB0040E0E3FC
S31580E12C90010000EA18009FE55CDFFFEB0400A0E19C
S31580E12CA00CD04BE21888BDE842ADE28060ADE280AF
S31580E12CB07CADE2809DADE28013402DE90040A0E14C
S31580E12CC020009FE551DFFFEB0010A0E300108DE5CA
S31580E12CD00400A0E10120A0E10130A0E37AFEFFEB50
S31580E12CE008D08DE21080BDE8BCADE28073402DE96D
S31580E12CF00240A0E112008DE80010A0E30120A0E1EE
S31580E12D000130A0E30050A0E11FFFFFEB020070E37A
S31580E12D102900001A142095E5A4309FE5A4C09FE51B
S31580E12D20023003E0A0109FE5000053E3021001E0CA
S31580E12D3002C00CE00230A0130030A00300005CE387
S31580E12D4001308312000051E30410A0130010A003A8
S31580E12D5001C083E0FF38C2E3FF30C3E3000053E301
S31580E12D600830A0130030A00303108CE02238A0E1E4
S31580E12D700060A0E30338A0E1060053E11030A01320
S31580E12D800630A001033081E0183085E5103095E505
S31580E12D90043084E5082084E530109FE5006084E511
S31580E12DA04C6084E52C0084E2F73200EB0C0084E28F
S31580E12DB01C109FE5F43200EB0600A0E108D08DE21D
S31580E12DC07080BDE8CCCCCCCCAAAAAAAAF0F0F0F06F
S31580E12DD02AA4E280A3AAE2807A0050E30100009A65
S31580E12DE054009FE509DFFFEA570050E34C009FC599
S31580E12DF0FBFFFFCA48209FE5000051E3C0C2A0E186
S31580E12E000C2192071F0000E20130A0E30010920539
S31580E12E101300E0010C11921700300100002091159A
S31580E12E200030820500309205130082110300000014
S31580E12E3000008115000082051EFF2FE10EAEE280C3
S31580E12E40E6ADE2803C43E2807A0050E30100009AFD
S31580E12E5038009FE5EDDEFFEA570050E330009F85BD
S31580E12E60FBFFFF8A2C309FE5A022A0E1022193E7B8
S31580E12E701F0000E2003092E5000051E30110A0E37B
S31580E12E801100C30111008311000082E51EFF2FE1CD
S31580E12E900EAEE280E6ADE2803043E28038402DE955
S31580E12EA00050A0E10140A0E10110A0E3E5FFFFEBC6
S31580E12EB00500A0E1FF1004E2C6FFFFEB0000A0E3FE
S31580E12EC03880BDE87A0050E308402DE91A00008A8F
S31580E12ED074109FE50020A0E30232D1E702C2A0E1AF
S31580E12EE0030050E11000001A5C309FE50C3083E06E
S31580E12EF0042093E5010052E30900001A081093E5E6
S31580E12F000100D3E502C0D3E5002091E50C30D3E59D
S31580E12F101C20C2E1133082E10000A0E3003081E5AC
S31580E12F200880BDE824009FE5040000EA012082E2F2
S31580E12F307B0052E3E7FFFF1A010000EA10009FE5FC
S31580E12F40B2DEFFEB0000E0E30880BDE8F4F4E28066
S31580E12F507CAEE2800EAEE28013402DE9070051E3BC
S31580E12F6001F19F97230000EA882FE180902FE1808D
S31580E12F70902FE180982FE180A02FE180A02FE18042
S31580E12F80A02FE180A02FE180D02AC0E1050000EAF0
S31580E12F90D82AC0E1030000EAD02BC0E1010000EAB3
S31580E12FA0811180E0D829C1E10040A0E1F829C0E1A2
S31580E12FB09CC094E5980090E50C20A0E10030A0E368
S31580E12FC0033092E18C1094E501108DE80300001A3C
S31580E12FD0D84100EB0010A0E3F000CDE1010000EA6A
S31580E12FE00D00A0E1E12800EB00309DE5E83084E5C5
S31580E12FF00000A0E3000000EA0000E0E308D08DE2F3
S31580E130001080BDE80000E0E31EFF2FE110402DE9CE
S31580E130100040A0E1FAFFFFEB000050E31080BDA87D
S31580E130205C3194E5000053E30200000A0400A0E16C
S31580E130301040BDE813FF2FE10300A0E11080BDE859
S31580E130400000E0E31EFF2FE14C3190E513FF2FE115
S31580E1305004E02DE524D04DE20020A0E304108DE2CA
S31580E13060B420CDE10C208DE508208DE5F5FFFFEB61
S31580E1307024D08DE204F09DE438402DE90130A0E3CF
S31580E13080B030C1E11530A0E3043081E50030A0E342
S31580E13090030052E10050A0E10140A0E1083081E562
S31580E130A00B00000A682190E52C1090E540309FE501
S31580E130B0021001E0013003E0062202E2023083E100
S31580E130C0542090E5083084E5020B12E30131831345
S31580E130D0083084150500A0E10410A0E10020A0E3FA
S31580E130E0D8FFFFEB000050E30C309405683185058D
S31580E130F03880BDE880FF7F0004E02DE50830A0E35D
S31580E1310034D04DE2B431CDE11530A0E318308DE510
S31580E13110022CA0E30030A0E31C308DE504108DE5A0
S31580E131200130A0E310208DE514108DE204208DE2BC
S31580E131300C308DE508308DE5C2FFFFEB34D08DE2B2
S31580E1314004F09DE470402DE90D30A0E320D04DE2FE
S31580E13150B430CDE11530A0E308308DE5B438D0E167
S31580E131600060A0E10338A0E10140A0E10550A0E3C1
S31580E131700C308DE50600A0E104108DE20020A0E38D
S31580E13180B0FFFFEB000050E30D00001A10109DE543
S31580E13190010C11E30200000A1E3C01E20E0C53E32E
S31580E131A01100001A50309FE5013003E0000053E33F
S31580E131B00500000A44009FE514DEFFEB1100E0E321
S31580E131C00B0000EA015055E20900004AFA0FA0E33C
S31580E131D0FC3200EB014054E2E5FFFF2A20009FE547
S31580E131E00ADEFFEB1200E0E3010000EA000054E3AF
S31580E131F0F9FFFFDA20D08DE27080BDE88040F9FDED
S31580E13200A0AEE280B6AEE2800224A0E1032482E3AE
S31580E1321010402DE9011882E120D04DE20630A0E38D
S31580E13220B430CDE10C108DE51D30A0E304108DE2C4
S31580E132300020A0E30040A0E108308DE581FFFFEBAF
S31580E13240000050E30200001A0400A0E1FA1FA0E3A7
S31580E13250BBFFFFEB20D08DE21080BDE804E02DE5D9
S31580E132601030A0E324D04DE2B430CDE10C108DE5F1
S31580E132701530A0E304108DE20020A0E308308DE54F
S31580E1328070FFFFEB24D08DE204F09DE43C209FE5C6
S31580E1329008402DE9003092E5020053E10400000A7E
S31580E132A0DC1093E5000051E10600000A003093E569
S31580E132B0F8FFFFEA0010A0E114009FE5D3DDFFEB04
S31580E132C00000A0E30880BDE80300A0E10880BDE836
S31580E132D07846E380D2AEE280F04D2DE9006052E29D
S31580E132E030D04DE20A00000A0180A0E103B0A0E1FE
S31580E132F0E5FFFFEB005050E20500000AE82095E586
S31580E13300081086E0020051E10300009A10019FE572
S31580E13310BEDDFFEB0000A0E33F0000EA8C1095E5FF
S31580E13320CDFFFFEB000050E3F9FFFF1A0670A0E145
S31580E13330603195E50500A0E1030057E103A0A021F6
S31580E1334007A0A03101005AE31230A0831130A09387
S31580E13350B431CDE1403095E514108DE2000053E3C0
S31580E133608C3095E510308DE5930802000130A0E3BD
S31580E133701C208D051520A0E318208DE504208DE223
S31580E133801C808D1504B08DE50CA08DE508308DE5AA
S31580E133902CFFFFEB004050E20100000A0040A0E371
S31580E133A0150000EA01005AE30D00009A0C30A0E313
S31580E133B0B431CDE10500A0E11D30A0E314108DE22A
S31580E133C00420A0E11C408DE518308DE51DFFFFEB63
S31580E133D0000050E30200000A48009FE58BDDFFEB29
S31580E133E0050000EA0500A0E1FA1FA0E354FFFFEB28
S31580E133F0000050E3E8FFFF1A0A40A0E10A0054E129
S31580E13400C3FFFF1A8C3095E5047057E0048088E0AD
S31580E1341093B42BE0C5FFFF1A0600A0E130D08DE220
S31580E13420F08DBDE8EBAEE28017AFE28070402DE92A
S31580E134300050A0E10000A0E320D04DE26401C5E5A3
S31580E13440ECB3FFEB0060A0E10500A0E104108DE2A2
S31580E134500120A0E307FFFFEB004050E21000001AD5
S31580E134600600A0E1E3B3FFEBFA0F50E30E00008A1A
S31580E134706400A0E3533200EB683195E5000053E345
S31580E13480F0FFFFAA0138A0E3303085E510309DE5F5
S31580E13490583085E5233FA0E1013003E2403085E500
S31580E134A0B448C5E10400A0E1000000EA1000E0E3D1
S31580E134B020D08DE27080BDE838402DE90140A0E161
S31580E134C071FFFFEB005050E20B00000A8630D5E534
S31580E134D0072004E20730C3E3B310A0E3032082E1CF
S31580E134E048FFFFEB000050E33880BD180500A0E1FE
S31580E134F00410A0E13840BDE896FEFFEA0000E0E373
S31580E135003880BDE810402DE90040A0E1CBFEFFEB1D
S31580E13510000050E31080BDA8583194E5000053E3E4
S31580E135200200000A0400A0E11040BDE813FF2FE18C
S31580E135300100A0E31080BDE83C3090E510402DE924
S31580E13540030051E10310A021383090E5030051E1F9
S31580E135504C1080254C3080350130A0E3483080E541
S31580E13560503190E50040A0E133FF2FE10030A0E348
S31580E13570483084E51080BDE8F04D2DE959DE4DE215
S31580E135800230A0E33C608DE2BC33CDE10020A0E3D4
S31580E135900730A0E30610A0E10040A0E140308DE5D0
S31580E135A044208DE5A7FEFFEB005050E2B40A9F155B
S31580E135B02D00001A48108DE21020A0E3740084E209
S31580E135C0A03100EB0330A0E3BC33CDE1B438D4E1E4
S31580E135D00400A0E10338A0E144308DE50610A0E1C6
S31580E135E01530A0E30520A0E140308DE595FEFFEBA7
S31580E135F0000050E39902001A303094E50020A0E300
S31580E13600020813E348309D153C108DE22338A01162
S31580E13610B438C4110930A0E3BC33CDE10730A0E36F
S31580E1362040308DE5B438D4E10400A0E10338A0E16F
S31580E1363044308DE583FEFFEB2C1A9FE50050A0E137
S31580E136400400A0E1BBFFFFEB0400A0E11C1A9FE5AB
S31580E13650B8FFFFEB0400A0E1FA1FA0E3B8FEFFEBA1
S31580E13660000055E30200000A040A9FE5E7DCFFEB70
S31580E13670790200EA48309DE5643084E54C309DE589
S31580E13680683084E550309DE56C3084E554309DE5C5
S31580E13690703084E5303094E5010853E31600001A72
S31580E136A0D0099FE5D9DCFFEB48309DE5233DA0E1DC
S31580E136B00F3003E2040053E303F19F970C0000EA25
S31580E136C0F436E180D436E180DC36E180E436E180AF
S31580E136D0EC36E180A0399FE5060000EA9C399FE55A
S31580E136E0040000EA98399FE5020000EA413BA0E345
S31580E136F0000000EA8C399FE5303084E57030D4E50E
S31580E13700883084E5BE36D4E10120A0E30F3003E2C0
S31580E13710301094E51233A0E1020811E38C3084E5A0
S31580E13720B636D4012333A0010F3003021233A00150
S31580E13730903084E5403094E5000053E30500000ACB
S31580E13740BA26D4E16C3094E5012082E2032882E056
S31580E137500225A0E1120000EA2C099FE5ABDCFFEB34
S31580E13760BC26D4E1BA36D4E1022BA0E1222AA0E13B
S31580E137708C0094E5232782E0012082E2A004A0E187
S31580E13780920000E0B826D4E10110A0E3C227A0E1CF
S31580E13790833082E1073003E2023083E21133A0E134
S31580E137A0930002E00030A0E3F02AC4E18C0094E5C6
S31580E137B0A0C094E5A41094E59C2083E00060A0E39A
S31580E137C0913023E00070A0E3F02AC4E1F86AC4E115
S31580E137D0F06BC4E1B4089FE58CDCFFEB8C3094E5BB
S31580E137E0F86BC4E1020C53E3023CA0838C30848500
S31580E137F0903094E5F06CC4E1020C53E3023CA08383
S31580E13800903084850730A0E3BC33CDE1B438D4E190
S31580E13810F86CC4E1F06DC4E13C608DE20338A0E16F
S31580E138201570A0E30400A0E10610A0E10020A0E36A
S31580E1383040708DE544308DE502FEFFEB005050E2AD
S31580E138404C089F1588FFFF1A1030A0E3BC33CDE109
S31580E138500520A0E1023CA0E30400A0E10610A0E17E
S31580E1386040708DE544308DE5F6FDFFEB005050E28A
S31580E1387020089F157CFFFF1A0130A0E3302094E5F4
S31580E13880943084E50030E0E38630C4E5A238A0E1F7
S31580E13890013023E2536F8DE2410B52E30030A033D6
S31580E138A001300322036086E2000053E33F60C6E312
S31580E138B00C00001A8710D4E50400A0E1A5FDFFEB1A
S31580E138C0D829C4E10050A0E1CC079FE54FDCFFEBAE
S31580E138D0000055E35B00000A8710D4E5BC079FE54D
S31580E138E04ADCFFEBDC0100EAB4079FE547DCFFEB4E
S31580E138F00610A0E10400A0E1FEFDFFEBC010D6E5D5
S31580E13900000050E30C00001A010051E30A00009A1E
S31580E13910D620D6E5D530D6E50228A0E1032482E19A
S31580E13920D430D6E5032082E18224A0E1223AA0E1E7
S31580E13930020B53E30030A083F02AC481013041E2D7
S31580E13940050053E303F19F970F0000EA6439E180B4
S31580E139506C39E1807439E1808C39E1807C39E180B0
S31580E139608439E1803C379FE5060000EA38379FE5F8
S31580E13970040000EA34379FE5020000EA30379FE52C
S31580E13980000000EA2C379FE5303084E5AF30D6E59C
S31580E13990E0C0D6E5000053E36C3094058C39A01184
S31580E139A01F2B03023E3E0302A332A0012225A00182
S31580E139B0013083020120820292030300943084E580
S31580E139C0A030D6E5E220D6E5010013E30100001A36
S31580E139D0000052E30100000AB330D6E58630C4E543
S31580E139E08228A0E1C23FA0E1F82AC4E1A820D6E579
S31580E139F0B87084E28228A0E1C23FA0E106E0A0E1BE
S31580E13A000050A0E3F02BC4E19030DEE59120DEE5C5
S31580E13A100334A0E1023883E08F20DEE5DDA0D6E540
S31580E13A20023083E0930CC1E0015085E2902A83E085
S31580E13A30040055E39A3123E003E08EE2F820C7E003
S31580E13A40F0FFFF1A9AFFFFEA303094E5022813E28D
S31580E13A509300000A3730A0E3B835CDE1B438D4E13C
S31580E13A6058A08DE2505084E50338A0E10520A0E11D
S31580E13A701580A0E30400A0E10A10A0E15C808DE559
S31580E13A8060308DE56FFDFFEB005050E27201001A68
S31580E13A90CF708DE23330A0E35C808DE53F70C7E384
S31580E13AA00380A0E3B835CDE160508DE50830A0E331
S31580E13AB028308DE50400A0E10130A0E30A10A0E101
S31580E13AC01C208DE21C708DE524308DE520308DE55E
S31580E13AD05CFDFFEB005050E20200000A018058E2F3
S31580E13AE0F1FFFF2A910000EA0810A0E10400A0E1BD
S31580E13AF093FDFFEB002097E5023CA0E1FF1C02E28B
S31580E13B00223C83E1013483E1FF2802E2223483E12E
S31580E13B105C3084E5040097E5001CA0E1FF2C00E21F
S31580E13B20201C81E1021481E1FF2800E2222481E167
S31580E13B30602084E5232CA0E10F2002E2010052E31C
S31580E13B400700000A70159FE50800003A020052E37B
S31580E13B500600001A020913E360259F0560259F157B
S31580E13B60000000EA5C259FE5302084E5000000EA5C
S31580E13B70301084E5010713E350309415302094E545
S31580E13B80013C8313503084152C359FE5030052E1C7
S31580E13B906800000AE37F8DE2037087E228A59FE54E
S31580E13BA03F70C7E30580A0E3018058E21300000A75
S31580E13BB00630A0E3B437CDE11530A0E378308DE56A
S31580E13BC04030A0E338308DE50400A0E10130A0E388
S31580E13BD074108DE22C208DE27CA08DE52C708DE534
S31580E13BE034308DE530308DE516FDFFEB000050E396
S31580E13BF02900001A1C3097E5020C13E3E9FFFF1A4E
S31580E13C000C3097E5020C13E34A00000A543094E540
S31580E13C10113003E2110053E34600001A0630A0E3B7
S31580E13C20B437CDE11530A0E378308DE59C349FE55E
S31580E13C307C308DE54030A0E338308DE5592E8DE23C
S31580E13C400130A0E3603522E50400A0E174108DE245
S31580E13C50042042E22C708DE534308DE5F9FCFFEBF2
S31580E13C60005050E20200000A64049FE567DBFFEB47
S31580E13C702E0000EA103097E5033CA0E10F3403E221
S31580E13C80010453E3503094052500000A501094E571
S31580E13C9040049FE55DDBFFEB260000EA0050A0E1F2
S31580E13CA0220000EA410B53E3502084E50100002A1B
S31580E13CB00050A0E31F0000EAE37F8DE2037087E214
S31580E13CC03F70C7E30400A0E10710A0E109FDFFEB27
S31580E13CD0005050E2E000001A0400A0E1B910A0E330
S31580E13CE00120A0E3C480D7E546FDFFEB005050E21A
S31580E13CF0D900001A0400A0E10710A0E1FDFCFFEB6A
S31580E13D00005050E2D400001AB930D7E5000053E301
S31580E13D10E6FFFF0A503094E5020018E31130831381
S31580E13D200000001A013083E3503084E5010000EAA7
S31580E13D30000055E3C800001A542094E5503094E51C
S31580E13D40023003E0302094E5503084E5022812E227
S31580E13D500600001AE37F8DE2037087E23F70C7E3D6
S31580E13D600250A0E170A39FE570B39FE52A0000EAC7
S31580E13D70010C13E35E00000A3730A0E3BC33CDE1EA
S31580E13D80B438D4E13C708DE20338A0E10020A0E3B1
S31580E13D901560A0E30400A0E10710A0E140608DE595
S31580E13DA044308DE5A7FCFFEB002050E20200A01134
S31580E13DB0AA00001A0630A0E340608DE50400A0E188
S31580E13DC00260A0E30710A0E1BC33CDE144608DE55C
S31580E13DD09CFCFFEB000050E3A000001A0430A0E356
S31580E13DE0443084E5486084E5503194E50400A0E1FF
S31580E13DF033FF2FE1485084E53D0000EAE0229FE56C
S31580E13E00081192E7542094E5020011E10600001AB8
S31580E13E10015085E2030055E33500000A05819AE702
S31580E13E200531A0E1000058E3F3FFFF1AFF2008E225
S31580E13E300400A0E1B710A0E314308DE5F1FCFFEBBF
S31580E13E4014309DE5002050E2F0FFFF1A0B3093E736
S31580E13E50443084E50230A0E3483084E50400A0E103
S31580E13E60503194E514208DE533FF2FE114209DE553
S31580E13E70482084E50400A0E10710A0E19DFCFFEB6A
S31580E13E80000050E3E1FFFF1AA020D6E5A030D7E598
S31580E13E90030052E1DDFFFF1AAF20D6E5AF30D7E56B
S31580E13EA0030052E1D9FFFF1AC020D6E5C030D7E53D
S31580E13EB0030052E1D5FFFF1AE020D6E5E030D7E5F1
S31580E13EC0030052E1D1FFFF1AD40086E2D41087E2E3
S31580E13ED00420A0E3882F00EB000050E3CBFFFF1A1C
S31580E13EE0FC319FE5502094E5083193E7033082E188
S31580E13EF0503084E5EC119FE5881084E50400A0E16B
S31580E13F008CFDFFEB8C1094E5DC319FE500C0A0E3EE
S31580E13F10013003E0D4019FE5D4219FE50C0053E114
S31580E13F20012002E0010000E00230A0130C30A00184
S31580E13F300C0050E1013083120C0052E10420A01301
S31580E13F400C20A001020083E0FF38C1E3FF30C3E328
S31580E13F500C0053E10830A0130C30A001032080E06F
S31580E13F602138A0E10338A0E10C0053E11030A01321
S31580E13F700C30A0019CE094E5033082E0F03084E5EA
S31580E13F800E20A0E10C30A0E1980094E5033092E1A7
S31580E13F90E2C0C4E5E3C0C4E5EC1084E590008DE5BC
S31580E13FA094E08DE50300001AE23D00EB0010A0E30A
S31580E13FB0F009CDE1010000EA90008DE2EB2400EB0F
S31580E13FC090309DE5B218D4E1E83084E57720D4E5F8
S31580E13FD0BC37D4E100108DE5F40084E214119FE54D
S31580E13FE0E63200EB783094E5470F84E22318A0E1CE
S31580E13FF0FF1001E200108DE52314A0E1FF1001E23C
S31580E1400004108DE5FF1003E208108DE57F10D4E5FD
S31580E140107420D4E50C108DE5233CA0E1D8109FE512
S31580E14020010080E2D53200EB7C3094E5130E84E228
S31580E14030232AA0E12338A0E1C0109FE50F2002E208
S31580E140400F3003E2020080E2CC3200EBD80084E25A
S31580E14050E2F7FFEB0000A0E3000000EA0500A0E143
S31580E1406059DE8DE2F08DBDE832AFE28040420F004D
S31580E1407080841E0051AFE2806CAFE28004010100D2
S31580E1408002020100000301000201010096AFE28015
S31580E14090B2AFE280E2AFE28000B0E2801FB0E280C0
S31580E140A052B0E2803BB0E2800104010002040100EB
S31580E140B00304010029040100050401000001020056
S31580E140C000020200000302000A010200F1FFFF0084
S31580E140D0F1FFFF807AB0E28096B0E280E442E2804E
S31580E140E0384EE280F042E28040787D01CCCCCCCC87
S31580E140F0AAAAAAAAF0F0F0F0BEB0E280D4B0E2803B
S31580E14100D6D7E28068209FE50630A0E3D83080E507
S31580E14110003092E5DC3080E5011083E20130A0E3F6
S31580E14120E430C0E54C309FE53C3180E548309FE5A1
S31580E14130403180E544309FE5443180E5603190E56A
S31580E14140040080E5000053E334309F05603180054B
S31580E1415030309FE5001082E5042093E5040083E595
S31580E14160003080E5042080E5000082E50000A0E3E0
S31580E141701EFF2FE1A4FCE280D832E1802452E18067
S31580E141808C50E180FFFF00007846E380F0452DE921
S31580E1419024D04DE20050A0E1D9FCFFEB000050E3D2
S31580E141A0050000DA0030A0E3343085E510029FE5B2
S31580E141B016DAFFEB0F40E0E37E0000EA04029FE5BA
S31580E141C012DAFFEB343095E5000053E30300000A91
S31580E141D0F4019FE50DDAFFEB0040A0E3750000EA0C
S31580E141E0543195E50500A0E133FF2FE1004050E22F
S31580E141F0D8019F156E00001A0500A0E10110A0E329
S31580E14200CCFCFFEB0130A0E3443085E50500A0E17D
S31580E142108EFBFFEB004050E2B4019F156400001A6B
S31580E14220B0719FE56460A0E38740C5E5FA0FA0E33E
S31580E14230E42E00EB0830A0E32C2095E5B430CDE107
S31580E1424094319FE50500A0E1023003E0000053E3ED
S31580E142500730A011AA30A0030C308DE504108DE261
S31580E142601530A0E30020A0E308308DE575FBFFEB78
S31580E14270004050E20A00001A1030DDE5AA0053E35F
S31580E142800600001A54719FE5307085E550019FE57F
S31580E14290DED9FFEBFA6FA0E33780A0E3200000EAE6
S31580E142A01040E0E33C019FE5D8D9FFEB38019FE57B
S31580E142B0C42E00EB016056E2DBFFFF1A24019FE585
S31580E142C03B0000EA2930A0E32C2095E5B430CDE12E
S31580E142D004319FE50500A0E1023003E0302095E559
S31580E142E00C308DE5070052E10131830304108DE244
S31580E142F00020A0E30C308D0508A08DE551FBFFEB96
S31580E14300000050E31F00001AFA0FA0E3AD2E00EB88
S31580E1431010309DE5000053E30C0000BA016056E2DF
S31580E143201C00003A0020A0E315A0A0E30500A0E16F
S31580E1433004108DE2B480CDE108A08DE50C208DE5F9
S31580E1434040FBFFEB000050E3DDFFFF0A0D0000EAD2
S31580E14350000056E30F00000A80209FE5301095E5C6
S31580E14360583085E5020051E1233FA0E1012C42125C
S31580E14370013003E20040A0E330208515403085E539
S31580E14380B448C5E1060000EA000050E30040A0E140
S31580E143900300000A000000EA1040E0E34C009FE5DC
S31580E143A0030000EA48109FE548009FE597D9FFEBB7
S31580E143B0000000EA95D9FFEB0400A0E124D08DE26C
S31580E143C0F085BDE8E1B0E280F7B0E28011B1E2804C
S31580E143D02EB1E2804CB1E280AA0100000080FF00AC
S31580E143E0000202008FB1E2806CB1E280102700000A
S31580E143F0B1B1E2800156E280D3B1E28010402DE98D
S31580E144000040A0E10000A0E3FAAFFFEB343094E591
S31580E14410000053E31A00001A6531D4E5000053E346
S31580E144201300E0130100001A0400A0E156FFFFEB40
S31580E14430140070E3000050131080BD186431D4E598
S31580E14440000053E30500001A0400A0E149FCFFEBFC
S31580E14450000050E30120A0030500000A030000EA02
S31580E144600400A0E1F0FBFFEB000050E3F5FFFF0A5B
S31580E144700020A0E3342084E50020A0E36521C4E5A3
S31580E144801080BDE80000A0E31080BDE810402DE972
S31580E144907DFBFFEB004050E20100001A0000A0E343
S31580E144A01080BDE8D4FFFFEB000050E3FAFFFF1A6E
S31580E144B0D80084E21080BDE8F8402DE94C509FE5B4
S31580E144C00060A0E1004095E50570A0E1050054E1BA
S31580E144D00B00000A38009FE5081084E2DC2094E5B1
S31580E144E04AD9FFEB003094E5070053E10200000A68
S31580E144F020009FE50610A0E144D9FFEB004094E55A
S31580E14500F1FFFFEA10009FE5F840BDE83FD9FFEAF9
S31580E145107846E380E1B1E280E8B1E2804BCCE280AB
S31580E1452004309FE5000093E51EFF2FE1A4FCE280C5
S31580E145307F402DE9F8309FE5F8209FE50040A0E334
S31580E145400360A0E1003083E5043083E5004082E545
S31580E145500400A0E108108DE2660200EB005050E213
S31580E145600600001A014084E2030054E3F7FFFF1AD4
S31580E14570C4009FE525D9FFEB0000A0E32A0000EA0D
S31580E1458008309DE50220C3E3010052E31300001ADF
S31580E14590A8209FE5010053E3A4109FE5A4009FE5D1
S31580E145A00210A01119D9FFEB0030E0E30010A0E37F
S31580E145B000308DE50400A0E10120A0E1FF30A0E319
S31580E145C0E00100EB000050E30000E0B3160000BA22
S31580E145D02C00A0E3B7FFFFEB004096E50F0000EA71
S31580E145E00C109DE560009FE508D9FFEB0030E0E324
S31580E145F00010A0E300308DE50400A0E10120A0E1F8
S31580E146000C309DE5EDFFFFEA6631D4E5000053E32A
S31580E146100100000A0400A0E1DBFEFFEB004094E527
S31580E14620060054E1F7FFFF1AD2FFFFEA10D08DE2D0
S31580E146307080BDE87846E380A4FCE2802BB2E2801C
S31580E14640F3B1E280ECB1E280FEB1E28012B2E280C7
S31580E146500000A0E31EFF2FE1283090E5082093E5D6
S31580E1466018309FE5A23283E00331A0E1000093E5B3
S31580E146701F2002E23002A0E1010000E21EFF2FE1ED
S31580E146800AC0050838402DE90040A0E10150A0E1CB
S31580E146900100A0E12C109FE5CA2C00EB000050E35D
S31580E146A00600000A0500A0E11C109FE5C52C00EB81
S31580E146B0000050E30400A0010000A0133880BDE8AB
S31580E146C00000E0E33880BDE83CB2E28043B2E280BC
S31580E146D0FBC001E2290051E301005C1382C3A0E142
S31580E146E010402DE901EB8C0301C08C138140A0E1E0
S31580E146F001E08E03000090E504C08E0104C08C11B8
S31580E14700000052E3083080E50CC080E50300001A22
S31580E14710343090E5200013E3FCFFFF0A0F0000EA46
S31580E14720FD2002E2010052E30800001A342090E500
S31580E14730050012E30200000A28009FE5B3D8FFEBEB
S31580E14740040000EA100012E3F7FFFF0A030000EA23
S31580E1475014009FE5ADD8FFEB0000A0E31080BDE833
S31580E147600100A0E31080BDE84AB2E2806AB2E2804D
S31580E14770F8402DE9007051E2F880BD08870052E1EA
S31580E147800250A0E10020A0330060A0E10240A03108
S31580E147900C00003A0500A0E1E63B00EB0710A0E142
S31580E147A00040A0E10500A0E10C3C00EB000051E3F4
S31580E147B001408412024044E2A420A0E1FF2002E20B
S31580E147C0043062E0FF4003E2024484E1003096E592
S31580E147D01B4884E3044083E5F880BDE838402DE951
S31580E147E0283090E50050A0E10C2093E5000052E3EB
S31580E147F01400001A0243A0E31C3094E50230C3E3BF
S31580E148001C3084E5203094E58C019FE5022083E32A
S31580E148100230C3E3202084E5203084E57BD8FFEBBA
S31580E14820743194E53F34C3E3093483E3743184E539
S31580E14830782194E564319FE5FF2402E2033082E149
S31580E14840783184E5420000EA010052E31F00001A54
S31580E148500243A0E348019FE56CD8FFEB1C3094E569
S31580E148600430C3E33C019FE51C3084E567D8FFEB68
S31580E14870203094E530019FE5042083E30430C3E3EF
S31580E14880202084E5203084E560D8FFEB603194E533
S31580E14890FF35C3E30F37C3E3493583E3023783E368
S31580E148A0603184E5643194E53F30C3E3123083E3DC
S31580E148B0643184E5D03194E53F3883E3D03184E5D2
S31580E148C0E43194E53F38C3E3E43184E5200000EA4E
S31580E148D0020052E31700001A0243A0E3FC3094E59C
S31580E148E00830C3E3FC3084E5FC3094E5BC009FE509
S31580E148F0022783E30237C3E3FC2084E5FC3084E5C9
S31580E1490042D8FFEB5C3194E52339A0E10339A0E19C
S31580E14910493B83E3923083E35C3184E5D83194E5A6
S31580E149206E35C3E3D83184E5D83194E5013383E349
S31580E14930D83184E5060000EA74109FE574009FE5AE
S31580E1494032D8FFEB70109FE570009FE52FD8FFEB23
S31580E14950080000EA68409FE5000094E558F9FFEB1E
S31580E149600110A0E3000094E54BF9FFEB000094E52C
S31580E149700110A0E317F9FFEBE7AEFFEB44109FE5EB
S31580E149800020A0E1280095E578FFFFEB6400A0E335
S31580E14990182D00EB0000A0E33880BDE87BB2E28011
S31580E149A0499224008BB2E2809EB2E280AEB2E2808E
S31580E149B0BEB2E280C156E280CEB2E280D656E280D5
S31580E149C0EDB2E280D04AE380801A0600F8452DE90F
S31580E149D0B030D1E10070A0E1330053E30140A0E1C2
S31580E149E002A0A0E1288090E50100001A90029FE5EF
S31580E149F0F42C00EB043094E5000053E30360A0015E
S31580E14A000300000A020013E32332A00101600302DE
S31580E14A100360A013280097E5003090E5343093E5F4
S31580E14A20030B13E30C00001AB030D4E1190053E311
S31580E14A300B00000A0010D4E5280097E50620A0E1E6
S31580E14A40083094E521FFFFEB000050E334029F0537
S31580E14A50B010D4011200001AECD7FFEB0000E0E3BE
S31580E14A60F885BDE8B438D7E108509AE53710A0E378
S31580E14A700120A0E30338A0E114FFFFEB0530A0E1BC
S31580E14A80280097E51710A0E30120A0E30FFFFFEBD5
S31580E14A90005050E2E6FFFF1AEC019FE5DBD7FFEB22
S31580E14AA00F0000EA043094E5010013E30A00000AEE
S31580E14AB0020013E3003098E514209315182084153D
S31580E14AC01820931514208415143093051C20931512
S31580E14AD020309315102084150C3084E500005AE3CC
S31580E14AE00100001A0000A0E3F885BDE804209AE5FC
S31580E14AF0013012E23700000A442097E50C009AE57E
S31580E14B0008309AE528C097E5040052E3900303E074
S31580E14B1000109CE50B20A0030320A013002882E16E
S31580E14B2002E5A0E30000A0E300409AE524E081E508
S31580E14B30283081E52C2081E500209CE5341092E542
S31580E14B40010A11E30900000A406092E500E084E091
S31580E14B500020A0E33652A0E1082082E2200052E361
S31580E14B600150CEE4FAFFFF1A040080E2043043E20A
S31580E14B70012043E2020052E30C00008A400011E387
S31580E14B800A00000A00209CE5005084E0406092E53E
S31580E14B900020A0E382E1A0E136EEA0E102E0C5E7F4
S31580E14BA0012082E2030052E1F9FFFF1A0030A0E31F
S31580E14BB00A0011E30400000AD0009FE593D7FFEBDA
S31580E14BC0CC009FE5CC109FE5A2FFFFEA020B11E343
S31580E14BD0D8FFFF1AC2FFFFEA020012E3C0FFFF0A15
S31580E14BE0441097E50C009AE508409AE5282097E578
S31580E14BF0040051E3900404E0002092E50910A0034B
S31580E14C000110A01302C5A0E3001881E100E09AE556
S31580E14C1024C082E5284082E52C1082E5040053E138
S31580E14C20341092E50C00002A020A11E30A00000A18
S31580E14C3003508EE00200D5E501C0D5E50008A0E18C
S31580E14C400C0480E103C0DEE7043083E20C0080E1FE
S31580E14C5003C0D5E50C0C80E1400082E50A0011E352
S31580E14C600400000A24009FE568D7FFEB28009FE552
S31580E14C7028109FE577FFFFEA010B11E3E6FFFF1AB4
S31580E14C8097FFFFEA50C300003EB3E28005B3E280BE
S31580E14C905EB3E28082B3E280E856E28098B3E28056
S31580E14CA0F956E28038402DE9483090E50040A0E1B0
S31580E14CB0010053E30600001A4C5090E516AEFFEB77
S31580E14CC00510A0E10020A0E1280094E53840BDE888
S31580E14CD0A6FEFFEA020053E31400001A445090E571
S31580E14CE0B438D0E1040055E30250A0030050A0138C
S31580E14CF03710A0E30120A0E30338A0E1280090E586
S31580E14D0072FEFFEB280094E50610A0E30120A0E304
S31580E14D100530A0E16DFEFFEB000050E33880BD1861
S31580E14D2014009FE514109FE53840BDE837D7FFEAC8
S31580E14D300C009FE53840BDE834D7FFEAAFB3E280A7
S31580E14D400B57E280CEB3E28017CEA0E3900C0CE065
S31580E14D50F34D2DE950619FE50040A0E108008CE22A
S31580E14D6000108DE544519FE5000086E040119FE506
S31580E14D700CA086E00280A0E103B0A0E10472A0E18C
S31580E14D807E2F00EB2C319FE5072085E0010054E37F
S31580E14D904C318AE520319FE550318AE528208AE544
S31580E14DA018319FE518219F0554318AE51020850544
S31580E14DB00700000A020054E308219F0520208505AB
S31580E14DC00300000A000054E3FC209FE500208505EE
S31580E14DD004228517072085E0F0109FE50C4082E5E7
S31580E14DE00B00A0E104208DE525FEFFEB04209DE587
S31580E14DF0075085E0010070E3040082E5172EA013D9
S31580E14E0094622210C8109F155811821528009DE5DD
S31580E14E10C0109FE51AFEFFEBBC109FE5010070E331
S31580E14E20173EA01394632310B0209F155C21831550
S31580E14E3000309DE5A8209FE50370E0E1173EA0E301
S31580E14E40946323E0072002E0542083E5000058E3E1
S31580E14E50382083E2080085E5381083E504808215F1
S31580E14E600600001A010017E378309F050200000A68
S31580E14E70100017E370309F1570309F05043082E58E
S31580E14E80173EA0E3936424E00830A0E3603184E533
S31580E14E905C309FE52C3084E50A00A0E198FCFFEBCD
S31580E14EA00000A0E308D08DE2F08DBDE88046E38086
S31580E14EB0D44AE380EEB3E280CC49E180A44CE18040
S31580E14EC0DC47E1800080102000001B2000001020DC
S31580E14ED043B2E2805046E1803CB2E280801A06002D
S31580E14EE05846E18011080000002D31010075190353
S31580E14EF080BA8C010080FF00F0402DE94C5099E5A5
S31580E14F001CD04DE20C20A0E30060A0E10170A0E19D
S31580E14F100C008DE20010A0E3332B00EB0500A0E14D
S31580E14F20701900EB004050E238019F150410A01182
S31580E14F300700001A022086E20500A0E10410A0E144
S31580E14F40862100EB006050E2030000AA18019FE58C
S31580E14F500610A0E1ADD6FFEB040000EA0500A0E172
S31580E14F600610A0E16E2100EB000050E30100001A7B
S31580E14F700000A0E3390000EA0500A0E10610A0E107
S31580E14F80E8209FE5CD2100EB000050E3F7FFFF0A23
S31580E14F900500A0E10610A0E1D4209FE5C72100EB42
S31580E14FA0000050E3F1FFFF1A0500A0E10610A0E141
S31580E14FB0C0209FE5C12100EBBC409FE5000050E3A6
S31580E14FC00030E0030700000A0330A0E300308DE5FE
S31580E14FD00500A0E10C308DE20610A0E194209FE56A
S31580E14FE0992100EB10309DE50500A0E10610A0E1D6
S31580E14FF088209FE5003084E5B02100EB000050E396
S31580E150000100A013000087151400001A0340A0E3F5
S31580E1501000408DE50500A0E10610A0E160209FE556
S31580E150200C308DE2882100EB000050E30230A003D2
S31580E150300030870510309D05043087050600000A9B
S31580E150400500A0E10610A0E138209FE59B2100EB59
S31580E15050000050E3C5FFFF0A004087E50100A0E3B9
S31580E150601CD08DE2F080BDE8F5B3E2800EB4E2803B
S31580E150701AB4E2802BB4E28038B4E280D04AE3808D
S31580E15080ECB1E28043B4E2804FB4E280F04D2DE9A9
S31580E1509028D04DE201A0A0E10280A0E17AF8FFEB01
S31580E150A0005050E20040E0035800000A944095E544
S31580E150B00A00A0E10410A0E1C83900EB000051E349
S31580E150C00400001A0800A0E10410A0E1C33900EB56
S31580E150D0000051E30800000A043088E0002064E221
S31580E150E00A3083E0023003E02C019FE50410A0E161
S31580E150F00A2002E0013043E244D6FFEB0070A0E3F0
S31580E1510015B0A0E3080057E13800002A943095E510
S31580E15110086067E0030056E10360A021403095E531
S31580E151200A2087E0000053E390109505013042E2C2
S31580E15130063083009103030091020200301095E569
S31580E1514006308310021801E2000051E32010A0131B
S31580E151502310A00321C0A01324C0A003BC10CDE17D
S31580E1516014208DE50500A0E10C108DE20020A0E37E
S31580E1517004308DE500C08DE510B08DE5B1F7FFEB2C
S31580E1518000C09DE504309DE5004050E21300001A21
S31580E151900420A0E10500A0E10C108DE2BCC0CDE1C8
S31580E151A014308DE5A7F7FFEB004050E20B00001AC3
S31580E151B02630A0E3BC30CDE10231A0E314308DE5A9
S31580E151C00420A0E11D30A0E30500A0E10C108DE2F2
S31580E151D010308DE59BF7FFEB004050E20500000AB9
S31580E151E038009FE5FDD5FFEB000054E30100000A9E
S31580E151F00740A0E1050000EA0500A0E1FA1FA0E36F
S31580E15200CFF7FFEB067087E0000050E3BCFFFF0AB3
S31580E152100400A0E128D08DE2F08DBDE85DB4E280A6
S31580E15220BAB4E280F04D2DE930D04DE201B0A0E193
S31580E152300260A0E103A0A0E113F8FFEB004050E299
S31580E152400100001A0000A0E3480000EA901094E50E
S31580E1525001F8FFEB000050E3F9FFFF1A0670A0E1C9
S31580E15260603194E5E82094E5030057E10750A031E9
S31580E152700350A0210B8085E0020058E10300009AEB
S31580E152800810A0E1EC009FE5E0D5FFEB190000EA0C
S31580E15290000055E31700000A010055E31830A0032A
S31580E152A01930A013B431CDE1403094E51520A0E367
S31580E152B0000053E3903094E518208DE5930B0B00C5
S31580E152C010308DE50400A0E10230A0E314108DE2F8
S31580E152D004208DE21CB08DE504A08DE50C508DE5B2
S31580E152E008308DE557F7FFEB00B050E20300000A86
S31580E152F084009FE5C5D5FFEB00C0A0E3130000EA7B
S31580E15300010055E30B00000A0C30A0E3B431CDE196
S31580E153100400A0E11D30A0E314108DE20B20A0E192
S31580E153201CB08DE518308DE546F7FFEB000050E3C4
S31580E1533048009F15EEFFFF1A0400A0E1FA1FA0E3E3
S31580E153407FF7FFEB000050E3EAFFFF1A05C0A0E11B
S31580E1535005005CE1BAFFFF1A903094E50C7057E0E6
S31580E1536093AC2AE008B0A0E1BCFFFF1A0600A0E1F9
S31580E1537030D08DE2F08DBDE8EBAEE280CCB4E28058
S31580E1538017AFE280143090E510402DE9000053E339
S31580E153900040A0E10300001A60009FE560109FE5F0
S31580E153A01420A0E399D5FFEB58109FE50020A0E3F8
S31580E153B0023191E7000053E30900001A200094E5E9
S31580E153C040109FE5000050E3024181E7AC3084E57F
S31580E153D0282084E50700001A303094E5203084E502
S31580E153E01080BDE8012082E2200052E3EFFFFF1A40
S31580E153F00100A0E31080BDE80300A0E11080BDE8D4
S31580E15400DEB4E280F4B4E280044BE38070402DE9BF
S31580E154105C609FE50050A0E10040A0E3043196E79F
S31580E15420000053E30A00000A0500A0E1241093E599
S31580E15430642900EB000050E30500001A30309FE557
S31580E15440040193E7000050E30500001A1200E0E34F
S31580E154507080BDE8014084E2200054E3EEFFFF1A4C
S31580E15460F9FFFFEAAC3090E5013083E2AC3080E5CC
S31580E154707080BDE8044BE380F7402DE924409DE54B
S31580E1548001C0A0E1000054E30360A0E10130A01374
S31580E154900330A00300308DE58211A0E10030A0E366
S31580E154A00C20A0E10070A0E120509DE5090900EB08
S31580E154B0000050E30A00001A000054E30800000AE5
S31580E154C00230A0E320308DE50700A0E18411A0E160
S31580E154D00620A0E10530A0E10CD08DE2F040BDE8E8
S31580E154E0FC0800EA0CD08DE2F080BDE807402DE9AA
S31580E154F000308DE510309DE504308DE50030A0E388
S31580E15500DCFFFFEB0CD08DE204F09DE41F402DE93A
S31580E1551002E0A0E110C08DE201106CE50120A0E37C
S31580E1552000308DE50C10A0E10E30A0E1EEFFFFEB3F
S31580E1553014D08DE204F09DE407402DE900C0A0E39C
S31580E1554000C08DE510C09DE504C08DE5C9FFFFEB88
S31580E155500CD08DE204F09DE4F04D2DE928D04DE2AA
S31580E15560BF0600EB005050E20300001A48059FE5B4
S31580E1557026D5FFEB0570A0E14C0100EA290700EB97
S31580E15580001050E20200000A30059FE51FD5FFEBCF
S31580E15590C20000EA0500A0E19F10A0E310208DE2A1
S31580E155A00530A0E3D8FFFFEB000050E310059F151F
S31580E155B0B700001A1230DDE51140DDE51370DDE557
S31580E155C0044483E1FCA49FE51430DDE5F8B49FE56E
S31580E155D0077483E10060A0E15A30A0E30A80A0E18C
S31580E155E01830CDE51900CDE51A00CDE51B00CDE5F6
S31580E155F01C00CDE504309AE51020DDE5230852E173
S31580E156001A00001A0328A0E1220854E11700001AC3
S31580E156100B0053E10D00001A0730A0E300308DE561
S31580E156200500A0E118108DE20520A0E320308DE28F
S31580E15630ADFFFFEB000050E390049F159400001A44
S31580E156402000DDE5530050E35300A0030000A013E2
S31580E15650B830DAE1000053E30100000A070053E1C4
S31580E156600200001A18309AE5000053E10B00000AA7
S31580E15670016086E24C0056E31CA08AE2DCFFFF1A59
S31580E156804C049FE5E1D4FFEB1010DDE50420A0E1B9
S31580E156900730A0E13C049FE5DCD4FFEB7D0000EA26
S31580E156A05C00A0E3C0D6FFEB1CB0A0E3960B0BE059
S31580E156B00BA088E0004050E27600000A0010A0E3EB
S31580E156C05C20A0E3482900EBF8339FE508149FE5C9
S31580E156D00B3093E7043084E50C3095E54C3084E576
S31580E156E0103095E54430C4E514309AE5483084E5D8
S31580E156F004209AE50030A0E3005084E5082084E5A3
S31580E1570003C081E0183083E2030081E0180010E5F0
S31580E15710020050E16500001A0F00BCE824E084E253
S31580E157200F00AEE803009CE80430A0E303008EE8B6
S31580E157304430C4E5A4339FE5543084E5A0339FE546
S31580E15740583084E59C339FE5503084E51C30A0E3F6
S31580E15750968323E04D0C57E30C1093E5102093E5F7
S31580E15760143093E5910202E0027CA003017CA01350
S31580E15770020013E32030A0132030C415107084E5B5
S31580E15780141084E50C2084E5013AA0134A00000A4E
S31580E15790183084E50530A0E31F30C4E5010452E307
S31580E157A00030A0E30F30CDE54C00008A1E30C4E521
S31580E157B00B30A0E33F30C4E52030A0E34130C4E5BF
S31580E157C04330C4E54030C4E54230C4E50130A0E36E
S31580E157D03C30C4E54430D4E50220A0E3020013E383
S31580E157E03E20C4E54F00001A043013E26800001A37
S31580E157F0F4229FE5001092E5000051E38800000A5B
S31580E15800E8029FE5E8329FE5243080E50630A0E3B3
S31580E158100C2094E50030C0E5103094E5143080E545
S31580E158200030A0E3F820C0E10060A0E3183094E501
S31580E15830103080E5346080E5D1FEFFEB0400A0E125
S31580E15840F80000EB060054E10470A0E11100000AC3
S31580E158500C3094E5010453E39200009A483094E5D4
S31580E15860010813E38F00000A28108DE24830E0E357
S31580E15870083061E50400A0E100608DE50120A0E348
S31580E158800630A0E10F0100EB060050E1830000AA9B
S31580E1589060029FE55DD4FFEB0500A0E1630600EBC6
S31580E158A00500A0E1580600EB0070A0E37F0000EA66
S31580E158B0AE0F53E391FFFF1A96FFFFEA040013E36D
S31580E158C02730E0032030C40518108405B0FFFF0AB5
S31580E158D05230A0E32030C4E50239A0E3ABFFFFEA12
S31580E158E01030DDE50120A0E3010053E31630A0038B
S31580E158F0C830A0131C30C4E51730A003C530A0130F
S31580E159001D30C4E50400A0E100208DE51C1084E291
S31580E159100F308DE2810200EB000050E3DDFFFF1ADC
S31580E159200F30DDE5A0FFFFEA14209AE5200012E3BF
S31580E159303B20A0133F20C4154020A0134120C4156D
S31580E159400500001A100012E34420E0133F20C4153D
S31580E159504020A0134120C4154320C41514209AE5A4
S31580E15960020C12E31220A0133E20C4154020A0139E
S31580E159704020C4159BFFFF1A010C12E31820A013E7
S31580E159803E20C4154020A0134020C4154220C415F2
S31580E1599094FFFFEA14209AE5800012E30600000AEC
S31580E159A06B20A0E33F20C4E57F20E0E34120C4E50E
S31580E159B02020A0E34320C4E5080000EA400012E38A
S31580E159C00600000A1420E0E33F20C4E57F20E0E3FF
S31580E159D04120C4E54320C4E50320A0E33C20C4E59F
S31580E159E014209AE5020B12E30500000A3220A0E3B7
S31580E159F03E20C4E57F20E0E34020C4E52020A0E30B
S31580E15A00050000EA010B12E378FFFF0A3820A0E3E4
S31580E15A103E20C4E57F20E0E34020C4E54220C4E5A2
S31580E15A2072FFFFEA0110A0E3000053E3001082E574
S31580E15A301000000A1C30A0E3968323E0143093E53E
S31580E15A40C30E13E30B00000A020813E36BFFFF1A90
S31580E15A500400A0E1810000EB000050E367FFFF0A4C
S31580E15A604430D4E590009FE50430C3E34430C4E597
S31580E15A70E6D3FFEB61FFFFEA1C30A0E3938626E0E5
S31580E15A80143096E5C30E13E35CFFFF0A020813E3C5
S31580E15A905AFFFF1A0400A0E1700000EB57FFFFEA0E
S31580E15AA058009FE5D9D3FFEB0500A0E1DF0500EBC8
S31580E15AB00700A0E128D08DE2F08DBDE892B6E280C4
S31580E15AC0AEB6E280CFB6E2805043E2801740C800AE
S31580E15AD0EAB6E2807EB7E2809AB7E280A8FCE2800D
S31580E15AE01866E1809060E180A067E180844BE38085
S31580E15AF0884BE3803DB7E28042B7E28007B7E28038
S31580E15B0069B7E28010402DE90040A0E1000090E510
S31580E15B10BD0500EB0400A0E11040BDE815D5FFEA24
S31580E15B20040052E32034A0E12028A0E120CCA001AA
S31580E15B3001C0C1050220C1050330C1050400C105CC
S31580E15B400120C1150230C1150300C1151EFF2FE1E9
S31580E15B50FF412DE9006090E51F30D0E510208DE210
S31580E15B60013062E50130A0E300308DE50050A0E12F
S31580E15B700170A0E10600A0E10810A0E30030A0E3F7
S31580E15B80540700EB004050E20400A0112300001A04
S31580E15B9018AAFFEB0080A0E100408DE50600A0E1B8
S31580E15BA00810A0E30020A0E30E308DE2490700EB68
S31580E15BB0000050E31800001A2A30D5E50E20DDE515
S31580E15BC00F3003E25233A0E1010013E30D00001A26
S31580E15BD00010A0E30230A0E300308DE50600A0E1ED
S31580E15BE00130A0E10120A0E13A0700EB2A00D5E5EA
S31580E15BF00E30DDE50F0000E25300A0E1010010E286
S31580E15C000000E013050000EA0800A0E1F9A9FFEB36
S31580E15C10070050E1DFFFFF3AECFFFFEA0000E0E337
S31580E15C2010D08DE2F081BDE837402DE97D1EA0E3FD
S31580E15C300050A0E1C5FFFFEB004050E20F00E0130A
S31580E15C400400001A343095E50500A0E104108DE2E8
S31580E15C5033FF2FE10400A0E10CD08DE23080BDE876
S31580E15C6037402DE97D1EA0E30050A0E1B7FFFFEBB1
S31580E15C70004050E20F00E0131000001A343095E541
S31580E15C8004108DE20500A0E133FF2FE12E10D5E56A
S31580E15C900120A0E32112A0E104309DE51211A0E1EB
S31580E15CA0030011E10400A0110400001A031081E150
S31580E15CB004108DE5383095E50500A0E133FF2FE14D
S31580E15CC00CD08DE23080BDE8F7452DE9005090E5B6
S31580E15CD0000053E30060A0E10500A0E10280A0E1BD
S31580E15CE001A0A0E10370A0E174409FE57D4EA01381
S31580E15CF04C0500EB002050E20200A0111600001ACC
S31580E15D00000096E50610A0E30230A0E1FEFDFFEB80
S31580E15D10000050E3100000BA28309DE500308DE5A3
S31580E15D200500A0E10A10A0E10820A0E10730A0E18A
S31580E15D3000FEFFEB000050E3070000BA0410A0E18B
S31580E15D400600A0E181FFFFEB004050E2010000BACE
S31580E15D500500A0E1350500EB0400A0E10CD08DE261
S31580E15D60F085BDE8881300007F402DE90140A0E37E
S31580E15D700F10CDE50150A0E100408DE50E108DE2DA
S31580E15D800420A0E10F308DE20060A0E10E40CDE578
S31580E15D90CCFFFFEB000050E30E0000BA483096E5F9
S31580E15DA0013A13E20300A0010A00000A3130A0E3C0
S31580E15DB00E30CDE52554A0E100408DE50600A0E159
S31580E15DC00E108DE20420A0E10F308DE20F50CDE57B
S31580E15DD0BCFFFFEBC00F00E010D08DE27080BDE824
S31580E15DE070402DE90030A0E318D04DE214308DE506
S31580E15DF0483090E50140A0E3020A13E30060A0E1A8
S31580E15E000C108DE51340CDE50700001A010A13E376
S31580E15E100230A0130430A00100308DE513108DE22D
S31580E15E200420A0E10C308DE21E0000EAFF1001E2C1
S31580E15E3018508DE2041025E50420A0E100408DE5AF
S31580E15E4013108DE20530A0E19EFFFFEB000050E3E9
S31580E15E50160000BA3130A0E31330CDE50D30DDE533
S31580E15E6014308DE500408DE50600A0E113108DE24A
S31580E15E700420A0E10530A0E192FFFFEB000050E3B2
S31580E15E800A0000BA1130A0E31330CDE50E30DDE52E
S31580E15E9014308DE50600A0E113108DE20420A0E127
S31580E15EA00530A0E100408DE586FFFFEBC00F00E005
S31580E15EB018D08DE27080BDE87F402DE90120A0E316
S31580E15EC00C108DE518108DE2012061E50C308DE234
S31580E15ED000208DE57BFFFFEBC00F00E01CD08DE25B
S31580E15EE004F09DE410402DE91E30D0E518D04DE256
S31580E15EF0010053E10040A0E10F10CDE50A00000A60
S31580E15F001D30D0E518108DE20120A0E3013061E576
S31580E15F1000208DE50F308DE26AFFFFEB000050E354
S31580E15F20020000BA0F30DDE51E30C4E50000A0E3D3
S31580E15F3018D08DE21080BDE8F7452DE9005090E557
S31580E15F40000053E30060A0E10500A0E10280A0E14A
S31580E15F5001A0A0E10370A0E174409FE57D4EA0130E
S31580E15F60B00400EB002050E20200A0111600001AF6
S31580E15F70000096E55010A0E30230A0E162FDFFEB60
S31580E15F80000050E31000001A28309DE500308DE5D1
S31580E15F900500A0E10A10A0E10820A0E10730A0E118
S31580E15FA064FDFFEB000050E3070000BA0410A0E1B6
S31580E15FB00600A0E1E5FEFFEB004050E2010000BAF9
S31580E15FC00500A0E1990400EB0400A0E10CD08DE28C
S31580E15FD0F085BDE8881300007F402DE90150A0E3FC
S31580E15FE00F10CDE50140A0E100508DE50E108DE268
S31580E15FF00520A0E10F308DE20060A0E10E50CDE5F5
S31580E16000CCFFFFEB000050E31E0000BA483096E576
S31580E16010010A13E30F00001A483096E5023A13E2CB
S31580E160200300A0011700000A1130A0E30120A0E3DC
S31580E160300E30CDE52448A0E100208DE50600A0E103
S31580E160400E108DE20F308DE20F40CDE5B9FFFFEB0B
S31580E16050C00F00E00B0000EA3130A0E30E30CDE561
S31580E160602434A0E10F30CDE500508DE50600A0E1B6
S31580E160700E108DE20520A0E10F308DE2ADFFFFEB42
S31580E16080000050E3E3FFFFAA10D08DE27080BDE807
S31580E16090F04D2DE9023081E028D04DE20080A0E18B
S31580E160A00000A0E30240A0E101A0A0E118308DE567
S31580E160B0D0A8FFEB483098E5010813E30430A0133C
S31580E160C00330A003020A54E310308DE52436A02183
S31580E160D00130A03308308DE514008DE5000098E5A8
S31580E160E0D20300EB185098E50A00A0E10510A0E183
S31580E160F0BA3500EB000051E38300001A0400A0E109
S31580E161000510A0E1B53500EB000051E37E00001AF1
S31580E16110010854E31D00003A0A38A0E12338B0E1D2
S31580E161200E00000A012863E22256A0E1022AB0E1CC
S31580E16130012844E2033082E00328A0E10150851280
S31580E1614022C8B0E12368A0E10CB0A0011600000AE4
S31580E1615022BEA0E1033AB0E101B08B12120000EA5F
S31580E161600428A0E122C8B0E10CB0A0012468A0E136
S31580E161700B50A0010C00000A045AA0E1255AB0E1B7
S31580E1618022BEA0E101B08B120350A011060000EA05
S31580E16190043AA0E1233AB0E124B6A0E101B08B1242
S31580E161A00160A0110360A0010650A0E10000A0E318
S31580E161B090A8FFEB0A70A0E10C008DE50000E0E31A
S31580E161C0000054E35100000A0C009DE589A8FFEB2D
S31580E161D0640050E32000009A18309DE508109DE5A3
S31580E161E0030067E0533500EB28219FE5643060E2E8
S31580E161F00C308DE507306AE0020053E11C308DE515
S31580E1620014009DE50600009A7AA8FFEB1C309DE517
S31580E162102015A0E1010051E30300A0E10110A033C4
S31580E16220050000EA73A8FFEB1C309DE5010050E311
S31580E162300010A0210110A0330305A0E13D3500EB5C
S31580E162400C109DE50020A0E1CC009FE5EFD1FFEBAE
S31580E162500000A0E367A8FFEB0C008DE50800A0E154
S31580E16260271CA0E11EFFFFEB000050E3270000BAE8
S31580E16270000055E30100000A2030A0E3020000EAB5
S31580E16280000056E30200000A2730E0E32030CDE546
S31580E16290010000EA00005BE3F6FFFF1A0700A0E1D8
S31580E162A020108DE210209DE51CFEFFEB10209DE580
S31580E162B00030A0E300308DE50800A0E120108DE2FA
S31580E162C0012082E27FFEFFEB000050E30F0000BA7F
S31580E162D0000055E3017A8712014A441201504512C2
S31580E162E0B6FFFF1A000056E301788712014844128F
S31580E162F001604612B1FFFF1A00005BE3017A871263
S31580E16300014A441201B04B12ACFFFFEA0000E0E320
S31580E1631028D08DE2F08DBDE8FEFF3F00FAC0E28035
S31580E16320F7402DE9005090E50170A0E10500A0E17C
S31580E163300260A0E10340A0E1BA0300EB000050E374
S31580E163400B00001A20309DE500308DE50500A0E1C7
S31580E163500430A0E10710A0E10620A0E162FCFFEB9A
S31580E16360004050E2010000BA0500A0E1AF0300EB76
S31580E163700400A0E10CD08DE2F080BDE8F0402DE98B
S31580E1638014D04DE210508DE20530A0E30170A0E318
S31580E16390023065E50140A0E100708DE50510A0E1E0
S31580E163A00720A0E10F308DE20060A0E1DBFFFFEB8B
S31580E163B0000050E3240000BA0F30DDE5003084E5CB
S31580E163C0483096E5010A13E30D00000A3530A0E373
S31580E163D00E30CDE500708DE50600A0E10510A0E167
S31580E163E00720A0E10F308DE2CCFFFFEB000050E308
S31580E163F0150000BA003094E50F20DDE5023483E133
S31580E16400003084E5483096E5020A13E30D00000A80
S31580E164101530A0E30120A0E30E30CDE500208DE527
S31580E164200600A0E10510A0E10F308DE2BBFFFFEB96
S31580E16430000050E3040000BA003094E50F20DDE56A
S31580E16440023883E1003084E5000094E514D08DE2E2
S31580E16450F080BDE8F0402DE914D04DE210508DE298
S31580E164600530A0E30170A0E3023065E50140A0E1DB
S31580E1647000708DE50510A0E10720A0E10F308DE2E7
S31580E164800060A0E1A5FFFFEB000050E3240000BA25
S31580E164900F30DDE5003084E5483096E5010A13E307
S31580E164A00D00000A0930A0E30E30CDE500708DE5E0
S31580E164B00600A0E10510A0E10720A0E10F308DE202
S31580E164C096FFFFEB000050E3150000BA003094E53B
S31580E164D00F20DDE5023483E1003084E5483096E53E
S31580E164E0020A13E30D00000A6A30E0E30120A0E32B
S31580E164F00E30CDE500208DE50600A0E10510A0E196
S31580E165000F308DE285FFFFEB000050E3040000BA17
S31580E16510003094E50F20DDE5023883E1003084E543
S31580E16520000094E514D08DE2F080BDE8FF4D2DE9C1
S31580E16530005090E5000053E3D4609FE50040A0E180
S31580E165407D6EA0130500A0E10C608DE501A0A0E1C0
S31580E1655002B0A0E130709DE50380A0E1310300EB5C
S31580E16560006050E20600A0112700001A000094E5C1
S31580E165700610A0E30620A0E10630A0E1E2FBFFEBF6
S31580E16580000050E3200000BA000057E34230D4E532
S31580E165900120A0130320A003033082E100308DE5C2
S31580E165A00500A0E18B11A0E10A20A0E10630A0E17F
S31580E165B0C80400EB000057E3100F6FE1A002A0E1F1
S31580E165C00000A003000050E30700000A4030D4E554
S31580E165D00500A0E1023083E300308DE58711A0E17B
S31580E165E00820A0E10630A0E1BA0400EB0400A0E1B6
S31580E165F00C109DE555FDFFEB004050E2010000BA2D
S31580E166000500A0E1090300EB0400A0E110D08DE2D2
S31580E16610F08DBDE888130000F04D2DE920D04DE2E4
S31580E1662010308DE5483090E520708DE2010813E366
S31580E1663004A0A0133E30D0E503A0A0030050A0E162
S31580E1664010B090E5083067E50180A0E101308AE28B
S31580E166500000E0E30060A0E30C208DE514308DE5D9
S31580E166600C309DE5030056E12200002A0500A0E1F9
S31580E16670281CA0E11AFEFFEB000050E31D0000BAE2
S31580E166800800A0E10B10A0E1543400EB0C309DE54D
S31580E16690033066E00B1061E0030051E10340A02185
S31580E166A0003095E50140A031083093E5000053E3E1
S31580E166B00100000A030054E10340A0210800A0E1A3
S31580E166C00710A0E10A20A0E114FDFFEB10309DE563
S31580E166D000408DE50500A0E10710A0E114209DE5CD
S31580E166E0063083E090FFFFEB000050E3048088A052
S31580E166F0046086A0D9FFFFAA20D08DE2F08DBDE8A7
S31580E16700F34D2DE9005090E50080A0E10500A0E180
S31580E1671001A0A0E102B0A0E10370A0E128609DE5BF
S31580E16720C00200EB004050E21900001A000056E377
S31580E167304330D8E50120A0130320A003033082E192
S31580E1674000308DE50500A0E10430A0E18B11A0E1E8
S31580E167500A20A0E15F0400EB004050E20A00001A43
S31580E16760000056E30800000A4120D8E50500A0E1D3
S31580E16770022082E300208DE58611A0E10420A0E1DC
S31580E167800730A0E1530400EB0040A0E10500A0E161
S31580E16790A60200EB0400A0E108D08DE2F08DBDE811
S31580E167A0F04D2DE90380A0E1483090E518D04DE227
S31580E167B0010813E34C3090E504A0A01303A0A003E5
S31580E167C0000053E30050A0E101B0A0E10270A0E136
S31580E167D01400000A0010A0E30830A0E300308DE544
S31580E167E00120A0E10130A0E1000090E5390400EB51
S31580E167F04C1095E50720A0E10B1081E00800A0E1AF
S31580E16800102500EB0010A0E31030A0E300308DE509
S31580E16810000095E50120A0E10130A0E12D0400EB27
S31580E168200000A0E3260000EA3C60D0E53F20D0E509
S31580E16830016086E20A6086E0FF6006E20000E0E34E
S31580E168400C20CDE51130CDE51230CDE51330CDE527
S31580E168501430CDE5000057E31900000A2B4CA0E186
S31580E168600500A0E10410A0E19DFDFFEB000050E3EF
S31580E168701300001A014084E2044CA0E104406BE07D
S31580E16880070054E10740A0210B00A0E10C108DE246
S31580E168900A20A0E1A1FCFFEB00408DE50500A0E127
S31580E168A00C108DE20620A0E10830A0E193FFFFEB1A
S31580E168B0000050E304B08BA0077064A0048088A038
S31580E168C0E3FFFFAA18D08DE2F08DBDE838402DE9CF
S31580E168D0A0309FE5000050E39C409FE50340A01176
S31580E168E00DA7FFEB0233A0E31C2093E50050A0E364
S31580E168F08020C2E31C2083E5642193E57C109FE53B
S31580E169003F2DC2E3642183E5642193E5092D82E38A
S31580E16910642183E568309FE5842093E5032282E361
S31580E16920842083E58C2093E5032882E38C2083E52C
S31580E1693050309FE5005083E57E3300EB010040E275
S31580E16940033280E3023683E3003084E50C3094E55C
S31580E169503F30C3E3013083E30C3084E528309FE5A3
S31580E16960183084E50C3094E5023183E30C3084E51C
S31580E169700500A0E13880BDE80080132000001320E7
S31580E1698000C2010000001420384CE38001001F00A2
S31580E169900000A0E3CCFFFFEA0100A0E3CAFFFFEA23
S31580E169A01EFF2FE11EFF2FE19C209FE5000050E3B3
S31580E169B098309FE50230A00194209FE570402DE953
S31580E169C090109FE504E083E20210A001042093E5A4
S31580E169D00C2082E380009FE580C09FE50040A0E136
S31580E169E00050A0E3042083E5002090E5800052E397
S31580E169F000508005082093E5006094E5A226A0E199
S31580E16A007F2002E2020056E10900001A00209EE59D
S31580E16A10020812E3F3FFFF0A8C209CE5022882E359
S31580E16A208C208CE5002093E5022282E3002083E539
S31580E16A30ECFFFFEA20309FE50100D6E7012086E200
S31580E16A40002083E5FF0000E27080BDE800001320AE
S31580E16A50008013208010004880110048384CE38084
S31580E16A60000014200000A0E3CEFFFFEA0100A0E3CE
S31580E16A70CCFFFFEA5C209FE5000051E358309FE5BB
S31580E16A800210A011022982E20310A0018C3092E566
S31580E16A90013883E38C3082E540309FE50020A0E336
S31580E16AA0000083E53C2083E5003091E5013283E314
S31580E16AB00120A0E1043082E4043091E5013883E3EA
S31580E16AC0103083E3043081E5003092E5020713E379
S31580E16AD0FCFFFF0A1EFF2FE1008013200000132038
S31580E16AE0001000480010A0E3E1FFFFEA0110A0E3F7
S31580E16AF0DFFFFFEA2C209FE52C309FE5000050E385
S31580E16B000300A0010200A011083090E51C209FE55A
S31580E16B10A336A0E1000092E57F3003E2030050E076
S31580E16B200100A0131EFF2FE1008013200000132037
S31580E16B30384CE3800000A0E3EDFFFFEA0100A0E32B
S31580E16B40EBFFFFEA38402DE90040A0E10150A0E1EA
S31580E16B500030D4E5000053E30800000A0A0053E35D
S31580E16B600200001A0D00A0E30510A0E1C0FFFFEBD3
S31580E16B700100D4E40510A0E1BDFFFFEBF3FFFFEADE
S31580E16B803880BDE80010A0E3EDFFFFEA0110A0E345
S31580E16B90EBFFFFEA00009FE51EFF2FE11000E38097
S31580E16BA008402DE90C009FE5150000EB08009FE504
S31580E16BB00840BDE8120000EA1000E3804000E3806F
S31580E16BC008402DE9043099E5010013E30400001A39
S31580E16BD0EFFFFFEB000050E30880BD1814009FE54E
S31580E16BE0F02700EB10309FE5000093E5000050E3CD
S31580E16BF00880BD18F5FFFFEA16C1E280404CE380CC
S31580E16C001EFF2FE10C309FE5002093E52C2080E5E7
S31580E16C10000083E51EFF2FE13C4CE38080309FE559
S31580E16C2030402DE9004093E544D04DE20C508DE2B1
S31580E16C30000054E31800000A3C20A0E30010A0E322
S31580E16C4004008DE2E82300EB0410A0E10500A0E159
S31580E16C504D2300EB0330A0E304308DE5103094E55D
S31580E16C601C308DE5143094E520308DE5243094E5B3
S31580E16C7024308DE5283094E528308DE51C3094E587
S31580E16C8030308DE504008DE2203094E52C308DE5C1
S31580E16C9088E4FFEB2C4094E5E4FFFFEA44D08DE203
S31580E16CA03080BDE83C4CE38038402DE938309FE5C3
S31580E16CB00050A0E1004093E5000054E30800000A9B
S31580E16CC00400A0E10510A0E13E2300EB000050E3C3
S31580E16CD02C409415F7FFFF1A10309FE5004083E5BD
S31580E16CE03880BDE81500E0E33880BDE83C4CE380C0
S31580E16CF0404CE38008402DE9C0FFFFEBBFFFFFEB8F
S31580E16D00BEFFFFEBBDFFFFEBBCFFFFEBBBFFFFEB86
S31580E16D10BAFFFFEBB9FFFFEBB8FFFFEBB7FFFFEB86
S31580E16D20B6FFFFEBB5FFFFEBB4FFFFEBB3FFFFEB86
S31580E16D30B2FFFFEBB1FFFFEBB0FFFFEBAFFFFFEB86
S31580E16D40AEFFFFEBADFFFFEBACFFFFEBABFFFFEB86
S31580E16D50AAFFFFEBA9FFFFEBA8FFFFEBA7FFFFEB86
S31580E16D60A6FFFFEBA5FFFFEBA4FFFFEBA3FFFFEB86
S31580E16D70A2FFFFEBA1FFFFEBA0FFFFEB9FFFFFEB86
S31580E16D809EFFFFEB9DFFFFEB9CFFFFEB9BFFFFEB86
S31580E16D909AFFFFEB99FFFFEB98FFFFEB97FFFFEB86
S31580E16DA096FFFFEB95FFFFEB94FFFFEB93FFFFEB86
S31580E16DB092FFFFEB91FFFFEB78FFFFEB74FFFFEBB9
S31580E16DC00840BDE8B7FFFFEA10402DE97BFFFFEB06
S31580E16DD01040BDE8103090E513FF2FE110402DE91A
S31580E16DE076FFFFEB1040BDE8183090E513FF2FE109
S31580E16DF0010052E338402DE90240A0E11D00000A7E
S31580E16E000350A0E10100003A020052E31C00001A9F
S31580E16E100100A0E10A20A0E30010A0E3C92600EB6F
S31580E16E20083099E50040A0E1000053E11400000A32
S31580E16E30960D50E31400000A4B0C50E31200000A51
S31580E16E40960C50E31000000AE10C50E30E00000AB4
S31580E16E5074309FE5030050E10B00000A020015E360
S31580E16E600200001A64009FE50410A0E1E7CEFFEB83
S31580E16E700100A0E33880BDE854009FE5E3CEFFEB57
S31580E16E80FAFFFFEA0000A0E33880BDE8045015E28E
S31580E16E900400000A3C009FE50410A0E1DBCEFFEB95
S31580E16EA034009FE5C72300EB084089E5CAFFFFEB85
S31580E16EB024009FE5C32300EB000055E3F0FFFF0AC2
S31580E16EC0A8CEFFEB0D0050E3FBFFFFEA00C2010015
S31580E16ED02BC1E2804DC1E2804470E28050C3000064
S31580E16EE010402DE935FFFFEB1040BDE81C3090E501
S31580E16EF013FF2FE110402DE930FFFFEB1040BDE895
S31580E16F00203090E513FF2FE110402DE90040A0E10C
S31580E16F102AFFFFEB243090E50400A0E11040BDE8B4
S31580E16F2013FF2FE110402DE90040A0E123FFFFEBA5
S31580E16F30283090E50400A0E11040BDE813FF2FE181
S31580E16F40F0412DE90050A0E10100A0E10160A0E15E
S31580E16F500280A0E10370A0E193D0FFEB004050E214
S31580E16F600500000A0010A0E30620A0E11E2300EB45
S31580E16F70051084E0058084E7047081E50400A0E1E2
S31580E16F80F081BDE8302090E52C3090E504E02DE5F8
S31580E16F90033062E0040053E30430A0A30020A0E3C1
S31580E16FA0030052E130C090E5060000AA38E090E5A2
S31580E16FB00CC08EE082E1A0E131EEA0E102E0CCE717
S31580E16FC0012082E2F5FFFFEA03308CE0303080E594
S31580E16FD004F09DE4003090E5003093E5010051E353
S31580E16FE00230C303013083030500000A020051E346
S31580E16FF00330C3030200000A000051E30130C303FA
S31580E1700002308303800012E30338C3E30228A0132E
S31580E170100200001A400012E30128A0130020A00319
S31580E17020033082E1002090E5003082E51EFF2FE10A
S31580E17030003090E5000053E31EFF2F110223A0E309
S31580E17040603192E5923CC3E34930C3E3603182E546
S31580E17050603192E5923C83E3493083E3603182E5B6
S31580E170601EFF2FE1010050E3F8452DE90040A0E144
S31580E170700300009A0410A0E174019FE563CEFFEB63
S31580E17080060000EA0260A0E168219FE5020056E180
S31580E170900400009A60019FE50610A0E15BCEFFEB5C
S31580E170A00060A0E3500000EA01C0A0E10370A0E126
S31580E170B00000A0E33C10A0E30420A0E10C30A0E1B5
S31580E170C09EFFFFEB005050E20200001A2C019FE583
S31580E170D04ECEFFEBF1FFFFEA24319FE5000095E517
S31580E170E0043193E7143085E50030A0E3030050E1F5
S31580E170F01C3085E5186085E5207085E50500A003EF
S31580E171000600A01318A8FFEB003095E50243A0E343
S31580E17110000053E32020A0034020A0131C3094E517
S31580E171200230C3E11C3084E50500A0E1BFFFFFEB3F
S31580E17130188095E5E0A4FFEB8810A0E10560A0E169
S31580E1714000A0A0E17B3100EB010040E2FF0050E3CB
S31580E171500050A031FF50A023017085E20A00A0E132
S31580E171608710A0E1733100EB1C0086E5003194E5E0
S31580E17170080050E1FF3FC3E30330C3E3023183E319
S31580E17180003184E5000194E50750A011FF0FC0E3CB
S31580E171900300C0E3020C80E3050080E1000184E5A1
S31580E171A0002194E50233A0E3020C12E3FBFFFF1A10
S31580E171B0002193E5012C82E3002183E5002193E51B
S31580E171C00221C2E3002183E538309FE55220A0E326
S31580E171D0002083E5242093E5012082E3242083E5D2
S31580E171E0242093E5010012E3FCFFFF0A0600A0E1FB
S31580E171F0F885BDE86DC1E28040597307A7C1E28099
S31580E17200F3C1E2804843E2800000122059CFFFEAD1
S31580E17210143090E5003093E5203083E3142090E547
S31580E17220003082E51EFF2FE10000A0E31EFF2FE183
S31580E172301EFF2FE1F0412DE9382080E50170A0E1C4
S31580E172400040A0E10110A0E3140080E20320A0E168
S31580E172505FFFFFEB28819FE50760A0E1000056E331
S31580E172603F00000A020A56E30050A0E30630A0314F
S31580E17270023AA023305084E52C3084E5142094E54D
S31580E172800C3082E5143094E5043093E5010C13E388
S31580E172901500000A200013E30400000A143094E587
S31580E172A01C1093E50400A0E135FFFFEB010000EA45
S31580E172B0400013E30300000A143094E51C1093E5C3
S31580E172C00400A0E12EFFFFEB2C2094E5303094E51D
S31580E172D0030052E11100000A143094E51C1093E595
S31580E172E00400A0E126FFFFEB0C0000EA400013E377
S31580E172F00600000A143094E51C1093E50400A0E131
S31580E173001FFFFFEB0530A0E10350A0E1DCFFFFEAC0
S31580E17310080055E1013085E2FAFFFF9A050000EAAF
S31580E173202C2094E5303094E5030052E10100000A17
S31580E1733050009FE5B5CDFFEB305094E5000055E375
S31580E17340020000AA40009FE5B0CDFFEB0A0000EA0B
S31580E17350383094E5066065E0053083E0383084E5D1
S31580E17360BDFFFFEA143094E5003093E50338C3E3CB
S31580E17370142094E50750A0E1003082E50500A0E104
S31580E17380F081BDE8809698001EC2E28035C2E28037
S31580E17390F0412DE9342080E50160A0E10040A0E1E3
S31580E173A00010A0E3140080E20320A0E108FFFFEBD8
S31580E173B048719FE50680A0E1000058E34700000A96
S31580E173C0020A58E30030A0E30820A031022AA02374
S31580E173D0303084E52C2084E5141094E50C2081E599
S31580E173E02C1094E5302094E5020051E12300000A57
S31580E173F0142094E5042092E5040012E31500000AC6
S31580E17400300094E52C2094E50010A0E3022060E0B2
S31580E17410040052E30420A0A301C0A0E1020051E1EF
S31580E17420060000AA34E094E500E08EE00150DEE754
S31580E1743081E1A0E115CE8CE1011081E2F6FFFFEA60
S31580E17440022080E0302084E5142094E518C082E5AE
S31580E174500320A0E1030000EA070053E1012083E273
S31580E174609C009F851100008A0230A0E1DBFFFFEAE4
S31580E17470070053E1012083E20500008A0230A0E1A2
S31580E17480142094E5042092E5010C12E3F7FFFF0A4C
S31580E17490010000EA6C009FE5040000EA2C2094E5F7
S31580E174A0303094E5030052E10100000A58009FE57F
S31580E174B056CDFFEB305094E5000055E3020000AA7B
S31580E174C048009FE551CDFFEB0A0000EA343094E5B0
S31580E174D0088065E0053083E0343084E5B5FFFFEA76
S31580E174E0143094E5003093E50338C3E3142094E542
S31580E174F00650A0E1003082E50500A0E1F081BDE81B
S31580E175008096980056C2E28072C2E28098C2E2809A
S31580E1751035C2E28073402DE90050A0E10240A0E14E
S31580E175200100A0E1143095E5C0109FE5101083E5D8
S31580E17530143095E5FF0052E30C2083E5283095E58C
S31580E175400300009A030010E30100001A3F1012E2E3
S31580E175500400000AFF1003E20420A0E10130A0E369
S31580E17560E3A4FFEB090000EAFF3003E200108DE5BA
S31580E175700310A0E10130A0E321A5FFEB2800D5E5CA
S31580E17580F7A5FFEB000050E364009F050C00000ABD
S31580E1759060609FE5143095E50C3093E5000053E398
S31580E175A00400000A0100A0E3062200EB016056E236
S31580E175B0F7FFFF2A050000EA000056E30300001A00
S31580E175C034009FE534109FE510CDFFEB1540E0E3F5
S31580E175D0143095E50020A0E32800D5E5102083E569
S31580E175E092A5FFEB0400A0E108D08DE27080BDE8B2
S31580E175F001000100B0C2E28080969800D7C2E280A5
S31580E17600B955E280F7452DE90050A0E10170A0E18E
S31580E176100240A0E1143090E524119FE5141083E542
S31580E17620143090E5FF0052E30C2083E53F6002E2EF
S31580E176300300009A030017E30100001A000056E3F5
S31580E176402000000A24A3B0E10400000A0700A0E1BB
S31580E176502410D5E50A23A0E10030A0E3A4A4FFEB42
S31580E17660000056E32000000AD8809FE5143095E5B6
S31580E176700C3093E5000053E30400000A0100A0E327
S31580E17680D02100EB018058E2F7FFFF2A050000EAEE
S31580E17690000058E30300001AAC109FE5AC009FE5BB
S31580E176A0DACCFFEB1D0000EA0030A0E300308DE587
S31580E176B02410D5E50700A0E10A20A0E10630A0E18B
S31580E176C0C7A4FFEB080000EA2410D0E50630A0E16C
S31580E176D00700A0E100608DE5C9A4FFEB2400D5E5B4
S31580E176E09FA5FFEB000050E30C00000A54609FE584
S31580E176F0143095E50C3093E5000053E30400000A6D
S31580E177000100A0E3AF2100EB016056E2F7FFFF2A1B
S31580E17710030000EA000056E3DEFFFF0A000000EA0C
S31580E177201540E0E3143095E50020A0E32400D5E59B
S31580E17730142083E53DA5FFEB0400A0E10CD08DE2AA
S31580E17740F085BDE80100010080969800CF55E28082
S31580E17750FDC2E280F8402DE90040A0E10160A0E1B0
S31580E17760140080E20010A0E30270A0E10320A0E112
S31580E1777017FEFFEB000094E5000050E30800A0034C
S31580E177800B00A013D0A5FFEBFF0050E3280084E5B2
S31580E177900400001A7C109FE57C009FE59BCCFFEB03
S31580E177A00F00E0E3F880BDE820A5FFEB0050A0E301
S31580E177B0000056E30800000A020A56E3051087E056
S31580E177C00620A0310400A0E1022AA02350FFFFEBAE
S31580E177D0005085E0066060E0F4FFFFEA143094E54E
S31580E177E0003093E50338C3E3142094E5003082E565
S31580E177F0283094E5FF0053E30400000A000094E595
S31580E17800000050E30800A0030B00A01303A6FFEBE2
S31580E178100500A0E1F880BDE8F455E28025C3E28069
S31580E17820F8402DE90040A0E10160A0E1140080E28A
S31580E178300110A0E30270A0E10320A0E1E4FDFFEBEB
S31580E17840000094E5000050E30700A0030A00A013BE
S31580E178509DA5FFEBFF0050E3240084E51B00000AB1
S31580E17860F2A4FFEB0050A0E3000056E30800000A13
S31580E17870020A56E3051087E00620A0310400A0E164
S31580E17880022AA0235EFFFFEB005085E0066060E000
S31580E17890F4FFFFEA143094E5003093E50338C3E35F
S31580E178A0142094E5003082E5243094E5FF0053E32B
S31580E178B00400000A000094E5000050E30700A003FD
S31580E178C00A00A013D5A5FFEB0500A0E1F880BDE88D
S31580E178D00F00E0E3F880BDE8F0412DE9070011E310
S31580E178E018609DE53200001A010016E30050A0E120
S31580E178F00380A0E10270A0E10140A0E10000000A5E
S31580E1790042FEFFEB002097E20120A013003098E2CF
S31580E179100130A013030012E10300000A98009FE5FD
S31580E179203ACCFFEB0000A0E3180000EA000052E346
S31580E17930A411A0E10A00000A020C51E30500A0E1CE
S31580E179400720A0E10630A0E10100003A030017E339
S31580E179500100000A8DFEFFEB0C0000EA7CFFFFEBE5
S31580E179600A0000EA000053E30000E0030700000A92
S31580E17970020C51E30500A0E10820A0E10630A0E178
S31580E179800100003AA5FFFFEB000000EA28FEFFEBCD
S31580E17990020016E30400000A143095E5003093E511
S31580E179A02030C3E3142095E5003082E5C00F00E086
S31580E179B0F081BDE80000E0E3F081BDE83BC3E28011
S31580E179C068329FE5302090E5001093E510402DE97F
S31580E179D05CE29FE5280090E501E00EE0541092E537
S31580E179E0044090E5000051E3181092E550C0A003F1
S31580E179F040C0A01304E78EE1000051E3004090E52A
S31580E17A00021BA0030010A01304EC8EE10C1081E1AF
S31580E17A1001108EE1001083E5101093E5581092E590
S31580E17A205CC092E50111A0E18C1081E160C092E534
S31580E17A300C1081E128C090E58C1181E124C090E5AC
S31580E17A408C1581E120C090E58C1981E108C090E533
S31580E17A500C1A81E164C092E58C1A81E11CC090E543
S31580E17A608C1B81E118C090E50C1C81E114C090E586
S31580E17A708C1D81E110C090E50C1F81E10CC090E581
S31580E17A808C1F81E1101083E5141093E50111C1E3A8
S31580E17A90141083E53C1093E5FFC401E2401090E5C4
S31580E17AA001108CE13C1083E5401093E528C092E516
S31580E17AB0FF1401E20C1681E138C092E50C1081E1F8
S31580E17AC0401083E5441093E52CC092E5FF1401E272
S31580E17AD00C1681E130C092E50C1081E1441083E51A
S31580E17AE0281092E52CC092E548E093E501C08CE050
S31580E17AF0301092E5344092E501C08CE0FFE40EE27D
S31580E17B0084E68EE104108CE001108EE1481083E575
S31580E17B104C1093E53CC092E5FF1EC1E30F10C1E333
S31580E17B200C1081E14C1083E5501093E544C092E559
S31580E17B30FF1EC1E30F10C1E30C1081E1501083E514
S31580E17B40F0109FE554C093E50C1001E048C090E544
S31580E17B508C1081E14CC090E50C1081E144C090E548
S31580E17B600C1781E140C092E58C1781E1541083E5E1
S31580E17B704C1090E53CC092E5000051E338E0920577
S31580E17B80404092E5441092E50EE08C0004C08E0000
S31580E17B900CC0841001E08CE058C093E57F1DCCE3F6
S31580E17BA03F10C1E301108EE1581083E5A41093E5FF
S31580E17BB01CC092E5211BA0E1011BA0E18C1581E1AE
S31580E17BC020C092E50C1081E1A41083E5201092E5B6
S31580E17BD050C090E501106CE0501080E5B80093E567
S31580E17BE0FF0EC0E30F00C0E3011080E1B81083E52A
S31580E17BF00213A0E3000191E5010180E3000181E543
S31580E17C00000191E50101C0E3000181E5BC1093E546
S31580E17C10242092E57F1FC1E30310C1E3821081E155
S31580E17C20011C81E3011081E3BC1083E51080BDE88E
S31580E17C300000012086370000002000F8F04D2DE994
S31580E17C404ADF4DE24A3F8DE20020A0E3042123E5AD
S31580E17C50202090E50C208DE51C2090E510208DE517
S31580E17C600210A0E10080A0E1F8219FE50C009DE5EE
S31580E17C70711000EB24309DE5000053E30200000A19
S31580E17C80032083E20230A0B14331A0E1D8219FE510
S31580E17C9008308DE5D83092E5040013E3FCFFFF0A56
S31580E17CA00070A0E30760A0E107A0A0E108309DE5B0
S31580E17CB0030057E1690000AA0050A0E300C0A0E3F9
S31580E17CC000C08DE50C009DE510109DE594219FE5B2
S31580E17CD0073085E014C08DE5FB1500EB000055E328
S31580E17CE02200000A010055E314C09DE51200001A46
S31580E17CF0EF3000E2032043E2FD0012E3FFB000E251
S31580E17D000100000A23005BE30400001A2C3098E5A9
S31580E17D100160A0E3844093E5024084E3030000EA46
S31580E17D20290053E32C3098050C60A001844093052B
S31580E17D3034319FE5DC4083E50D0000EA2C319FE597
S31580E17D40030050E10F00000A010056E34A3F8D022D
S31580E17D50053083000E0143050800000A000056E362
S31580E17D6028308D020530830002004305030000EAD6
S31580E17D7000A0A0E1F4309FE5030050E11200000A83
S31580E17D80015085E2CCFFFFEA010056E31100001ABB
S31580E17D901D40DDE51C30DDE50448A0E1034484E1D6
S31580E17DA02C3098E5803093E5034384E1B8309FE554
S31580E17DB00B4084E1D04083E5D82093E5010012E3CE
S31580E17DC0FCFFFF0A0A00A0E10A2000EB015085E2F0
S31580E17DD0057087E0B4FFFFEA000056E3FAFFFF1A79
S31580E17DE0024045E280C09FE54401A0E128108DE292
S31580E17DF00630A0E1000053E1050000AA042091E4E9
S31580E17E00013083E220208DE5FF3003E2D4208CE54A
S31580E17E10F7FFFFEA032014E20600000A0030A0E340
S31580E17E204A0F8DE2083120E5861F00EB38309FE569
S31580E17E3020209DE5D42083E52C3098E5803093E5BC
S31580E17E4003338BE1044483E11C309FE5D04083E535
S31580E17E50D82093E5010012E3FCFFFF0AD8FFFFEA91
S31580E17E604ADF8DE2F08DBDE860C3E280000001204B
S31580E17E70FF0F000014209FE5681090E5043092E53D
S31580E17E800339C3E3013783E1043082E51EFF2FE145
S31580E17E900000012038402DE920509FE50100A0E354
S31580E17EA0044095E5D31F00EB0349C4E3014984E32C
S31580E17EB00100A0E3CF1F00EB044085E53880BDE8F3
S31580E17EC00000012070402DE90050A0E10140A0E1D1
S31580E17ED00260A0E1EEFFFFEB000055E30200000A3D
S31580E17EE0010055E30400001A014484E318309FE55C
S31580E17EF03200A0E3A84083E5B21F00EB300096E5AF
S31580E17F00DBFFFFEB0000A0E37080BDE8000001200D
S31580E17F10F8452DE9AC409FE50170A0E1A83094E5F4
S31580E17F20A80084E53200A0E30260A0E1A51F00EB92
S31580E17F300050A0E30DA4A0E3060055E12000000A6D
S31580E17F400C3094E56400A0E30984A0E30CA084E509
S31580E17F509C1F00EB0C3094E56400A0E30C8084E583
S31580E17F60981F00EB0C3094E50134A0E30C3084E5F6
S31580E17F706400A0E3931F00EB0C3094E51934A0E391
S31580E17F800C3084E56400A0E38E1F00EB0C3094E5B1
S31580E17F906400A0E30C8084E58A1F00EB0C3094E555
S31580E17FA06400A0E3FF34C3E3053187E70C3094E551
S31580E17FB02D34A0E30C3084E5821F00EB015085E28D
S31580E17FC0DCFFFFEAF885BDE80000012008402DE9E5
S31580E17FD00233A0E3083093E51800A0E3FF2003E233
S31580E17FE02314A0E12336A0E1033003E20F1001E27E
S31580E17FF0920000E01113A0E1CE2D00EB0880BDE8F0
S31580E18000F0452DE914D04DE20060A0E10150A0E1F8
S31580E18010781500EB010070E39C049F050600000AD9
S31580E180200600A0E10010A0E30120A0E34B1500EBE0
S31580E18030007050E20300001A80049FE573CAFFEBEB
S31580E180400100A0E31A0100EA10208DE20080A0E39E
S31580E18050187085E5088022E50600A0E10710A0E119
S31580E18060421500EB004050E254049F05F2FFFF0AFF
S31580E180700410A0E11C4085E548249FE50C308DE2A3
S31580E180800600A0E130A095E56B0F00EB0410A0E1BE
S31580E1809034249FE50830A0E100008AE50600A0E1EE
S31580E180A030A095E5F41400EB303095E50710A0E1BA
S31580E180B018249FE514008AE5144093E50600A0E1C3
S31580E180C0010054E300808DE51200001A0430A0E13E
S31580E180D0FD1400EB000050E3040085E5F0039F0505
S31580E180E00A00000A0030E0E300308DE50600A0E1F9
S31580E180F00710A0E1D4239FE50230A0E3F21400EB60
S31580E18100000050E30C0085E5130000AAC4039FE557
S31580E181103ECAFFEBE50000EA0130A0E3EA1400EB9A
S31580E18120000050E3040085E5AC039F05C2FFFF0A2A
S31580E181300030E0E300308DE50600A0E10710A0E124
S31580E1814088239FE50230A0E3DF1400EB000050E3D3
S31580E181500C0085E584039FB5B7FFFFBA0130A00324
S31580E181600030A0130040A0E30C3085E50600A0E1D5
S31580E1817000408DE50710A0E164239FE50130A0E38F
S31580E18180D11400EB040050E1080085E554039F0516
S31580E18190A9FFFF0A0030E0E300308DE50600A0E1AB
S31580E181A00710A0E138239FE50230A0E3C61400EB77
S31580E181B0000050E3100085E52C039FB59EFFFFBAD2
S31580E181C00130A0030030A013103085E58140C5E57C
S31580E181D08040C5E50710A0E110239FE50430A0E1CA
S31580E181E00600A0E1A41400EB0710A0E100239FE5BF
S31580E181F00430A0E1248095E5780085E50600A0E1DC
S31580E182009D1400EB0710A0E1E8229FE50430A0E190
S31580E18210000088E50600A0E1248095E5961400EB50
S31580E182200710A0E1D0229FE50430A0E1040088E5B3
S31580E182300600A0E1248095E58F1400EB0710A0E10C
S31580E18240B8229FE50430A0E1100088E50600A0E1B0
S31580E18250248095E5881400EB0710A0E1A0229FE534
S31580E182600430A0E1140088E50600A0E1248095E5CC
S31580E18270811400EB0710A0E188229FE50430A0E19C
S31580E18280180088E50600A0E1248095E57A1400EBE4
S31580E182900710A0E170229FE50430A0E11C0088E58B
S31580E182A00600A0E1288095E5731400EB0710A0E1B4
S31580E182B058229FE50430A0E1000088E50600A0E1B0
S31580E182C0288095E56C1400EB0710A0E140229FE53C
S31580E182D00430A0E1040088E50600A0E1288095E568
S31580E182E0651400EB0710A0E128229FE50430A0E1A8
S31580E182F0080088E50600A0E1288095E55E1400EB9C
S31580E183000710A0E110229FE50430A0E10C0088E58A
S31580E183100600A0E1288095E5571400EB0710A0E15F
S31580E18320F8219FE50430A0E1100088E50600A0E190
S31580E18330288095E5501400EB0710A0E1E0219FE548
S31580E183400430A0E1140088E50600A0E1288095E5E7
S31580E18350491400EB0710A0E1C8219FE50430A0E1B4
S31580E18360180088E50600A0E1288095E5421400EB37
S31580E183700710A0E1B0219FE50430A0E11C0088E56B
S31580E183800600A0E1288095E53B1400EB0710A0E10B
S31580E1839098219FE50430A0E12C0088E50600A0E164
S31580E183A0288095E5341400EB0710A0E180219FE554
S31580E183B00430A0E1200088E50600A0E1288095E56B
S31580E183C02D1400EB0710A0E168219FE50430A0E1C0
S31580E183D0280088E50600A0E1288095E5261400EBD3
S31580E183E00710A0E150219FE50430A0E1240088E553
S31580E183F00600A0E1288095E51F1400EB0710A0E1B7
S31580E1840038219FE50430A0E1400088E50600A0E13F
S31580E18410288095E5181400EB0710A0E120219FE55F
S31580E184200430A0E1440088E50600A0E1288095E5D6
S31580E18430111400EB0710A0E108219FE50430A0E1CB
S31580E18440480088E50600A0E1288095E50A1400EB5E
S31580E184500710A0E1F0209FE50430A0E1285095E5E2
S31580E184604C0088E50600A0E1031400EBDC209FE5E3
S31580E184700130A0E30710A0E1500085E500408DE5DD
S31580E184800600A0E1101400EB0410A0E182EAFFEB04
S31580E184900710A0E100408DE50600A0E1B0209FE550
S31580E184A00130A0E3081400EB0410A0E17AEAFFEBC7
S31580E184B00400A0E114D08DE2F085BDE870C3E280CE
S31580E184C091C3E280AFC3E280DAC3E280E5C3E280B2
S31580E184D0EEC3E280F9C3E28025C4E2805AC4E28039
S31580E184E085C4E28088C6E280B9C4E280DDC4E280E8
S31580E184F00AC5E28016C5E28025C5E28035C5E280FF
S31580E1850043C5E28051C5E28062C5E28076C5E280FC
S31580E1851086C5E28095C5E280A2C5E280B0C5E280EB
S31580E18520C0C5E280D0C5E280E1C5E280F1C5E280E6
S31580E18530FEC5E2800CC6E28020C6E28034C6E280D7
S31580E1854045C6E28055C6E28068C6E28073C6E280AF
S31580E1855082C6E28091C6E280F8402DE91C5090E522
S31580E18560206090E50040A0E1307090E50510A0E143
S31580E185700600A0E100249FE50030A0E3BE1300EBF6
S31580E185800510A0E1F4239FE50030A0E3180087E51C
S31580E185900600A0E1307094E5B71300EB0510A0E189
S31580E185A0DC239FE50030A0E31C0087E50600A0E11F
S31580E185B0307094E5B01300EB0510A0E1C4239FE58C
S31580E185C00030A0E3200087E50600A0E1307094E565
S31580E185D0A91300EB0510A0E1AC239FE50030A0E3F1
S31580E185E0240087E50600A0E12C7094E5A21300EB58
S31580E185F00510A0E194239FE50030A0E3000087E524
S31580E186000600A0E12C7094E59B1300EB0510A0E138
S31580E186107C239FE50030A0E3040087E50600A0E126
S31580E186202C7094E5941300EB0510A0E164239FE59B
S31580E186300030A0E3080087E50600A0E12C7094E510
S31580E186408D1300EB0510A0E14C239FE50030A0E3FC
S31580E186500C0087E50600A0E12C7094E5861300EB1B
S31580E186600510A0E134239FE50030A0E3100087E503
S31580E186700600A0E12C7094E57F1300EB0510A0E1E4
S31580E186801C239FE50030A0E3140087E50600A0E106
S31580E186902C7094E5781300EB0510A0E104239FE5A7
S31580E186A00030A0E3180087E50600A0E12C7094E590
S31580E186B0711300EB0510A0E1EC229FE50030A0E309
S31580E186C01C0087E50600A0E12C7094E56A1300EBB7
S31580E186D00510A0E1D4229FE50030A0E3200087E5E4
S31580E186E00600A0E12C7094E5631300EB0510A0E190
S31580E186F0BC229FE50030A0E3240087E50600A0E1E7
S31580E187002C7094E55C1300EB0510A0E1A4229FE5B3
S31580E187100030A0E3280087E50600A0E12C7094E50F
S31580E18720551300EB0510A0E18C229FE50030A0E314
S31580E187302C0087E50600A0E12C7094E54E1300EB52
S31580E187400510A0E174229FE50030A0E3300087E5C3
S31580E187500600A0E12C7094E5471300EB0510A0E13B
S31580E187605C229FE50030A0E3340087E50600A0E1C6
S31580E187702C7094E5401300EB0510A0E144229FE5BF
S31580E187800030A0E3380087E50600A0E12C7094E58F
S31580E18790391300EB0510A0E12C229FE50030A0E320
S31580E187A0400087E50600A0E12C7094E5321300EBEA
S31580E187B00510A0E114229FE50030A0E3440087E59F
S31580E187C00600A0E12C7094E52B1300EB0510A0E1E7
S31580E187D0FC219FE50030A0E3480087E50600A0E1A3
S31580E187E02C7094E5241300EB0510A0E1E4219FE5CC
S31580E187F00030A0E34C0087E50600A0E12C7094E50B
S31580E188001D1300EB0510A0E1CC219FE50030A0E32C
S31580E18810500087E50600A0E12C7094E5161300EB85
S31580E188200510A0E1B4219FE50030A0E3540087E57F
S31580E188300600A0E12C7094E50F1300EB0510A0E192
S31580E188409C219FE50030A0E3580087E50600A0E182
S31580E188502C7094E5081300EB0510A0E184219FE5D7
S31580E188600030A0E35C0087E50600A0E12C7094E58A
S31580E18870011300EB0510A0E16C219FE50030A0E338
S31580E18880600087E50600A0E12C7094E5FA1200EB22
S31580E188900510A0E154219FE50030A0E3640087E55F
S31580E188A00600A0E12C7094E5F31200EB0510A0E13F
S31580E188B03C219FE50030A0E3680087E50600A0E162
S31580E188C02C7094E5EC1200EB0510A0E124219FE5E4
S31580E188D00030A0E36C0087E50600A0E12C7094E50A
S31580E188E0E51200EB0510A0E10C219FE50030A0E345
S31580E188F0700087E50600A0E12C7094E5DE1200EBBE
S31580E189000510A0E1F4209FE50030A0E3740087E53F
S31580E189100600A0E12C7094E5D71200EB0510A0E1EA
S31580E18920DC209FE50030A0E3780087E50600A0E142
S31580E189302C7094E5D01200EB0510A0E1C4209FE5F0
S31580E189400030A0E3800087E50600A0E12C7094E585
S31580E18950C91200EB0510A0E1AC209FE50030A0E351
S31580E189602C4094E5840087E50600A0E1C21200EB85
S31580E18970880084E50000A0E3F880BDE8A0C6E28037
S31580E18980AEC6E280BAC6E280C7C6E280D6C6E280DB
S31580E18990E9C6E280F8C6E28007C7E28016C7E280D0
S31580E189A025C7E28034C7E28050C7E28060C7E280B3
S31580E189B071C7E28082C7E2809CC7E280B3C7E2806A
S31580E189C0CAC7E280E1C7E280F4C7E28012C8E280EA
S31580E189D02CC8E28041C8E28055C8E28069C8E2805D
S31580E189E07EC8E2808CC8E2809AC8E280A8C8E2802C
S31580E189F0BFC8E280CDC8E280DBC8E280E9C8E28018
S31580E18A00FDC8E28019C9E28026C9E28039C9E280DF
S31580E18A1070402DE91C5090E5206090E5304090E56E
S31580E18A200510A0E10600A0E160219FE50030A0E30A
S31580E18A30911200EB0510A0E154219FE50030A0E3FF
S31580E18A40180084E50600A0E18B1200EB0510A0E199
S31580E18A5040219FE50030A0E31C0084E50600A0E10B
S31580E18A60851200EB0510A0E12C219FE50030A0E303
S31580E18A70200084E50600A0E17F1200EB0510A0E16D
S31580E18A8018219FE50030A0E3240084E50600A0E1FB
S31580E18A90791200EB0510A0E104219FE50030A0E307
S31580E18AA0280084E50600A0E1731200EB0510A0E141
S31580E18AB0F0209FE50030A0E32C0084E50600A0E1EC
S31580E18AC06D1200EB0510A0E1DC209FE50030A0E30C
S31580E18AD0340084E50600A0E1671200EB0510A0E111
S31580E18AE0C8209FE50030A0E3380084E50600A0E1D8
S31580E18AF0611200EB0510A0E1B4209FE50030A0E310
S31580E18B003C0084E50600A0E15B1200EB0510A0E1E4
S31580E18B10A0209FE50030A0E3440084E50600A0E1C3
S31580E18B20551200EB0510A0E18C209FE50030A0E313
S31580E18B30540084E50600A0E14F1200EB0510A0E1A8
S31580E18B4078209FE50030A0E3580084E50600A0E1A7
S31580E18B50491200EB0510A0E164209FE50030A0E317
S31580E18B605C0084E50600A0E1431200EB0510A0E17C
S31580E18B7050209FE50030A0E3600084E50600A0E197
S31580E18B803D1200EB640084E50000A0E37080BDE85F
S31580E18B90A0C6E280AEC6E280BAC6E280C7C6E280FF
S31580E18BA047C9E28052C9E2805CC9E28066C9E28057
S31580E18BB071C9E2807BC9E28085C9E28094C9E2809D
S31580E18BC0A4C9E280B4C9E280C5C9E280F04D2DE94D
S31580E18BD00110A0E320D04DE200A0A0E12400A0E3B3
S31580E18BE0F4CAFFEB0110A0E30080A0E15400A0E30A
S31580E18BF0F0CAFFEB0110A0E30070A0E14400A0E31E
S31580E18C00ECCAFFEB0110A0E30060A0E18400A0E3E1
S31580E18C10E8CAFFEB000057E3000058130300000A9F
S31580E18C20000050E3000056130040A0E10100001A65
S31580E18C30640B9FE5060000EA8400A0E35AC9FFEBD6
S31580E18C40585B9FE5000050E3000085E50200001ACD
S31580E18C504C0B9FE56DC7FFEBCD0200EA304080E526
S31580E18C60248080E5287080E5346080E504A084E591
S31580E18C700243A0E31C3094E50100A0E30135C3E3A0
S31580E18C801C3084E5203094E5013583E3203084E5AA
S31580E18C90581C00EB203094E50A00A0E30135C3E3DC
S31580E18CA0203084E5531C00EB001095E54C2099E5D6
S31580E18CB0202081E54C0099E5D0FCFFEB001050E2E5
S31580E18CC0E00A9F15E2FFFF1A003095E50120A0E357
S31580E18CD0142083E55200A0E36FE8FFEB1400A0E3E4
S31580E18CE0441C00EB003095E5080093E5101093E510
S31580E18CF069E8FFEB005095E5306095E5143096E53F
S31580E18D00000053E39100001A200095E51C1095E5DB
S31580E18D10942A9FE5D81100EB303095E5640086E52D
S31580E18D20643093E5000053E30A00001A6C2194E570
S31580E18D30783A9FE5FF2102E2033082E16C3184E5F6
S31580E18D406C2A9FE59C3194E5032002E0643A9FE535
S31580E18D50033082E1590000EA010053E31600001A6C
S31580E18D606C2194E5503A9FE53F2002E2033082E1AF
S31580E18D706C3184E5703194E5402A9FE5FF3DC3E39C
S31580E18D803F30C3E3553D83E3153083E3703184E5BA
S31580E18D909C3194E5032002E0243A9FE5033082E1A9
S31580E18DA09C3184E5A03194E5FF3DC3E33F30C3E3E5
S31580E18DB0553D83E3153083E3170000EA020053E370
S31580E18DC01700001A6C2194E5F8399FE53F2002E20D
S31580E18DD0033082E16C3184E5703194E5E8299FE5E1
S31580E18DE02339A0E10339A0E1022083E1702184E502
S31580E18DF0C8299FE59C3194E5032002E0B4399FE5DB
S31580E18E00033082E19C3184E5A03194E52339A0E108
S31580E18E100339A0E1553B83E3553F83E3A03184E504
S31580E18E202B0000EA030053E32600001A643194E53F
S31580E18E300737C3E30130C3E3093683E3643184E56D
S31580E18E40643194E53F34C3E33F3AC3E3093383E3D3
S31580E18E50093983E3643184E5703194E52339A0E10E
S31580E18E600339A0E1923C83E3493083E3703184E5C1
S31580E18E706C2194E554399FE5032102E2033082E1D6
S31580E18E806C3184E548399FE5682194E5023003E059
S31580E18E90923683E3493A83E3683184E5943194E514
S31580E18EA00F3003E2943184E5983194E52338A0E1EB
S31580E18EB00338A0E1983184E59C3194E50F36C3E32C
S31580E18EC09C3184E5020000EA08099FE5CFC6FFEB05
S31580E18ED0010000EA0100A0E3C61B00EB304095E506
S31580E18EE00500A0E1C9FEFFEB040095E51C3094E5A1
S31580E18EF0303084E5000050E3203094E5403084E56D
S31580E18F00050100DA0C1095E5111F6FE1A112A0E1D0
S31580E18F10E1E7FFEB0100A0E3B61B00EB0C10D5E522
S31580E18F20040095E5ABE7FFEB0A00A0E3B11B00EB9C
S31580E18F300C1095E5040095E5111F6FE1A112A0E102
S31580E18F40A4E7FFEB0A00A0E3AA1B00EBF20000EA2C
S31580E18F50010053E3F300001A8C00A0E30310A0E1C3
S31580E18F6014CAFFEB004050E26C089F0538FFFF0A08
S31580E18F702C4085E50500A0E1306095E575FDFFEBC8
S31580E18F80643094E5000053E31C3096050300000A43
S31580E18F90010053E30200001A1C3096E5A330A0E1FC
S31580E18FA03C3084E50273A0E3203096E52CC095E55C
S31580E18FB07C3084E5783097E50C209CE5FF34C3E38B
S31580E18FC0FE08C3E308309CE504109CE50223A0E19A
S31580E18FD0832182E110309CE5012082E1832482E1D4
S31580E18FE014309CE5033682E1833880E1783087E589
S31580E18FF01C3097E50100A0E30231C3E31C3087E52D
S31580E19000203097E5023183E3203087E5791B00EB59
S31580E19010203097E50A00A0E30231C3E3203087E5FB
S31580E19020741B00EB003197E50100A0E3013183E396
S31580E19030003187E5743097E50231C3E3743087E523
S31580E19040743097E50131C3E3743087E5743097E591
S31580E19050033283E3743087E5661B00EB743097E572
S31580E190600332C3E3743087E5443094E5020053E389
S31580E190700130A0930200009A040053E30230A093EA
S31580E190800330A083643086E5CFFBFFEB0070A0E17F
S31580E190900710A0E144079FE55CC6FFEB241096E547
S31580E190A00700A0E1011081E2A22900EB003094E5FE
S31580E190B0881094E57D2DA0E3013083E2930101E000
S31580E190C0920000E09B2900EB0030A0E3543086E576
S31580E190D04C3094E5133F6FE1A332A0E15C3086E545
S31580E190E0503094E5133F6FE1A332A0E1583086E535
S31580E190F01C3096E55CA094E5588094E50070A0E18B
S31580E19100600094E5303086E5703094E5383086E568
S31580E19110683094E53C3086E5203096E5403086E55A
S31580E191206C3094E5443086E5280086E52CA086E51A
S31580E19130348086E5FA6FA0E3960000E00710A0E1AF
S31580E191407C2900EB0710A0E1600084E5960A00E047
S31580E19150782900EB0710A0E15C0084E5960800E041
S31580E19160742900EB2C2095E574369FE5001092E595
S31580E19170580084E5001083E5181092E5041083E534
S31580E191801C1092E5081083E5201092E50C1083E52A
S31580E19190241092E5101083E5281092E5141083E5FA
S31580E191A02C1092E51C1083E5301092E5201083E5C2
S31580E191B0341092E5241083E5381092E5281083E592
S31580E191C03C1092E5001283E5401092E5041283E5B6
S31580E191D0441092E5081283E5481092E50C1283E586
S31580E191E04C1092E5101283E5501092E5141283E556
S31580E191F0541092E5181283E5581092E51C1283E526
S31580E192005C1092E5201283E5601092E5241283E5F5
S31580E19210641092E5281283E5681092E52C1283E5C5
S31580E192206C1092E5301283E5741092E5341283E591
S31580E19230781092E5381283E57C1092E53C1283E55D
S31580E19240802092E5402283E50233A0E3746093E5D2
S31580E19250880094E57F6FC6E3A00050E30360C6E330
S31580E1926002028092500040928001A0910A10A09360
S31580E192700300009A050D50E30300008A8000A0E117
S31580E192800510A0E32B2900EB020000EA0510A0E31C
S31580E19290282900EB400080E20233A0E3060080E16A
S31580E192A0740083E5742093E5012182E3742083E5EC
S31580E192B030259FE5D83092E5040013E3FCFFFF0AF1
S31580E192C0040095E5000050E3110000DA0C1095E505
S31580E192D0111F6FE1A112A0E1EFE6FFEB0100A0E330
S31580E192E0C41A00EB0C10D5E5040095E5B9E6FFEB71
S31580E192F00500A0E3BF1A00EB0C1095E5040095E5A7
S31580E19300111F6FE1A112A0E1B2E6FFEB1900A0E324
S31580E19310B81A00EB0500A0E147FAFFEB0500A0E1F2
S31580E19320A6F9FFEB1A0100EA020053E31801001ADD
S31580E19330683096E5000053E31500001A682194E54C
S31580E193408C349FE5023003E0493583E3923A83E347
S31580E19350683184E56C3194E52339A0E10339A0E1F4
S31580E19360493B83E3923083E36C3184E5942194E550
S31580E1937074349FE5FF2202E2033082E1943184E591
S31580E19380243294E5FF3DC3E33C30C3E3243284E5F4
S31580E19390050000EA013043E2020053E30200009A4D
S31580E193A048049FE599C5FFEB010000EA0100A0E3CF
S31580E193B0901A00EB207095E51C6095E50700A0E129
S31580E193C00610A0E128249FE50030A0E3304095E532
S31580E193D0291000EB0610A0E118249FE50030A0E3F8
S31580E193E01C0084E50700A0E1231000EB0610A0E154
S31580E193F004249FE50030A0E3200084E50700A0E196
S31580E194001D1000EB0610A0E1F0239FE50030A0E3FC
S31580E19410240084E50700A0E1171000EB0610A0E127
S31580E19420DC239FE50030A0E3680084E50700A0E146
S31580E19430111000EB0610A0E1C8239FE50030A0E300
S31580E194406C0084E50700A0E10B1000EB0610A0E1BB
S31580E19450B4239FE50030A0E3700084E50700A0E136
S31580E19460051000EB0610A0E1A0239FE50030A0E304
S31580E19470480084E50700A0E1FF0F00EB0610A0E1BC
S31580E194808C239FE50030A0E30263A0E34C0084E5F2
S31580E194900700A0E1F80F00EB288095E5307095E5AF
S31580E194A0500084E51C3096E50100A0E30135C3E375
S31580E194B01C3086E5203096E5013583E3203086E56C
S31580E194C04C1A00EB203096E50135C3E3203086E582
S31580E194D0203097E5502098E5032062E004339FE54C
S31580E194E0502088E5B81093E5FF1EC1E30F10C1E374
S31580E194F0022081E1B82083E500100FE1802081E33D
S31580E1950002F021E1002196E5012182E3002186E551
S31580E19510002196E50121C2E3002186E501F021E102
S31580E19520BC2093E5241097E5012C82E3012082E3B8
S31580E19530812082E1BC2083E5042093E5481094E50F
S31580E195407F2DC2E3012382E1042083E5042093E5B4
S31580E195504C1094E53E20C2E3812082E1042083E53C
S31580E19560042093E5681094E50329C2E3012782E1AB
S31580E19570042083E5042093E56C1094E5022AC2E396
S31580E19580812682E1042083E5042093E50110C2E38C
S31580E19590702094E5022081E1042083E5002093E5B3
S31580E195A06020C2E3202082E3002083E5A42093E5C6
S31580E195B01C1094E5202094E5812582E1A42083E5B1
S31580E195C0040095E5000050E3110000BA0C1095E522
S31580E195D0111F6FE1A112A0E12FE6FFEB0A00A0E3E4
S31580E195E0041A00EB0C10D5E5040095E5F9E5FFEBEF
S31580E195F00A00A0E3FF1900EB0C1095E5040095E560
S31580E19600111F6FE1A112A0E1F2E5FFEB7800A0E383
S31580E19610F81900EBCC319FE5002093E50F20C2E3FA
S31580E19620002083E53C2093E5FF24E0E33C2083E5CD
S31580E19630AC2093E50820A0E3AC2083E5B02093E558
S31580E19640040012E3FCFFFF0A0010A0E31020A0E370
S31580E1965010008DE2641900EB0DFAFFEB0400A0E344
S31580E196600020A0E110108DE228FAFFEB300095E5AD
S31580E19670FFF9FFEB1830DDE51420DDE51C10DDE5B3
S31580E1968018308DE50334A0E1023883E11C108DE5C5
S31580E1969080019FE5011083E114208DE5DBC4FFEBBA
S31580E196A0FBF9FFEB0220A0E30C00A0E310108DE2B2
S31580E196B016FAFFEB14109DE55C019FE5D3C4FFEB41
S31580E196C0300095E5EAF9FFEB0030A0E310308DE557
S31580E196D0207095E51C8095E50700A0E10810A0E1E2
S31580E196E038219FE510308DE2D30900EB10409DE5EE
S31580E196F0000054E30200000A033084E20340A0B193
S31580E197004441A0E100A0A0E314B19FE50A60A0E195
S31580E19710040056E11E0000AA0030A0E300308DE58A
S31580E197200700A0E10630A0E10810A0E1EC209FE56A
S31580E19730650F00EB0B0050E10030A0E100A0A00333
S31580E197401100000A00005AE30A00001A0310A0E1A2
S31580E197500A00A0E10520A0E10C308DE5D8F9FFEB08
S31580E197600C309DE5110053E30600001A7800A0E372
S31580E19770A01900EB030000EA0100A0E30310A0E1D9
S31580E197800520A0E1CEF9FFEB01A08AE2016086E245
S31580E19790DEFFFFEA20D08DE2F08DBDE8D5C9E2801B
S31580E197A0444CE380F3C9E28012CAE280C5C9E28013
S31580E197B0405555153F0001C0405554154055555506
S31580E197C03F00010040555455405555955655010089
S31580E197D049922409FF0F00C039CAE28059CAE28062
S31580E197E07BCAE280000060200000012000A7AA0A6F
S31580E197F08FCAE280AEC6E280BAC6E280C7C6E280A0
S31580E19800AFCAE280C0CAE280D1CAE280E3CAE2801E
S31580E19810F2CAE280FFCAE2800FCBE28020CBE2800F
S31580E1982060C3E280FF0F000038402DE938329FE5C2
S31580E19830004093E50030A0E3305094E5242094E5A0
S31580E198407C3084E5001092E50C3085E51C3095E5A9
S31580E19850033061E0A330A0E10130C3E3083082E563
S31580E19860041092E5203095E5033061E0A330A0E174
S31580E198700130C3E30C3082E5143095E5020053E311
S31580E198803000001A502095E52C30A0E3000052E329
S31580E19890783085E52A30A0E30120A0137C3085E588
S31580E198A02B30A0E3803085E53610A0E3742085E592
S31580E198B00000A0E30420A0E181F9FFEB74F9FFEB5E
S31580E198C0300094E56AF9FFEB7C1095E50420A0E190
S31580E198D00000A0E37AF9FFEB6DF9FFEB300094E548
S31580E198E063F9FFEB6AF9FFEB300094E560F9FFEB92
S31580E198F067F9FFEB300094E55DF9FFEB64F9FFEB87
S31580E19900300094E55AF9FFEB801095E50420A0E15B
S31580E199100000A0E36AF9FFEB5DF9FFEB300094E527
S31580E1992053F9FFEB5AF9FFEB300094E550F9FFEB81
S31580E1993057F9FFEB300094E54DF9FFEB54F9FFEB76
S31580E19940300094E54AF9FFEB20519FE5242094E528
S31580E19950003095E51C1092E5C63DC3E3813383E192
S31580E19960141092E58100D4E5013483E1181092E583
S31580E19970000050E3013683E1101092E5813683E100
S31580E19980003085E5A03095E5001092E5233BA0E126
S31580E19990033BA0E1813583E1041092E5013083E167
S31580E199A0A03085E59C3095E5081092E5233BA0E162
S31580E199B00C2092E5033BA0E1813583E1023083E12E
S31580E199C0301094E59C3085E50030A0E30C3081E5EC
S31580E199D0143095E5032103E2043091E50331C3E3D5
S31580E199E0023083E1143085E5003095E5083083E384
S31580E199F0003085E5B83095E5013A83E3B83085E511
S31580E19A001000001A143091E5020053E30430A013EC
S31580E19A10AC3085150900001A2C10A0E30420A0E1E2
S31580E19A2027F9FFEB0830A0E3AC3085E5B03095E56A
S31580E19A30040013E3FCFFFF0A34009FE5F3C3FFEB69
S31580E19A400130A0E38130C4E5FA00A0E3E91800EB38
S31580E19A50141094E55200A0E30FE5FFEB0300A0E3C9
S31580E19A600110A0E33840BDE80BE5FFEA444CE38012
S31580E19A700000012035CBE28008402DE914009FE506
S31580E19A80E2C3FFEB10209FE5BC3092E5013CC3E3E6
S31580E19A90BC3082E50880BDE842CBE280000001204F
S31580E19AA00233A0E314209FE5E42083E510209FE5BF
S31580E19AB0E82083E5022082E2E82083E51EFF2FE1AC
S31580E19AC0D8B80555010000AA10402DE90040A0E173
S31580E19AD00410A0E120009FE5CCC3FFEB1C209FE5AD
S31580E19AE00233A0E3554484E3E44083E5E82083E55B
S31580E19AF0022082E2E82083E51080BDE850CBE28057
S31580E19B00010000AA24209FE50030D0E5000053E360
S31580E19B100500000A0310D2E7010011E32030831229
S31580E19B20FF3003120130C0E4F6FFFFEA1EFF2FE1AA
S31580E19B301A57E2800230A0E150209FE500C092E50D
S31580E19B4000005CE30F00000A30402DE964E09CE50B
S31580E19B5000005EE30900000A34209FE50140A0E1B0
S31580E19B60001092E50050A0E1011085E004009CE53B
S31580E19B700420A0E10EC0A0E13040BDE81CFF2FE14A
S31580E19B800000E0E33080BDE80000E0E31EFF2FE166
S31580E19B90004DE680804CE5800010A0E10130A0E137
S31580E19BA00120D1E4000052E30400000A2F0052E3D1
S31580E19BB05C005213F8FFFF1A030060E01EFF2FE1FD
S31580E19BC00000E0E31EFF2FE1F8402DE9043090E547
S31580E19BD00060A0E1100053E30140A0E10B00000A20
S31580E19BE0200053E30400000A0C0053E34A00001A04
S31580E19BF0B451D0E10551A0E1060000EAB451D0E1CB
S31580E19C000630A0E3930505E04551A0E1010000EAB5
S31580E19C10B451D0E1855085E00400A0E10510A0E1D2
S31580E19C20C42600EB1C3096E5900505E0030050E183
S31580E19C300070A0E1044065E00C00000A0610A0E394
S31580E19C40910703E0080096E501C083E000005CE14E
S31580E19C5000106380BC00D6E1002096E5000083E039
S31580E19C60B3FFFFEB000050E32B0000BA1C7086E5E2
S31580E19C70043096E5100053E30700000A200053E321
S31580E19C800200000A0C0053E32300001A060000EAF2
S31580E19C90003096E5040193E7F880BDE8003096E56B
S31580E19CA08440A0E1B40093E1F880BDE8841084E0CB
S31580E19CB0034004E22111A0E1020054E3003096E57D
S31580E19CC08110A0E10A00000A030054E30F00000AB4
S31580E19CD0010054E3B1009311000AA011200AA011FA
S31580E19CE0B100B3010230D3052006A0010302800151
S31580E19CF0F880BDE80320A0E1B130B2E1B200D2E163
S31580E19D002334A0E10F0000E2000483E1F880BDE89E
S31580E19D10B10093E12002A0E1F880BDE80000A0E374
S31580E19D20F880BDE801C040E2072080E20000A0E3C0
S31580E19D30A030A0E1800383E10130FCE5030080E00F
S31580E19D4002005CE1FF0000E2F8FFFF1A012041E238
S31580E19D50021081E2A030A0E1800383E10130F2E5E7
S31580E19D60030080E0010052E1FF0000E2F8FFFF1A04
S31580E19D701EFF2FE1F04D2DE9000051E31CB08DE28D
S31580E19D8008D04DE20340A0E1B651D01118309015CC
S31580E19D9010509005913525103F0012E300A0A0E117
S31580E19DA00260A0E1B411D0E12100000A3F1081E216
S31580E19DB03F10C1E3401081E20D80A0E101D04DE08A
S31580E19DC03F708DE214019FE50210A0E13F70C7E389
S31580E19DD00EC3FFEBB431DAE1030054E11200003A3D
S31580E19DE0013085E20500A0E10110A0E30720A0E1B2
S31580E19DF020300BE54EFFFFEB010050E30100000A46
S31580E19E0008D0A0E1320000EA0600A0E10710A0E157
S31580E19E10B421DAE18B1700EBB431DAE120501BE5AE
S31580E19E20036086E0044063E0E9FFFFEA08D0A0E151
S31580E19E300D0000EA0400A0E13E2600EB0620A0E149
S31580E19E400070A0E10710A0E10500A0E138FFFFEB7B
S31580E19E50070050E11E00001AB431DAE1005085E0D6
S31580E19E60930000E0006086E0044060E0000054E397
S31580E19E700400A0011700000AB431DAE10D70A0E117
S31580E19E803F3083E23F30C3E3403083E203D04DE0AD
S31580E19E903F808DE23F80C8E30500A0E10110A0E3A9
S31580E19EA00820A0E122FFFFEB010050E30100000A58
S31580E19EB007D0A0E1060000EA0600A0E10810A0E1D3
S31580E19EC00420A0E15F1700EB0000A0E307D0A0E14A
S31580E19ED0000000EA0000E0E31CD04BE2F08DBDE833
S31580E19EE060CBE280F0412DE90080A0E10150A0E164
S31580E19EF00100A0E10820A0E30810A0E1511700EBE2
S31580E19F000030A0E30520A0E10830C5E50260A0E1CC
S31580E19F100030D6E5012082E2DF7013E2FAFFFF1A14
S31580E19F200830D8E5DF0013E30C00000A0640A0E123
S31580E19F302E30A0E30130C4E4081088E20400A0E1F9
S31580E19F400320A0E33F1700EB0470C6E50460A0E1BF
S31580E19F500030D6E5014084E2DF0013E3FAFFFF1A21
S31580E19F600020A0E30020C6E50030D5E5E50053E317
S31580E19F700020C5050200000A050053E31A30E0031C
S31580E19F800030C5050500A0E1F041BDE8DCFEFFEA51
S31580E19F90F8402DE908319FE5003093E5000053E371
S31580E19FA00100001A0000E0E3F880BDE80170A0E15D
S31580E19FB00040A0E1141093E54000A0E30250A0E147
S31580E19FC031C6FFEB006050E2F5FFFF0A0000A0E337
S31580E19FD00110A0E30620A0E1D5FEFFEB000050E3EF
S31580E19FE0010000AA0040E0E3290000EA0400A0E1C4
S31580E19FF00610A0E14020A0E3121700EBB631D4E1D0
S31580E1A0000700A0E1000053E3404086022030A00330
S31580E1A010244084120030A013003085E50410A0E1CD
S31580E1A0201A20A0E3071700EB003095E5124084E2A1
S31580E1A030200053E30600001A0410A0E164009FE5C6
S31580E1A0400820A0E36A1600EB004090E20040E013AE
S31580E1A0500F0000EA50009FE50410A0E10820A0E38C
S31580E1A060631600EB000050E30C30A0030600000A03
S31580E1A07038009FE50410A0E10820A0E35C1600EB20
S31580E1A080000050E3D6FFFF1A1030A0E30040A0E1C4
S31580E1A090003085E50600A0E1B6C3FFEB0400A0E150
S31580E1A0A0F880BDE8004DE68085CBE2808ECBE2800C
S31580E1A0B097CBE2800030A0E304E02DE503C080E0A9
S31580E1A0C001E0DCE500C092E50CE0C1E700C092E585
S31580E1A0D00CE0D1E700005EE30100001A0100A0E395
S31580E1A0E004F09DE4023083E201C08CE20A0053E38E
S31580E1A0F000C082E5F0FFFF1A0030A0E303C080E0F4
S31580E1A1000EE0DCE500C092E50CE0C1E700C092E537
S31580E1A1100CE0D1E700005EE3EFFFFF0A023083E265
S31580E1A12001C08CE20C0053E300C082E5F2FFFF1A26
S31580E1A1300030A0E303C080E01CE0DCE500C092E5EE
S31580E1A1400CE0C1E700C092E50CE0D1E700005EE3F8
S31580E1A150E1FFFF0A023083E201C08CE2040053E3AF
S31580E1A16000C082E5F2FFFF1A0000A0E304F09DE45F
S31580E1A170F7452DE90040D3E5000051E3B6C1D011A2
S31580E1A180B4E1D0E1BF4004E202C0A003090054E398
S31580E1A1909E2C2CE00380A0910020A0E328709DE511
S31580E1A1A004208DE50060A0910850A0911400008AFA
S31580E1A1B00C0055E10900002A000054E31200000A70
S31580E1A1C00030D5E5BF3003E2040053E10C00001A0C
S31580E1A1D0014044E2205085E2FF4004E2F3FFFFEADA
S31580E1A1E0000051E30600000A0600A0E175FEFFEBE0
S31580E1A1F0010050E30010A0E1200000CA10019FE5B4
S31580E1A20002C2FFEB0000E0E33F0000EA0560A0E167
S31580E1A210205045E20500A0E10710A0E104208DE28F
S31580E1A220A3FFFFEB000050E30200001A0030D5E502
S31580E1A230400013E3F5FFFF0A04309DE50020A0E32B
S31580E1A2400320C7E70030D7E5E50053E30020C705E3
S31580E1A2500200000A050053E31A30E0030030C70527
S31580E1A2600700A0E126FEFFEB0800A0E10610A0E1D1
S31580E1A2702020A0E3731600EB0000A0E3220000EAB1
S31580E1A280043096E5200053E388309FE5FF32E00312
S31580E1A290030050E1D8FFFFAAB631D6E1B4C1D6E1D9
S31580E1A2A00600A0E170209FE59C0303E0B0FEFFEB92
S31580E1A2B064A09FE5000050E30A60A001D0FFFF1A89
S31580E1A2C0000054E30700000A0030D6E5BF3003E220
S31580E1A2D0040053E1CAFFFF1A014044E2206086E2AE
S31580E1A2E0FF4004E2F5FFFFEA0640A0E10A0054E1FF
S31580E1A2F0C6FFFF9A204044E20400A0E10710A0E1F6
S31580E1A30004208DE26AFFFFEBF7FFFFEA0CD08DE2D6
S31580E1A310F085BDE8A0CBE280F0FF0000004DE5804E
S31580E1A32078482DE9143090E514B08DE23F3083E230
S31580E1A3303F30C3E3403083E203D04DE094509FE564
S31580E1A3403F408DE2000085E55020A0E33F40C4E335
S31580E1A35084009FE53B1600EB0000A0E30110A0E33B
S31580E1A3600420A0E1F2FDFFEB010050E30300000AC7
S31580E1A3700030A0E3003085E50060E0E3120000EA0A
S31580E1A3807F0F84E2020080E250109FE50220A0E385
S31580E1A390591600EB006050E2F4FFFF1A360084E2C2
S31580E1A3A03C109FE50320A0E3531600EB000050E349
S31580E1A3B00500000A520084E228109FE50520A0E30B
S31580E1A3C04D1600EB000050E3E8FFFF1A0600A0E11E
S31580E1A3D014D04BE27888BDE8004DE680804CE5807C
S31580E1A3E0B3CBE280A9ABE280ADABE280F04D2DE963
S31580E1A3F09EDE4DE214108DE510208DE50040A0E152
S31580E1A40044108DE2A0008DE264208DE228308DE556
S31580E1A410DEFEFFEB003050E224308DE51C00001AB1
S31580E1A42064109DE5B020DDE5200051E3C4309D0553
S31580E1A430B63BDD1168308D0568308D15BE3ADDE1BC
S31580E1A44068509DE5BC36CDE1923525E0AC60DDE531
S31580E1A450AB30DDE5CCB09D05066483E0203A9FE52F
S31580E1A4600668A0E1082093E52668A0E124B09D1561
S31580E1A470AD70DDE5020056E170508DE5B467CDE162
S31580E1A480B677CDE10400000AF8099FE50610A0E160
S31580E1A4905EC1FFEB0000E0E3770200EA200051E3D2
S31580E1A4A0877045000030A00378708D051C308D05DE
S31580E1A4B00900000AB130DDE5B200DDE50610A0E174
S31580E1A4C0000483E08002A0E19A2400EB877045E0F6
S31580E1A4D0007087E01C008DE578708DE50610A0E3BD
S31580E1A4E00030E0E34000A0E3960101E07C308DE5B9
S31580E1A4F0E5C4FFEB000050E360008DE5E4FFFF0A71
S31580E1A5000430A0E10310A0E10140D3E42F0054E33D
S31580E1A5105C0054130140A0030040A013F8FFFF0A3A
S31580E1A5201E0E8DE2181500EB1E0E8DE274FDFFEB1B
S31580E1A530E031DDE5000053E30800001A002A9DE5DD
S31580E1A540000052E3EE01000A0C308DE538399FE5D3
S31580E1A55008308DE50230A0E3003A8DE5180000EA87
S31580E1A5601E0E8DE28BFDFFEB000050E30E0000BA7C
S31580E1A5709E3E8DE2003083E0004843E5010080E2C3
S31580E1A5801E3E8DE2000083E00030D0E508008DE5D7
S31580E1A5902F0053E35C005313010080E2F9FFFF0AC9
S31580E1A5A00130A0E30C308DE5050000EA003A9DE537
S31580E1A5B0003093E20130A0130C308DE5C8389FE579
S31580E1A5C008308DE50060A0E3C0389FE50680A0E114
S31580E1A5D006A0A0E10640A0E118308DE5000056E333
S31580E1A5E00300000A0030A0E3207084E220308DE58C
S31580E1A5F0140000EA64309DE50500A0E1200053E304
S31580E1A600B617DD010210A01384289FE548FDFFEB14
S31580E1A610000050E3BA0100BA74489FE5F0FFFFEA13
S31580E1A6200030A0E3E030CDE5203057E52C308DE5F4
S31580E1A630E50053E30900001A20309DE5207087E2AA
S31580E1A640013083E220308DE5B437DDE120209DE5E0
S31580E1A650204047E2A30252E1F0FFFF3A6C0000EAB4
S31580E1A6600400A0E1181047E2ADFDFFEB152057E5A8
S31580E1A6702C309DE5080012E32000000A0F2002E25B
S31580E1A6800F0052E3EBFFFF1A400013E3E9FFFF0AF5
S31580E1A690133057E5E0C08DE218308DE500C08DE5D9
S31580E1A6A00430A0E160008DE20B10A0E1E0279FE598
S31580E1A6B02CC08DE5ADFEFFEB003A9DE52CC09DE516
S31580E1A6C0020053E32100001A153057E5100013E329
S31580E1A6D001808812BC079F150C10A0112A00001A70
S31580E1A6E0E030DDE5000053E3D2FFFF0A01A08AE214
S31580E1A6F0A4079FE5041017E50C20A0E12B0000EAF2
S31580E1A700000053E30A00001A002A9DE5020052E3A5
S31580E1A7107B01001A84079FE50A10A0E10820A0E1E9
S31580E1A72008308DE5B9C0FFEB08309DE50340A0E137
S31580E1A730C70100EA003A9DE5020053E30300001AEF
S31580E1A74018309DE50008A0E1200853E12B00000ABE
S31580E1A7500400A0E180108DE2E1FDFFEB003A9DE58A
S31580E1A760020053E31400001A153057E5100013E395
S31580E1A7708030DDE50700000A000053E3ADFFFF0A04
S31580E1A78010079FE5018088E280108DE22F20A0E30B
S31580E1A7909EC0FFEBA7FFFFEA000053E3A5FFFF0A98
S31580E1A7A0F4069FE5041017E501A08AE280208DE298
S31580E1A7B02030A0E395C0FFEB9EFFFFEA1E0E8DE2FF
S31580E1A7C080108DE27F1400EB000050E30400000A64
S31580E1A7D01E0E8DE2E0108DE27A1400EB000050E36C
S31580E1A7E094FFFF1A0C309DE5000053E30600000A52
S31580E1A7F00B30D4E5100013E34101000A020000EAC0
S31580E1A80088369FE518308DE58AFFFFEA0180A0E36F
S31580E1A810750000EA64309DE5016086E2200053E33D
S31580E1A8201000001AB637DDE1030056E16AFFFF1A30
S31580E1A8300B10A0E160008DE2E2FCFFEB60269FE574
S31580E1A840B657DDE10060A0E3023040E2020053E169
S31580E1A85078209DE500B0A0E10030A0930130A0838F
S31580E1A860902525E0080000EA70309DE5015085E2FB
S31580E1A8701C209DE5053063E0020056E30060A003FD
S31580E1A880020053E10030A0330130A023000053E3FE
S31580E1A89051FFFF0A003A9DE5020053E31801001AD1
S31580E1A8A00A10A0E10820A0E1F0059FE557C0FFEB83
S31580E1A8B0E10000EA003A9DE5000053E30030A003A1
S31580E1A8C001300812000053E36501001A007A9DE524
S31580E1A8D003A0A0E10C308DE564309DE5BA49DDE168
S31580E1A8E0200053E3B439DD010030A0130338A00121
S31580E1A8F00060A0E3034084E006B0A0E18C359FE5EB
S31580E1A9001C308DE5B637DDE1B4C7DDE160008DE26F
S31580E1A9100410A0E18C259FE59C0303E014FDFFEB89
S31580E1A920000050E3AA00001A78559FE520008DE5E6
S31580E1A930B627DDE1B437DDE1920303E020209DE532
S31580E1A940A30252E19200002A0020D5E50030A0E37F
S31580E1A950E50052E3E030CDE58800000A0B30D5E52D
S31580E1A960080013E33E00001A0030D5E5000053E30A
S31580E1A9705B00000A0500A0E1081085E2E8FCFFEB38
S31580E1A980000057E35D00001A0500A0E134108DE276
S31580E1A99053FDFFEB000057E36000001A08009DE5D8
S31580E1A9A034108DE2071400EB000050E36E00001ACC
S31580E1A9B080408DE20400A0E10510A0E12020A0E323
S31580E1A9C0A01400EB000054E38100000A0C309DE501
S31580E1A9D0000053E38800001A18209DE508309DE5C4
S31580E1A9E0000052E30A30A0A108308DE50C309DE5E8
S31580E1A9F0000053E38400000A0F00B4E880C08DE2D2
S31580E1AA000F00ACE80F0094E80F008CE808009DE5A4
S31580E1AA1060FCFFEB003050E218308DE5A4FFFFBA11
S31580E1AA2008209DE50030A0E30030C2E7013080E2F6
S31580E1AA30033082E00020D3E503A0A0E12F0052E3BA
S31580E1AA405C005213013083E2F9FFFF0A003A9DE58B
S31580E1AA50000053E30401000A000052E30080A003F2
S31580E1AA60010100EA0F3003E20F0053E34300001ACD
S31580E1AA70400012E34100000A0D30D5E5E0C08DE2E9
S31580E1AA801C308DE500C08DE560008DE20410A0E10B
S31580E1AA9010249FE50530A0E12CC08DE5B3FDFFEBE9
S31580E1AAA0000057E32CC09DE5AEFFFF0A0B30D5E5EC
S31580E1AAB0100013E301608612D8039F150C10A011D4
S31580E1AAC01C00001AE030DDE5000053E32B00000AAC
S31580E1AAD001B08BE2C0039FE51C1095E50C20A0E157
S31580E1AAE01E0000EA000057E33900000A0B10A0E1DE
S31580E1AAF00620A0E1A4039FE5C4BFFFEB340000EA92
S31580E1AB001C309DE50008A0E1200853E19DFFFF1A76
S31580E1AB1078339FE5205085E21C308DE5180000EA08
S31580E1AB200B30D5E5100013E30500000A64039FE5C9
S31580E1AB30016086E234108DE22F20A0E3B3BFFFEB04
S31580E1AB400E0000EA3430DDE5000053E30B00000A35
S31580E1AB5044039FE51C1095E501B08BE234208DE23C
S31580E1AB602030A0E3A9BFFFEB040000EA08009DE5E1
S31580E1AB70E0108DE2931300EB000050E38BFFFF0AB8
S31580E1AB80205085E220309DE5013083E220308DE55D
S31580E1AB9066FFFFEA0410A0E160008DE209FCFFEBAD
S31580E1ABA0010050E30040A0E10200008AF8029FE53F
S31580E1ABB096BFFFEB060000EA64309DE5200053E393
S31580E1ABC0E8329FE5FF32E003030050E14CFFFF3AB4
S31580E1ABD0F5FFFFEA0C309DE5014023E2003A9DE571
S31580E1ABE0000053E30040A00301400412000054E357
S31580E1ABF00040A0130040E003950000EA8B30DDE5DC
S31580E1AC00100013E373FFFF1A3D0000EA64309DE50F
S31580E1AC101C5094E5200053E3B431D401B627DDE13D
S31580E1AC200338A00124308D0514309DE5B477DDE14C
S31580E1AC30050053E1BA61D4E10100003A0040A0E3A6
S31580E1AC40830000EA28309DE5000053E30400000A12
S31580E1AC5014309DE528109DE5013083E0030055E140
S31580E1AC600350A021920707E024309DE53C429FE511
S31580E1AC70036086E00780A0E114309DE5030058E19A
S31580E1AC800D00008A0610A0E160008DE2CDFBFFEBAE
S31580E1AC90010050E30060A0E1E7FFFF9A64309DE5A3
S31580E1ACA0200053E30430A011FF32E003030050E1BA
S31580E1ACB0E1FFFF2A078088E0EEFFFFEA088067E090
S31580E1ACC0055068E0088053E00840A0012500000AAD
S31580E1ACD0070055E1D8A19FE50540A0310740A021B5
S31580E1ACE060008DE20610A0E10A20A0E10430A0E137
S31580E1ACF01FFCFFEB000050E30300000AB4019FE56F
S31580E1AD0042BFFFEB0040E0E3510000EA055064E01A
S31580E1AD10044068E010009DE508108AE00420A0E187
S31580E1AD20C81300EB000055E34900000A10309DE5A9
S31580E1AD300610A0E1043083E060008DE210308DE5FD
S31580E1AD40A0FBFFEB010050E30060A0E14000009A28
S31580E1AD5064309DE5200053E350319FE5FF32E00307
S31580E1AD60030050E13A00002A40819FE507A0A0E177
S31580E1AD7006B0A0E105005AE160008DE20F00002AED
S31580E1AD800610A0E18FFBFFEB013040E2060053E1C4
S31580E1AD901200001A010050E32D00009A64309DE50F
S31580E1ADA0200053E30830A011FF32E003030050E1B5
S31580E1ADB02700002A07A08AE00060A0E1ECFFFFEA15
S31580E1ADC00B10A0E110209DE50530A0E1E8FBFFEB4B
S31580E1ADD0000050E3054084001D00000AC6FFFFEA3B
S31580E1ADE060008DE20B10A0E110209DE50A30A0E124
S31580E1ADF0DFFBFFEB000050E3BFFFFF1A10309DE55C
S31580E1AE0060008DE20A3083E00610A0E110308DE526
S31580E1AE106CFBFFEB0A4084E005506AE0010050E3F9
S31580E1AE200200008A80009FE5F8BEFFEB080000EA99
S31580E1AE3064309DE5200053E30830A011FF32E00342
S31580E1AE40030050E1F6FFFF2A07A0A0E100B0A0E1F0
S31580E1AE50D8FFFFEA60009DE546C0FFEB0400A0E174
S31580E1AE60050000EA0080A0E308A0A0E10130A0E3AC
S31580E1AE700070A0E30C308DE596FEFFEA9EDE8DE262
S31580E1AE80F08DBDE8804CE580E1CBE280EEDAE280D0
S31580E1AE90FFFF0000804CE38014CCE28026CCE28088
S31580E1AEA034CCE280EDFFFF0F804CE480A0CBE280E2
S31580E1AEB0F0FF0000004DE5804DCCE28007402DE9B2
S31580E1AEC002C0A0E101E0A0E100308DE50010A0E341
S31580E1AED00E20A0E10C30A0E143FDFFEB0CD08DE22A
S31580E1AEE004F09DE410402DE904419FE570D04DE2E8
S31580E1AEF0003094E5000053E3F8009F052C00000A3A
S31580E1AF00F4009FE5C1BEFFEB003094E5003093E5A8
S31580E1AF10013043E2070053E303F19F97150000EA0E
S31580E1AF2040AFE18050AFE18058AFE18060AFE18032
S31580E1AF3068AFE18070AFE18078AFE18048AFE180D2
S31580E1AF40B8009FE50C0000EAB4009FE50A0000EA3C
S31580E1AF50B0009FE5080000EAAC009FE5060000EA44
S31580E1AF60A8009FE5040000EAA4009FE5020000EA4C
S31580E1AF70A0009FE5000000EA9C009FE5A3BEFFEBF1
S31580E1AF80003094E594009FE5041093E59FBEFFEBC6
S31580E1AF90000094E58BDBFFEB30008DE214108DE24F
S31580E1AFA004208DE2F9FBFFEB004050E20300000A4A
S31580E1AFB06C009FE595BEFFEB0140A0E3090000EA46
S31580E1AFC01B108DE20B20A0E308008DE21D1300EB40
S31580E1AFD050009FE526108DE208208DE21340CDE5F5
S31580E1AFE02B40CDE589BEFFEB0400A0E170D08DE278
S31580E1AFF01080BDE8004DE68064CCE28077CCE280CB
S31580E1B00059A9E2805DA9E28062A9E28067A9E2802E
S31580E1B0106DA9E28071A9E280F677E28084CCE28054
S31580E1B0208CCCE2809BCCE280B3CCE2800010A0E3C2
S31580E1B0300120A0E10130A0E39FFFFFEAF7402DE97F
S31580E1B0400040A0E10170A0E130009FE50410A0E19D
S31580E1B0500350A0E10260A0E16CBEFFEB0030A0E30B
S31580E1B06000308DE50400A0E10710A0E10620A0E113
S31580E1B0700530A0E1DCFCFFEB0CD08DE2F080BDE891
S31580E1B080C8CCE28001C0A0E138402DE90210A0E100
S31580E1B0900C20A0E10050A0E1E7FFFFEB010070E3A7
S31580E1B0A00040A0E10200001A0C009FE50510A0E136
S31580E1B0B056BEFFEB0400A0E13880BDE8D4CCE28047
S31580E1B0C01EFF2FE108402DE908009FE54FBEFFEB0B
S31580E1B0D00000E0E30880BDE847CDE2800000E0E3E0
S31580E1B0E01EFF2FE10000E0E31EFF2FE10000E0E319
S31580E1B0F01EFF2FE11EFF2FE114209FE50230A0E124
S31580E1B100181093E4010050E10200A0010300A011B0
S31580E1B1101EFF2FE1DC00E38010402DE918409FE51A
S31580E1B120000094E5F3FFFFEB143090E533FF2FE168
S31580E1B1300030A0E3003084E51080BDE8544DE68020
S31580E1B1400130A0E3F3412DE90270A0E100308DE505
S31580E1B15078209FE578309FE50CDCFFEB000050E33B
S31580E1B160010000AA0000E0E3160000EA64609FE5C2
S31580E1B17058809FE50040A0E3300054E3045086E028
S31580E1B180F7FFFF0A000057E30300000A063094E761
S31580E1B190000053E3030057110800001A043095E5D7
S31580E1B1A0000098E528109FE533FF2FE1000050E38A
S31580E1B1B024309F0500209505002083050100000AC3
S31580E1B1C0184084E2EBFFFFEA08D08DE2F081BDE82A
S31580E1B1D0584DE680044DE680DC00E380544DE68000
S31580E1B1E038402DE92C409FE50050A0E1000094E530
S31580E1B1F0C0FFFFEB083090E50500A0E133FF2FE1CA
S31580E1B2000030A0E3003084E50050A0E1C1FFFFEB10
S31580E1B2100500A0E13880BDE8544DE680F8402DE98F
S31580E1B2200350A0E16C309FE50060A0E1000093E56A
S31580E1B2300240A0E10170A0E1AEFFFFEB0420A0E1B6
S31580E1B2400530A0E10710A0E10CC090E50600A0E181
S31580E1B2503CFF2FE1050050E10020E0E1A22FA0E1D3
S31580E1B2600020A003000055E30030A0030130021264
S31580E1B270000053E30040A0E10300000A18009FE5C7
S31580E1B2800610A0E1E1BDFFEB0040E0E3A1FFFFEBAB
S31580E1B2900400A0E1F880BDE8544DE680D4CCE2809C
S31580E1B2A0021042E2050051E3F8452DE90040E083D2
S31580E1B2B06500008A020052E3081093150010A0038E
S31580E1B2C0040093E50260A0E120209DE50350A0E122
S31580E1B2D09AFFFFEB004050E23000001A030056E38C
S31580E1B2E0070000DA0C0095E50410A0E11020A0E348
S31580E1B2F0941500EB040056E30070A0E10A00001A01
S31580E1B3000D0000EA48019FE5D3B4FFEB000050E36E
S31580E1B31040719F050800000A0410A0E11020A0E317
S31580E1B320881500EB0070A0E1030000EA050056E312
S31580E1B330108095E54100000A050000EA18019FE5C5
S31580E1B340C5B4FFEB008050E210019F053B00001A77
S31580E1B350110000EA140095E50410A0E11020A0E3B5
S31580E1B360781500EB070056E30450A01100A0A0E198
S31580E1B3700400001A180095E50410A0E11020A0E36E
S31580E1B380701500EB0050A0E1342099E57F2482E23C
S31580E1B390020057E10300009AC4009FE58FBDFFEBF1
S31580E1B3A00140A0E3280000EA0000A0E31194FFEB4E
S31580E1B3B00520A0E10710A0E10A30A0E10060A0E14C
S31580E1B3C00800A0E194FFFFEB0050A0E10600A0E1B8
S31580E1B3D00894FFEB000055E30060A0E1EFFFFFDAA0
S31580E1B3E080009FE50510A0E10620A0E187BDFFEB87
S31580E1B3F0000056E30B00000A6C009FE577BDFFEB8A
S31580E1B4000610A0E10500A0E1CA2000EBFA3FA0E327
S31580E1B4100010A0E354209FE5930000E01B0700EBBA
S31580E1B4204C009FE56DBDFFEB48009FE56BBDFFEBF3
S31580E1B4300510A0E140009FE592B3FFEB020000EA30
S31580E1B44000A0A0E30A50A0E1CEFFFFEA0400A0E15C
S31580E1B450F885BDE8418AE280008000828ACDE2807B
S31580E1B46093CDE280AFCDE280DDCDE280F5CDE280A5
S31580E1B47013C1E2807A67E2804BCCE280BF65E280ED
S31580E1B480021042E2020051E31100008A020052E317
S31580E1B49038402DE9081093150010A003040093E5C8
S31580E1B4A00250A0E110209DE50340A0E123FFFFEBE0
S31580E1B4B0000050E30800001A040055E30C009405EF
S31580E1B4C01C009F1545FFFFEB000090E20100A013F1
S31580E1B4D03880BDE80000E0E31EFF2FE10100A0E334
S31580E1B4E03880BDE8016BE280001090E5212CA0E177
S31580E1B4F0FF3801E2012C82E1232482E1FF3C01E273
S31580E1B500033482E198209FE5020053E11300001A9B
S31580E1B510141090E5212CA0E1FF3801E2012C82E1B3
S31580E1B520232482E1FF3C01E2033482E10F0053E30D
S31580E1B5301700009A181090E5212CA0E1FF3801E26E
S31580E1B540012C82E1232482E1FF3C01E2033482E1A2
S31580E1B550120053E30000A0330900E0231EFF2FE130
S31580E1B56040209FE5020053E10B00001A243090E56C
S31580E1B570232CA0E1FF1803E2032C82E1212482E15E
S31580E1B580FF3C03E2033492E10000A0130600E003EE
S31580E1B5901EFF2FE10900E0E31EFF2FE10800E0E353
S31580E1B5A01EFF2FE1EDFE0DD01201F22F10402DE9A5
S31580E1B5B0144090E524ECA0E1FFC804E2043C8EE16E
S31580E1B5C02CE483E1FFCC04E20CC48EE110005CE361
S31580E1B5D00A00009A024091E01400002A243090E5A6
S31580E1B5E023ECA0E1FFC803E203EC8EE12CE48EE1DB
S31580E1B5F0FFCC03E20CC48EE10C0054E10B00008A1F
S31580E1B60008E090E5000052E32ECCA0E1FF380EE29F
S31580E1B6100ECC8CE123C48CE1FF3C0EE203348CE159
S31580E1B620031081E0010080A00000A0B31080BDE896
S31580E1B6300000A0E31080BDE80730E0E3F0412DE9AA
S31580E1B640003082E50260A0E10420A0E30080A0E171
S31580E1B6500170A0E1D4FFFFEB000050E33C00000A5B
S31580E1B660003090E5044087E2235CA0E1035C85E15C
S31580E1B670FF0803E2205485E1FF3C03E2035485E1C0
S31580E1B6800A30E0E3003086E5013045E2080053E325
S31580E1B69003F19F972E0000EABCB6E18028B7E180EE
S31580E1B6A0ECB6E18028B7E18054B7E18054B7E18018
S31580E1B6B054B7E18054B7E18028B7E1800410A0E176
S31580E1B6C00800A0E10120A0E3B7FFFFEB014084E29F
S31580E1B6D0000050E31E00000A0030D0E50410A0E12E
S31580E1B6E0000053E3F5FFFF1A0E0000EA0800A0E12F
S31580E1B6F00410A0E10420A0E3ABFFFFEB000050E3E0
S31580E1B7001300000A001090E50C4087E221CCA0E10D
S31580E1B710FF3801E2012C8CE123C482E1FF3C01E2A6
S31580E1B72003348CE1034084E00800A0E10710A0E146
S31580E1B730042067E09CFFFFEB000050E30400000A71
S31580E1B740034084E20340C4E3004086E50500A0E1CE
S31580E1B750F081BDE80900A0E3F081BDE8003051E267
S31580E1B76007402DE904108DE5010000AA0300E0E31E
S31580E1B770060000EA030013E3FBFFFF1A04208DE2D3
S31580E1B780ACFFFFEB010050E3F7FFFF1A04009DE5F4
S31580E1B7900CD08DE204F09DE4003051E207402DE9C2
S31580E1B7A004108DE5010000AA0300E0E3060000EA4B
S31580E1B7B0030013E3FBFFFF1A04208DE29DFFFFEBFD
S31580E1B7C0030050E3F7FFFF1A04009DE50CD08DE2FC
S31580E1B7D004F09DE40030A0E3030051E173402DE9DC
S31580E1B7E00060A0E10250A0E104308DE5030000BADB
S31580E1B7F0D9FFFFEB000050E304008DE5200000BA9D
S31580E1B80004409DE50600A0E10410A0E104208DE25C
S31580E1B81088FFFFEB020050E30900000A090050E3CC
S31580E1B8201000000A010050E3F4FFFF1A000055E31F
S31580E1B830003095150400A0E10130831200308515B2
S31580E1B8400F0000EA000055E3ECFFFF0A003095E5C2
S31580E1B850013043E2000053E3003085E5E7FFFFAACC
S31580E1B86004009DE5060000EA04009DE5000050E342
S31580E1B8700000E0A3020000AA000055E3080070037F
S31580E1B8800000E00308D08DE27080BDE8F8402DE944
S31580E1B8900040A0E10200A0E10150A0E10270A0E138
S31580E1B8A06E1000EB016080E2055066E0055084E0B1
S31580E1B8B0050054E10700008A0400A0E10710A0E139
S31580E1B8C00620A0E10C1100EB000050E30300000A22
S31580E1B8D0014084E2F5FFFFEA0000A0E3F880BDE8DD
S31580E1B8E00400A0E1F880BDE8F8402DE90050A0E130
S31580E1B8F00160A0E10270A0E1FAFEFFEB004050E2B8
S31580E1B9000B00001A04E095E52ECCA0E1FF380EE2AB
S31580E1B9100ECC8CE123C48CE1FF3C0EE203248CE166
S31580E1B920070052E10400008A0600A0E10510A0E1CB
S31580E1B930DF1000EB0400A0E1F880BDE80200E0E35F
S31580E1B940F880BDE837402DE90050A0E10140A0E153
S31580E1B9500500A0E10410A0E104208DE235FFFFEBB4
S31580E1B960030050E30A00000A090050E304409DE524
S31580E1B9700300001A000054E30400A0B10A00E0A32A
S31580E1B980040000EA040050E3F0FFFF0A0000E0E370
S31580E1B990000000EA0400A0E10CD08DE23080BDE831
S31580E1B9A00CC090E52C2CA0E1FF380CE20C2C82E156
S31580E1B9B0232482E1FF3C0CE2033482E1011083E03F
S31580E1B9C0010080E01EFF2FE1F84C2DE90050A0E157
S31580E1B9D00170A0E10260A0E10340A0E1C1FEFFEBBE
S31580E1B9E0000050E3F88CBD18103095E523ECA0E11A
S31580E1B9F0FFC803E203EC8EE1FF1C03E22CE48EE157
S31580E1BA0001C48EE107128CE001C085E004209CE54B
S31580E1BA10013095E7021CA0E1FFEC02E2221C81E104
S31580E1BA200E1481E1FF2802E2221481E1032CA0E1D8
S31580E1BA30FFEC03E2232C82E10E2482E1FF3803E26C
S31580E1BA4023B482E101A080E1F0A0C6E108309CE563
S31580E1BA500CC09CE50C1CA0E1FF2C0CE22C1C81E1C6
S31580E1BA60021481E1FF280CE2222481E1031CA0E19A
S31580E1BA70FFCC03E2231C81E10C1481E1FF3803E270
S31580E1BA80237481E1026080E1F060C4E1F88CBDE875
S31580E1BA90103090E5704C2DE923ECA0E103EC8EE1CA
S31580E1BAA0FF2803E222E48EE1FF3C03E203E48EE138
S31580E1BAB00060A0E306328EE0033080E00C1093E56F
S31580E1BAC0082093E5013CA0E1213C83E1FFCC01E242
S31580E1BAD00CC483E1FF1801E221348CE1021CA0E170
S31580E1BAE0221C81E1FFCC02E20C1481E1FF2802E213
S31580E1BAF0225481E10040A0E303A084E105B0A0E106
S31580E1BB000B309AE101608612E9FFFF1A0600A0E197
S31580E1BB10708CBDE8F34D2DE90350A0E10070A0E102
S31580E1BB200140A0E10280A0E16EFEFFEB000050E360
S31580E1BB3008608D020400260501A085022700001A0F
S31580E1BB4004309DE5000054E3000053A31E0000BAD3
S31580E1BB50010053E31600001A0700A0E1041084E215
S31580E1BB600A20A0E190FEFFEB00B050E21000000A4F
S31580E1BB700810A0E10520A0E15F1000EB000050E392
S31580E1BB800B00001A0530DBE7000053E31200000AE0
S31580E1BB900800A0E14010A0E30520A0E17D1000EBC4
S31580E1BBA0000050E30200001A0530DBE7400053E372
S31580E1BBB00900000A0410A0E10700A0E10620A0E147
S31580E1BBC003FFFFEB0040A0E1DCFFFFEA000053E367
S31580E1BBD00400A0A10000E0B3000000EA0400A0E1B7
S31580E1BBE008D08DE2F08DBDE8F8402DE90050A0E166
S31580E1BBF00160A0E10240A0E1087090E539FEFFEB2B
S31580E1BC00000050E31400001A0500A0E10610A0E14F
S31580E1BC10D1FEFFEB000050E30F0000BA07CCA0E1B4
S31580E1BC20FF3807E227CC8CE1FF1C07E223C48CE1D5
S31580E1BC3001348CE1061083E0015085E0000054E395
S31580E1BC40045085E20200000A0500A0E1830F00EBC3
S31580E1BC50000084E50500A0E1F880BDE8000054E33A
S31580E1BC60000084150000A0130400A001F880BDE85F
S31580E1BC7010402DE90040A0E1B7FEFFEB001050E255
S31580E1BC801080BDB80400A0E11040BDE82CFFFFEABA
S31580E1BC9010402DE90040A0E1BEFEFFEB001050E22E
S31580E1BCA01080BDB80400A0E11040BDE824FFFFEAA2
S31580E1BCB070402DE90040A0E10160A0E10250A0E1E1
S31580E1BCC0B4FEFFEB000050E3030000AA000055E359
S31580E1BCD0000085150000A0E37080BDE808E094E5EA
S31580E1BCE0000055E32ECCA0E1FF380EE20ECC8CE1CC
S31580E1BCF023C48CE1FFEC0EE20E348CE1030086E096
S31580E1BD00000084E07080BD08042090E5221CA0E15B
S31580E1BD10FF3802E2021C81E1231481E1FF3C02E269
S31580E1BD20033481E1003085E57080BDE8F04D2DE991
S31580E1BD3020409DE50060A0E10280A0E10370A0E1E2
S31580E1BD40CAFFFFEB000050E30050A0E11D0000BAFE
S31580E1BD500600A0E10510A0E10420A0E1D3FFFFEBFE
S31580E1BD6000A050E21600000A08C09AE50600A0E1AC
S31580E1BD702C1CA0E1FF380CE20C1C81E1231481E14B
S31580E1BD80FFCC0CE20C1481E104FFFFEB00B0A0E1F3
S31580E1BD90320F00EB070050E10500001A0B00A0E12D
S31580E1BDA00810A0E10720A0E1D30F00EB000050E3EB
S31580E1BDB00800000A0600A0E10510A0E1B3FFFFEB51
S31580E1BDC0DFFFFFEA0C50E0E3000054E30050841506
S31580E1BDD00000A0E3F08DBDE80A00A0E1F08DBDE8AA
S31580E1BDE0F7402DE90060A0E10200A0E10370A0E147
S31580E1BDF00150A0E10240A0E1180F00EB00708DE553
S31580E1BE000510A0E10420A0E10030A0E10600A0E158
S31580E1BE10C5FFFFEB0CD08DE2F080BDE807402DE950
S31580E1BE2010C09DE500C08DE5BFFFFFEB000050E34C
S31580E1BE300C0080120CD08DE204F09DE4F7402DE9F0
S31580E1BE400060A0E10200A0E10370A0E10150A0E161
S31580E1BE500240A0E1010F00EB00708DE50510A0E145
S31580E1BE600420A0E10030A0E10600A0E1EAFFFFEBBB
S31580E1BE700CD08DE2F080BDE873402DE90150A0E160
S31580E1BE8034109FE50060A0E10240A0E10B0000EBE9
S31580E1BE9000C0A0E3001050E20C00A0B1040000BA9B
S31580E1BEA000C08DE50600A0E10520A0E10430A0E117
S31580E1BEB0D9FFFFEB08D08DE27080BDE8D699E280AC
S31580E1BEC0F0412DE90070A0E10100A0E10150A0E17F
S31580E1BED0E20E00EB0060A0E10700A0E181FDFFEB4F
S31580E1BEE0000050E3F081BD180030D5E5066085E0BD
S31580E1BEF02F0053E31000000A2F10A0E30500A0E114
S31580E1BF00CB0E00EB0510A0E1000050E30080A0110C
S31580E1BF100680A0010700A0E1082065E0D5FFFFEBE0
S31580E1BF20001050E21C00000A0700A0E1E3FFFFEBEE
S31580E1BF300850A0E10040A0E1000000EA0040A0E155
S31580E1BF400030D5E5000053E31500000A0580A0E145
S31580E1BF500130D5E42F0053E3FBFFFF0A000053E3F2
S31580E1BF600F00000A2F10A0E30800A0E1B00E00EB5D
S31580E1BF700410A0E10820A0E1000050E30050A011E8
S31580E1BF800650A0010700A0E1053068E0E0FEFFEB86
S31580E1BF90004050E2E9FFFFAA010000EA0400E0E385
S31580E1BFA0F081BDE80400A0E1F081BDE8F7452DE927
S31580E1BFB00080A0E10160A0E10250A0E10370A0E170
S31580E1BFC048FDFFEB000050E32300001A000055E333
S31580E1BFD008A08DA204002AA50C40E0A31D0000BAAA
S31580E1BFE0060050E10030A0C30130A0D3000050E349
S31580E1BFF00030A0B3000053E30010A0E10E00000A78
S31580E1C00004309DE5050053E10140A001060051E1C0
S31580E1C0100500001A000057E300308715030055E15B
S31580E1C0200400A0D10000E0C30B0000EA0800A0E113
S31580E1C0300A20A0E1E6FDFFEBE8FFFFEA010070E3FD
S31580E1C0400300E0A3040000AA040071E30100A0114B
S31580E1C0500A00E003000000EA0000E0E30CD08DE294
S31580E1C060F085BDE807402DE90020A0E304308DE2AC
S31580E1C070CDFFFFEB000050E304009D050000000AC0
S31580E1C0800C00E0A30CD08DE204F09DE4F0412DE9B3
S31580E1C0900040A0E10200A0E10150A0E10270A0E130
S31580E1C0A06E0E00EB0060A0E1018080E2060055E1C2
S31580E1C0B00B0000BA0700A0E10410A0E10820A0E18E
S31580E1C0C00D0F00EB000050E30C00000A0400A0E134
S31580E1C0D00010A0E30520A0E12E0F00EB000050E365
S31580E1C0E00100001A0000A0E3F081BDE8004064E0B1
S31580E1C0F00440E0E1045085E0014080E2EAFFFFEAA6
S31580E1C1000100A0E3F081BDE813402DE90240A0E102
S31580E1C11004308DE228209FE547FFFFEB000050E3E6
S31580E1C12004009D050400000A04109DE50420A0E1B9
S31580E1C130D5FFFFEB100F6FE1A002A0E108D08DE201
S31580E1C1401080BDE8DAC3E280F8402DE90050A0E135
S31580E1C1500170A0E10260A0E1E2FCFFEB002050E289
S31580E1C1600500A0010710A0010F00001A98FDFFEB62
S31580E1C170000050E30040A0E10D0000BA0500A0E117
S31580E1C1800410A0E10620A0E1DEFFFFEB010070E3F1
S31580E1C190F880BDB8000050E30500000A0500A0E183
S31580E1C1A00410A0E10020A0E3EFFFFFEA0200A0E196
S31580E1C1B0F880BDE80400A0E1F880BDE8103090E5A4
S31580E1C1C010402DE923CCA0E1FFE803E203CC8CE12A
S31580E1C1D02EC48CE1FFEC03E20EE48CE127005EE302
S31580E1C1E02600009A084090E50E1081E024CCA0E17B
S31580E1C1F0FF3804E204CC8CE123C48CE1FF3C04E209
S31580E1C20003348CE1010053E11C00003A0C1090E507
S31580E1C210023083E021CCA0E101CC8CE1FFE801E2B0
S31580E1C2202EC48CE1FF1C01E201C48CE103005CE1D8
S31580E1C2301200003A041090E520E090E5212CA0E17F
S31580E1C240FF3801E2012C82E1FF0C01E2232482E145
S31580E1C2502E1CA0E1003482E10E1C81E1FF280EE272
S31580E1C260FF0C0EE2221481E1002481E10C0082E0E0
S31580E1C270000053E10000A0230100A0331080BDE857
S31580E1C2800100A0E31080BDE8F8402DE9206090E54B
S31580E1C2900C5090E5264CA0E1FFE806E2064C84E1ED
S31580E1C2A02E4484E1FFCC06E20CE484E1254CA0E156
S31580E1C2B0FFC805E2054C84E12C4484E1FFCC05E22C
S31580E1C2C00CC484E10CC08EE0000052E30CC080E037
S31580E1C2D0150000BA026081E00C0056E11200008A86
S31580E1C2E0045090E5037062E0254CA0E1FFE805E2A9
S31580E1C2F0054C84E12E4484E1FFEC05E20EE484E121
S31580E1C30007708CE00EE080E00E0057E10800008ABD
S31580E1C3100CC061E0030081E00C2062E00610A0E140
S31580E1C320630E00EB0000A0E3F880BDE80300E0E3E4
S31580E1C330F880BDE80200E0E3F880BDE870402DE9D1
S31580E1C3400260A0E10350A0E10222A0E10332A0E174
S31580E1C3500040A0E1CBFFFFEB000050E37080BD1809
S31580E1C360083094E5052066E023CCA0E1FF1803E2DE
S31580E1C37003CC8CE121C48CE1FF1C03E20222A0E123
S31580E1C38001148CE1011082E0013CA0E1FFCC01E2E5
S31580E1C390213C83E10C3483E1FF1801E20CC094E592
S31580E1C3A0211483E1081084E52C1CA0E1FF380CE21E
S31580E1C3B00C1C81E1231481E1FF3C0CE2033481E131
S31580E1C3C0033082E0032CA0E1FF1C03E2232C82E10F
S31580E1C3D0012482E1FF3803E2233482E10C3084E5F3
S31580E1C3E07080BDE870402DE90040A0E10250A0E1F7
S31580E1C3F00360A0E1A3FFFFEB000050E37080BD186E
S31580E1C40024E094E5062065E02ECCA0E1FF180EE25B
S31580E1C4100ECC8CE121C48CE1FF1C0EE201148CE18F
S31580E1C420011082E0013CA0E1FFCC01E2213C83E105
S31580E1C4300C3483E1FF1801E20CC094E5211483E119
S31580E1C440241084E52C1CA0E1FF380CE20C1C81E170
S31580E1C450231481E1FF3C0CE2033481E1033082E085
S31580E1C460032CA0E1FF1C03E2232C82E1012482E17B
S31580E1C470FF3803E2233482E10C3084E57080BDE845
S31580E1C480F0412DE90050A0E1100090E5287082E2AC
S31580E1C490038087E00360A0E1203CA0E10140A0E1C8
S31580E1C4A0003C83E1FF1800E2213483E1FF1C00E2D6
S31580E1C4B0011483E1011085E0280084E2FC0D00EBA4
S31580E1C4C0082095E50A33A0E3103084E5223CA0E11B
S31580E1C4D0FF1802E2023C83E1213483E1FF1C02E2A0
S31580E1C4E0011483E10620A0E1070084E0011085E0E4
S31580E1C4F0EF0D00EB073CA0E1FF2C07E2273C83E14F
S31580E1C500023483E1FF7807E2277483E1063CA0E108
S31580E1C510FF2C06E2263C83E1023483E10C2095E59B
S31580E1C520FF6806E2266483E1223CA0E1200095E5EE
S31580E1C530FF1802E2023C83E1213483E1FF1C02E23F
S31580E1C540011483E1203CA0E1FF2800E2003C83E185
S31580E1C550223483E1FF2C00E2022483E1011085E0AD
S31580E1C560087084E5246084E5080084E0D00D00EB62
S31580E1C570082CA0E1201095E5FF3C08E2282C82E119
S31580E1C580032482E1FF3808E2233482E1212CA0E111
S31580E1C590012C82E10C3084E5FF3801E2232482E13B
S31580E1C5A0FF3C01E2033482E1032CA0E1232C82E10A
S31580E1C5B0FF1C03E2012482E1FF3803E2233482E1B6
S31580E1C5C0203084E5F081BDE8F04D2DE90240A0E11F
S31580E1C5D00050A0E10380A0E15FFCFFEB00A050E208
S31580E1C5E00A40A0B16A0000BA0C2095E50400A0E1FA
S31580E1C5F0223CA0E1FF6802E2023C83E1263483E14A
S31580E1C600FF6C02E2066483E1140D00EB203095E5D0
S31580E1C610066085E0231CA0E1FF2803E2031C81E19B
S31580E1C620221481E1FF3C03E20420A0E1031481E1CD
S31580E1C6300070A0E10600A0E193FCFFEB002050E250
S31580E1C640024066102A00001A203095E501B087E2A3
S31580E1C650237CA0E1FF0803E2037C87E1207487E184
S31580E1C6600C0095E5FF3C03E2037487E1203CA0E101
S31580E1C670FF1800E2003C83E1213483E1FF1C00E204
S31580E1C680011483E1071081E00500A0E1011085E056
S31580E1C6900B30A0E1FBFEFFEB000050E30040A01170
S31580E1C6A01300001A201095E5070086E0212CA0E111
S31580E1C6B0FF3801E2012C82E1232482E1FF3C01E2A1
S31580E1C6C0033482E103308BE0032CA0E1FF1C03E21B
S31580E1C6D0232C82E1012482E1FF3803E2233482E1E3
S31580E1C6E00410A0E1203085E50B20A0E1550D00EB9B
S31580E1C6F00740A0E1000054E3250000BA082095E553
S31580E1C7000500A0E1223CA0E1FF1802E2023C83E1C0
S31580E1C710213483E1FF1C02E2011483E101108AE006
S31580E1C72020309DE5011085E0001083E5033088E245
S31580E1C7300330C3E30020A0E30C3083E228FFFFEB64
S31580E1C740000050E31100001A20309DE5FF2C04E241
S31580E1C750001093E50334A0E3003081E5043CA0E1D9
S31580E1C760243C83E1023483E1FF4804E2244483E10B
S31580E1C770083CA0E1283C83E1FF2C08E2023483E116
S31580E1C780FF8808E2288483E1084081E5048081E529
S31580E1C7900040A0E10400A0E1F08DBDE838402DE93C
S31580E1C7A00050A0E14FFBFFEB000050E33880BD185D
S31580E1C7B0142095E5223CA0E1FF4802E2023C83E1B8
S31580E1C7C0243483E1FF4C02E2044483E1100054E324
S31580E1C7D00F00009A243095E50500A0E1232CA0E125
S31580E1C7E0FF1803E2032C82E1212482E1FF3C03E28C
S31580E1C7F01010A0E3032482E16FFEFFEB000050E31B
S31580E1C8000500001A110054E31134A0131430851584
S31580E1C8103880BDE80900E0E33880BDE80B00E0E35D
S31580E1C8203880BDE8F34D2DE928509DE50270A0E101
S31580E1C83000A0A0E10380A0E12C609DE5D6FFFFEB9F
S31580E1C840002050E20200A0112E00001A0A00A0E1A9
S31580E1C85004208DE58DFCFFEB10109AE504209DE523
S31580E1C860213CA0E1FF4801E2013C83E1243483E1FC
S31580E1C870FF4C01E2044483E10130A0E3004284E01D
S31580E1C88004B08AE00A00A0E10B10A0E1AAFEFFEB6A
S31580E1C890000050E31B00001A083CA0E1FF2C08E2EF
S31580E1C8A0283C83E1023483E1071CA0E1FF8808E2AA
S31580E1C8B0288483E1273C81E1FF1C07E2011483E1BF
S31580E1C8C0FF7807E2273481E1082080E1F4208AE1DC
S31580E1C8D0063CA0E1FF2C06E2263C83E1023483E1BB
S31580E1C8E0051CA0E1FF6806E2266483E1253C81E13F
S31580E1C8F0FF1C05E2011483E1FF5805E2253481E15D
S31580E1C900062080E1F820CBE108D08DE2F08DBDE80C
S31580E1C910F0412DE90070A0E10150A0E1104090E5E1
S31580E1C9209DFFFFEB006050E21000001A0700A0E1D6
S31580E1C93056FCFFEB000055E10E0000AA04CCA0E115
S31580E1C940FF2804E224CC8CE122C48CE1FF2C04E2B2
S31580E1C95002248CE1051282E00700A0E1011087E064
S31580E1C9600630A0E10120A0E3F041BDE872FEFFEAD6
S31580E1C9700600A0E1F081BDE80000E0E3F081BDE8DA
S31580E1C980FF412DE928409DE50050A0E10170A0E13D
S31580E1C9900260A0E10380A0E17FFFFFEB000050E3AE
S31580E1C9A02D00001A0710A0E10500A0E10620A0E114
S31580E1C9B00C308DE209FDFFEB0CC09DE5000050E3F4
S31580E1C9C00010A0E108008DE50C00A0011100000A2D
S31580E1C9D003208CE2033084E20500A0E10C1081E2C1
S31580E1C9E00320C2E30330C3E37DFEFFEB000050E3A7
S31580E1C9F00800001A043CA0E1FF2C04E2243C83E118
S31580E1CA00023483E1FF2804E2223483E108209DE5B4
S31580E1CA10043082E50A0000EA010070E30600001AAC
S31580E1CA2008308DE200308DE50500A0E10710A0E138
S31580E1CA300620A0E10430A0E1E2FEFFEB000050E336
S31580E1CA400500001A08009DE50810A0E10C0080E2CF
S31580E1CA500420A0E17B0C00EB0000A0E310D08DE286
S31580E1CA60F081BDE8F7402DE90050A0E10170A0E139
S31580E1CA700260A0E148FFFFEB004050E20400A01114
S31580E1CA800E00001A0710A0E10620A0E10500A0E152
S31580E1CA9004308DE2D1FCFFEB04209DE5001050E2ED
S31580E1CAA00200A0010500000A032082E20320C2E31E
S31580E1CAB00500A0E10C2082E20430A0E148FEFFEB14
S31580E1CAC00CD08DE2F080BDE8F34D2DE90050A0E178
S31580E1CAD00140A0E10270A0E10360A0E12EFFFFEB3F
S31580E1CAE0000050E33600001A0500A0E10410A0E141
S31580E1CAF00720A0E10630A0E105FCFFEB000050E352
S31580E1CB000100E0A32E0000AA010070E32C00001AC8
S31580E1CB100500A0E10410A0E104208DE2C5FAFFEB57
S31580E1CB2004809DE50500A0E10810A0E104208DE2E6
S31580E1CB30C0FAFFEB030040E2010050E3F7FFFF9A02
S31580E1CB40082095E504B086E2223CA0E1FF4802E2B6
S31580E1CB50023C83E1243483E1FF4C02E2044483E135
S31580E1CB60044088E004A085E003B0CBE30A10A0E1AD
S31580E1CB700500A0E10020A0E308308BE218FEFFEB80
S31580E1CB80001050E20100A0110D00001A0134A0E36B
S31580E1CB90043085E704408AE20B20A0E10400A0E1AD
S31580E1CBA0110C00EB0400A0E10710A0E10620A0E152
S31580E1CBB0240C00EB0BA08AE00234A0E30800A0E19C
S31580E1CBC004308AE508D08DE2F08DBDE870402DE92C
S31580E1CBD00060A0E10200A0E10150A0E10240A0E1F5
S31580E1CBE09E0B00EB0510A0E10420A0E10030A0E15E
S31580E1CBF00600A0E17040BDE8B2FFFFEAF0412DE911
S31580E1CC000070A0E10150A0E1E3FEFFEB006050E29D
S31580E1CC101200001A0700A0E10510A0E1BC0000EBBC
S31580E1CC20002050E20F0000BA084097E50700A0E136
S31580E1CC3024ECA0E1FFC804E204EC8EE12CE48EE171
S31580E1CC40FFCC04E20CC48EE105108CE0011087E094
S31580E1CC50022065E00630A0E1F041BDE8E0FDFFEAB3
S31580E1CC600600A0E1F081BDE80200A0E1F081BDE827
S31580E1CC70FF4D2DE90070A0E10160A0E10240A0E155
S31580E1CC80048090E517FAFFEB005050E20500A01111
S31580E1CC908600001A0700A0E17CFBFFEB141097E504
S31580E1CCA0212CA0E1FF3801E2012C82E1232482E1FB
S31580E1CCB0FF3C01E2033482E1100053E3010080E2AC
S31580E1CCC000A2A0E10800009A241097E5212CA0E1BA
S31580E1CCD0FF3801E2012C82E1232482E1FF3C01E27B
S31580E1CCE0033482E10C308DE50A0000EA10B08DE272
S31580E1CCF004502BE50700A0E10C109DE50B20A0E197
S31580E1CD004CFAFFEB090050E3F9FFFF1A0C009DE5B1
S31580E1CD10000050E3650000BA0C309DE50700A0E114
S31580E1CD200320A0E10A10A0E104308DE522FDFFEBAE
S31580E1CD3004309DE5000050E31700001A0700A0E1EA
S31580E1CD400610A0E10420A0E1E6FAFFEB003050E214
S31580E1CD505300001A0C009DE51124A0E3001CA0E11C
S31580E1CD60142086E5201C81E1FF2C00E2021481E19A
S31580E1CD70FF2800E2222481E1242086E5042CA0E13B
S31580E1CD80242C82E1FF1C04E2012482E1FF4804E2D3
S31580E1CD90244482E1044086E5410000EA200097E5EB
S31580E1CDA028B083E2201CA0E1FF2800E2001C81E19B
S31580E1CDB0221481E1FF0C00E2002481E102B08BE0E4
S31580E1CDC00AB08BE00B0054E1370000BA085CA0E1C1
S31580E1CDD0285C85E1FF2808E2222485E1FF5C08E200
S31580E1CDE0055482E1055087E00B2086E0020057E199
S31580E1CDF0050056310400002A0B2085E0041086E008
S31580E1CE00010052E10100009A270000EA0650A0E104
S31580E1CE100700A0E10510A0E10A20A0E197FDFFEB64
S31580E1CE200510A0E10B20A0E10600A0E1A00B00EB3C
S31580E1CE3080309FE5003086E5043CA0E1FF2C04E2EA
S31580E1CE40243C83E11C1097E5023483E1FF4804E248
S31580E1CE50244483E11134A0E3212CA0E1143086E55A
S31580E1CE600132A0E3012C82E1183086E5FF3801E248
S31580E1CE70232482E1FF3C01E2033482E1032CA0E139
S31580E1CE80232C82E1FF1C03E2012482E1FF3803E2E5
S31580E1CE90233482E1044086E51C3086E50000A0E388
S31580E1CEA0020000EA0300A0E1000000EA0200E0E3FC
S31580E1CEB010D08DE2F08DBDE8D00DFEED000050E39F
S31580E1CEC0090000CA0A00000A0D0070E30A00009A10
S31580E1CED02C309FE5000060E2000193E724309FE576
S31580E1CEE0000050E30300A0011EFF2FE118009FE53B
S31580E1CEF01EFF2FE114009FE51EFF2FE104009FE551
S31580E1CF001EFF2FE1FC42E28034CEE28013CEE28046
S31580E1CF1029CEE28037402DE90030A0E308408DE25A
S31580E1CF200050A0E1043024E504309DE5000051E3A2
S31580E1CF30000053A3040000BA0500A0E10420A0E1AB
S31580E1CF4023FAFFEB0010A0E1F6FFFFEA0100A0E182
S31580E1CF500CD08DE23080BDE804E02DE538E09FE538
S31580E1CF6000C0A0E10030A0E30C2060E0010052E1C6
S31580E1CF70070000AA0120DCE4232422E08220A0E14C
S31580E1CF80B2209EE1033422E00338A0E12338A0E118
S31580E1CF90F4FFFFEA0300A0E104F09DE4C44EE280E1
S31580E1CFA0030011E330402DE90B00000A000052E353
S31580E1CFB00900000AB8C09FE50130D1E4012052E2C0
S31580E1CFC0003023E0FF3003E203319CE7200423E0D5
S31580E1CFD00100000A030011E3F6FFFF1A03C002E233
S31580E1CFE0041041E22221A0E184309FE50150A0E1D5
S31580E1CFF00240A0E1000054E30F00000A04E0B5E539
S31580E1D000014044E20E0020E0FFE000E20EE193E71A
S31580E1D01020042EE0FFE000E20EE193E720042EE01B
S31580E1D020FFE000E20EE193E720042EE0FFE000E27C
S31580E1D0300EE193E720042EE0EDFFFFEA00005CE3DA
S31580E1D0400221A0E13080BD08032082E2022081E056
S31580E1D0501C109FE50130F2E501C05CE2003023E07F
S31580E1D060FF3003E2033191E7200423E0F8FFFF1A62
S31580E1D0703080BDE8D43EE28008402DE90000E0E161
S31580E1D080C6FFFFEB0000E0E10880BDE8F9FFFFEABB
S31580E1D090FF4D2DE90060A0E10170A0E10280A0E1F1
S31580E1D0A000A0A0E33CB0A0E30600A0E10710A0E168
S31580E1D0B00B20A0E1101A00EB0040A0E10150A0E1B5
S31580E1D0C0053094E10500000ADC309FE50A30D3E7BC
S31580E1D0D00C308DE5000053E30A00001A020000EAF5
S31580E1D0E00AB05BE201A08AE2EEFFFF1A00808DE5DD
S31580E1D0F00620A0E10730A0E1B0009FE543B6FFEB53
S31580E1D10010D08DE2F08DBDE800A0A0E10010A0E393
S31580E1D1100100A0E30B20A0E1FE1900EB010050E243
S31580E1D1200010C1E2060000E0071001E0013090E165
S31580E1D1300060A0030E00000A0A30A0E3906387E056
S31580E1D14001204BE2937127E00100A0E30010A0E308
S31580E1D150F01900EB0B20A0E1060090E00710A1E0BA
S31580E1D160E51900EB090050E30060A0E101A08482AB
S31580E1D1700A60408238009FE50A10A0E123B6FFEB02
S31580E1D180000056E30200000A28009FE50610A0E1B0
S31580E1D1901EB6FFEB0820A0E11C009FE50C109DE583
S31580E1D1A010D08DE2F04DBDE818B6FFEA315DE28040
S31580E1D1B004CFE28011CFE28015CFE2801ACFE28000
S31580E1D1C0F04D2DE958D04DE278509DE50340A0E140
S31580E1D1D0920503E00080A0E1400053E301A0A0E1D5
S31580E1D1E00260A0E10300009A4000A0E30210A0E102
S31580E1D1F0501900EB0050A0E1000055E30300001A4E
S31580E1D2001000A0E30610A0E14A1900EB0050A0E16E
S31580E1D2108630A0E104308DE5013083E208308DE58A
S31580E1D220000054E34900000A2C019FE50810A0E1C3
S31580E1D230F6B5FFEB040055E10570A0310470A0213D
S31580E1D2400AC0A0E100B0A0E307005BE11300000A99
S31580E1D250040056E314108DE200209C050B21810722
S31580E1D2600600000A020056E30020DC15B020DC014E
S31580E1D2708B00A001FF200212B02081010B20C11793
S31580E1D280D8009FE504109DE50CC08DE5DFB5FFEB89
S31580E1D2900CC09DE501B08BE206C08CE0E9FFFFEAB8
S31580E1D2A096070BE00BA08AE0050057E10B00002A08
S31580E1D2B00020A0E308309DE5030052E10500002A45
S31580E1D2C09C009FE50C208DE5C4B5FFEB0C209DE528
S31580E1D2D0012082E2F6FFFFEA015045E2F1FFFFEA33
S31580E1D2E014108DE27C309FE50120A0E12EC0A0E301
S31580E1D2F0020061E00B0050E10700002A0100D2E460
S31580E1D30000E0D3E797001EE30100000A800010E306
S31580E1D310F6FFFF0A01C042E5F4FFFFEA58308DE2ED
S31580E1D3200B2083E00000A0E3440042E538009FE55E
S31580E1D330B6B5FFEBD7B5FFEB0B8088E0044067E03D
S31580E1D340000050E3B5FFFF0A0000E0E3000000EAD9
S31580E1D3500400A0E158D08DE2F08DBDE8FE73E28055
S31580E1D36022CFE28066D9E2801A57E28028CFE28036
S31580E1D370F34D2DE9D040C0E10080A0E1010055E107
S31580E1D3800160A0E10070A0E30020A0330030A0336B
S31580E1D3900800003A0500A0E104108DE5E51800EBF0
S31580E1D3A004C09DE50020A0E3024054E09C0001E03A
S31580E1D3B00030A0E10150C5E001A0A0E300B0A0E308
S31580E1D3C0010056E30010D7E20110A0A30010A0B33C
S31580E1D3D0050057E1040056010010A0230110013237
S31580E1D3E0000051E30400000A066096E00770A7E0BA
S31580E1D3F00AA09AE00BB0ABE0F0FFFFEA070055E147
S31580E1D400060054010300003A064054E00750C5E0A7
S31580E1D4100A2092E00B30A3E0ABB0B0E16AA0A0E1D4
S31580E1D420A770B0E16660A0E10B109AE1F2FFFF1A06
S31580E1D4300400A0E1F020C8E108D08DE2F08DBDE8DE
S31580E1D44037402DE90350A0E104308DE218409DE597
S31580E1D45079FAFFEB000050E30030E0030300000AB5
S31580E1D46004309DE5050053E10B30E0B30030A0A325
S31580E1D470003084E50CD08DE23080BDE813402DE9A3
S31580E1D4800340A0E104308DE26BFAFFEB000050E34C
S31580E1D4900A00000A04309DE5030053E30700009A81
S31580E1D4A0002090E5223CA0E1FF0802E2023C83E114
S31580E1D4B0203483E1FF0C02E2000483E1000000EA0C
S31580E1D4C00400A0E108D08DE21080BDE813402DE98B
S31580E1D4D00340A0E104308DE257FAFFEB000050E310
S31580E1D4E00C00000A04309DE5030053E30900009A2D
S31580E1D4F0230154E10700002A042190E7223CA0E1C0
S31580E1D500FF0802E2023C83E1203483E1FF0C02E280
S31580E1D510000483E1000000EA10009DE508D08DE279
S31580E1D5201080BDE808402DE928209FE50030A0E382
S31580E1D53041FAFFEB000050E30400000A18109FE572
S31580E1D540200900EB100F6FE1A002A0E10880BDE8A1
S31580E1D5500100A0E30880BDE85D9AE280589AE28006
S31580E1D56004309FE5022193E7F6FAFFEA203EE28066
S31580E1D570F3412DE90070A0E10180A0E10250A0E134
S31580E1D5800A60A0E30840A0E10410A0E10700A0E161
S31580E1D5900520A0E18EF8FFEB003095E5010053E32D
S31580E1D5A00040A0E1F7FFFFCA0410A0E13C209FE51F
S31580E1D5B004308DE20080A0E10700A0E11EFAFFEBD6
S31580E1D5C02C109FE5FF0800EB000050E30100000A04
S31580E1D5D0016056E2EAFFFF1A003095E5010053E368
S31580E1D5E00400A0010000E01308D08DE2F081BDE8DF
S31580E1D5F05D9AE280589AE2804C2099E508402DE9CF
S31580E1D600000052E30300001A28009FE5FFB4FFEB18
S31580E1D6100000E0E30880BDE84C2099E5030012E3D1
S31580E1D620F8FFFF1A4C0099E5AEF7FFEB000050E3F7
S31580E1D630F4FFFF1A0880BDE837CFE28008402DE984
S31580E1D640ECFFFFEB0000A0E30880BDE830402DE968
S31580E1D65014D04DE220409DE500C0A0E30350A0E157
S31580E1D66010308DE204C023E500308DE50431A0E180
S31580E1D67072FFFFEB00E0A0E10C009DE5000050E3C6
S31580E1D6800030A0010B00001A040053E1090000AA52
S31580E1D69003C19EE72C1CA0E1FF280CE20C1C81E172
S31580E1D6A0221481E1FF2C0CE2022481E1032185E74A
S31580E1D6B0013083E2F3FFFFEA14D08DE23080BDE8EA
S31580E1D6C007402DE904308DE2DBF9FFEB000090E2C3
S31580E1D6D00100A0130CD08DE204F09DE470402DE9A9
S31580E1D6E00150A0E12C109FE50060A0E10240A0E19D
S31580E1D6F0F2F9FFEB001050E2040000BA0600A0E167
S31580E1D7000520A0E10430A0E17040BDE85AFFFFEAC0
S31580E1D7100400A0E17080BDE8BECFE28037402DE90C
S31580E1D7200140A0E128109FE50050A0E1E3F9FFEB7D
S31580E1D730001050E20000A0B3030000BA0500A0E1AA
S31580E1D7400420A0E104308DE2BBF9FFEB0CD08DE241
S31580E1D7503080BDE8BECFE28010009FE508402DE92C
S31580E1D7609EB4FFEB1D00E0E392C4FFEBFEFFFFEA10
S31580E1D7703BD3E280002090E5003091E5000092E520
S31580E1D780001093E58F0800EA70402DE90140A0E1A1
S31580E1D7900050A0E1000091E50260A0E1F5B5FFEB64
S31580E1D7A0040094E5F3B5FFEB0030A0E3083084E5AF
S31580E1D7B00C3084E51430A0E3930602E0001095E591
S31580E1D7C00030E0E3023081E7083095E5013043E25D
S31580E1D7D0083085E57080BDE8F0412DE90040A0E3A1
S31580E1D7E00080A0E10170A0E1046042E20450A0E182
S31580E1D7F0070055E1090000AA0410B6E5000051E3EF
S31580E1D8000400000A0800A0E16E0800EB000050E386
S31580E1D8100140A00300008605015085E2F3FFFFEA9F
S31580E1D8200400A0E1F081BDE808402DE9073D00E272
S31580E1D830400053E30700000A800053E30B00001A1F
S31580E1D8400100A0E10210A0E1370900EB000090E2BF
S31580E1D8500100A0130880BDE80100A0E10210A0E16B
S31580E1D860580800EB100F6FE1A002A0E10880BDE847
S31580E1D8700310A0E108009FE564B4FFEB0000A0E39C
S31580E1D8800880BDE865D3E280000051E30400001A18
S31580E1D8909C309FE51620A0E3002083E50100A0E10E
S31580E1D8A01EFF2FE1003091E5000053E31E00001AD0
S31580E1D8B070402DE90160A0E1014080E30350A0E3DF
S31580E1D8C0950503E0040053E10600003A0400A0E177
S31580E1D8D00510A0E1C11700EB000051E30800001A32
S31580E1D8E0024084E2F4FFFFEA0400A0E10510A0E132
S31580E1D8F0BA1700EB000051E3F3FFFF0A025085E21D
S31580E1D900EEFFFFEA0030A0E3044086E5083086E5D5
S31580E1D910010084E21410A0E3A6B7FFEB000086E5E0
S31580E1D920000090E20100A0137080BDE80000A0E352
S31580E1D9301EFF2FE15C4DE680000050E3F8402DE9C3
S31580E1D9400040A0110150A0131470A0130E00001A1C
S31580E1D95054309FE51620A0E3002083E5F880BDE8FA
S31580E1D960970503E0002094E5036082E0033092E7C7
S31580E1D970000053E3030000DA040096E57DB5FFEB92
S31580E1D980080096E57BB5FFEB015085E2043094E52E
S31580E1D990030055E1F1FFFF9A000094E575B5FFEBD1
S31580E1D9A00030A0E3003084E5F880BDE85C4DE68098
S31580E1D9B0F8452DE90140A0E10080A0E10260A0E107
S31580E1D9C00370A0E1250800EB014084E21450A0E356
S31580E1D9D0940505E000A0A0E1043097E5030054E159
S31580E1D9E01300002A003097E5052083E0053093E7B0
S31580E1D9F0000053E30B0000DA041092E50800A0E191
S31580E1DA000A20A0E1FA0700EB000050E30500001AC6
S31580E1DA10003097E50400A0E1055083E0045085E2FB
S31580E1DA20005086E5F885BDE8014084E2145085E240
S31580E1DA30E8FFFFEA10309FE50320A0E30000A0E3C2
S31580E1DA40002083E5000086E5F885BDE85C4DE6804B
S31580E1DA50F04D2DE920D04DE220C08DE20F000CE99A
S31580E1DA6010309DE504308DE50300A0E144609DE53D
S31580E1DA7048409DE514709DE5F80700EB04309DE58F
S31580E1DA8000B083E004309DE503005BE101307B1566
S31580E1DA9000028310FAFFFF1A041094E54F1700EB9A
S31580E1DAA01480A0E3003094E5000051E301A0A011C9
S31580E1DAB001A0A0039A0808E0085093E7082083E0D4
S31580E1DAC0000055E3B100000A010075E30A30A001C8
S31580E1DAD00030A0130A0055E108308DE54500001AB3
S31580E1DAE00B00A0E1041092E5B60700EB00B050E22E
S31580E1DAF04000001A40309DE5000057E3013043E2E3
S31580E1DB00133F6FE1A332A0E10030A003000053E3AD
S31580E1DB103200000A0CC094E500005CE30C00000AC8
S31580E1DB20000094E50710A0E1080080E0040080E2AF
S31580E1DB300220A0E34C309DE53CFF2FE1000050E35D
S31580E1DB40E0339F150120A0130020831500B08615D0
S31580E1DB50F000001A003094E5083083E00CC093E5CC
S31580E1DB6000005CE30A00000A04009DE50710A0E1DD
S31580E1DB700220A0E34C309DE53CFF2FE1000050E31D
S31580E1DB80A0339F151620A013002083150030A01323
S31580E1DB901000001A003094E5083083E0080093E530
S31580E1DBA0F4B4FFEB0700A0E100B094E5BE0700EB1B
S31580E1DBB0003094E508B08BE0083083E008008BE51F
S31580E1DBC0083093E5000053E30400001A54239FE5EF
S31580E1DBD00C10A0E3001082E5003086E5CD0000EA76
S31580E1DBE0003094E5010075E3088083E0048088E2F3
S31580E1DBF0008086E5C800001A041094E50A00A0E1D9
S31580E1DC00021041E2F51600EB0A80A0E1015081E2C3
S31580E1DC10050058E10430949508806580033065906D
S31580E1DC20038088900A0058E15A00000A14B0A0E304
S31580E1DC30980B0BE0003094E50B2083E00B3093E703
S31580E1DC400A0053E14C00001A04009DE5041092E5B8
S31580E1DC505C0700EB003050E20C308DE54600001A9F
S31580E1DC6040309DE5000057E3013043E2133F6FE129
S31580E1DC70A332A0E10030A003000053E33500000A9F
S31580E1DC800CC094E500005CE30C00000A000094E51A
S31580E1DC900710A0E10B0080E0040080E20220A0E30F
S31580E1DCA04C309DE53CFF2FE1000050E374329F1537
S31580E1DCB00120A013002083150C309D152200001A47
S31580E1DCC0003094E50B3083E00CC093E500005CE323
S31580E1DCD00A00000A04009DE50710A0E10220A0E306
S31580E1DCE04C309DE53CFF2FE1000050E334329F1537
S31580E1DCF01620A013002083150030A0131200001A0D
S31580E1DD00003094E50B3083E0080093E599B4FFEBAE
S31580E1DD10003094E50700A0E10B3083E00C308DE51F
S31580E1DD20610700EB0C309DE5080083E5003094E562
S31580E1DD300B3083E0083093E5000053E30500001AD9
S31580E1DD40E0219FE50C10A0E3001082E5003086E536
S31580E1DD500030A0E3060000EA003094E5010078E3B4
S31580E1DD600B3083E0043083E2003086E50830A0E1C1
S31580E1DD700100000A0350A0E1670000EA003094E563
S31580E1DD800B3093E7000053E3A0FFFF1A010000EA9E
S31580E1DD900A80A0E108508DE540309DE5010053E31E
S31580E1DDA00320A0135600001A082094E5043094E578
S31580E1DDB0030052E10100001A0C20A0E3500000EAC2
S31580E1DDC008309DE51450A0E3000053E30830A0013C
S31580E1DDD0930505E00380A0E1003094E504009DE52C
S31580E1DDE005A083E705B083E02F0700EB04008BE510
S31580E1DDF00700A0E100B094E52B0700EB05B08BE0CE
S31580E1DE0008008BE5000094E5050080E0043090E5AC
S31580E1DE10000053E3E7FFFF0A083090E5000053E393
S31580E1DE20E4FFFF0A083094E5040080E2013083E2F2
S31580E1DE30083084E5D3B7FFEB000094E5050080E088
S31580E1DE40040080E2A8B9FFEB0CC094E500005CE336
S31580E1DE501100000A000094E50710A0E1050080E0CA
S31580E1DE60040080E20020A0E34C309DE53CFF2FE1F9
S31580E1DE70000050E30800000A001094E50820A0E1C4
S31580E1DE80051081E00400A0E1041081E23DFEFFEB94
S31580E1DE9090309FE540209DE51A0000EA003094E548
S31580E1DEA0053083E00CC093E500005CE30E00000AD8
S31580E1DEB004009DE50710A0E10020A0E34C309DE53C
S31580E1DEC03CFF2FE1000050E30700000A001094E5D3
S31580E1DED00820A0E1051081E00400A0E1041081E2C0
S31580E1DEE028FEFFEB1620A0E3050000EA001094E58A
S31580E1DEF0055081E0045085E2005086E50150A0E3BB
S31580E1DF00050000EA1C309FE50050A0E3002083E590
S31580E1DF10005086E5000000EA0050A0E30500A0E19C
S31580E1DF2020D08DE2F08DBDE85C4DE680F0412DE9B3
S31580E1DF3028D04DE20150A0E114308DE228008DE930
S31580E1DF400040A0E328308DE218008DE500408DE5A4
S31580E1DF500C408DE50080A0E10270A0E10F0013E99D
S31580E1DF60BAFEFFEB006050E20320A0031800000A2E
S31580E1DF700CC095E500005CE30700000A0120A0E300
S31580E1DF8014009DE50410A0E10730A0E13CFF2FE1FC
S31580E1DF90000050E30120A0130D00001A003095E542
S31580E1DFA01410A0E3963121E00CC091E500005CE31A
S31580E1DFB00B00000A0800A0E10010A0E30120A0E325
S31580E1DFC00730A0E13CFF2FE1000050E30400000AA6
S31580E1DFD01620A0E324309FE50000A0E3002083E53E
S31580E1DFE0040000EA0500A0E114109DE50620A0E109
S31580E1DFF0E4FDFFEB0100A0E328D08DE2F081BDE8EE
S31580E1E0005C4DE680F04D2DE91CB08DE220D04DE2ED
S31580E1E0100260A0E1042090E5000053E30221A0E143
S31580E1E0200A2082E20720C2E302D04DE00080A0E12F
S31580E1E03020100BE504409BE528D00BE52C300BE561
S31580E1E0401620A0036F00000A0050A0E3103006E21C
S31580E1E05001A0A0E324500BE534300BE5043098E5CC
S31580E1E06003005AE15800008A1420A0E39A0202E0F4
S31580E1E070001098E5027081E0022091E7000052E30A
S31580E1E080203006C201C0A0C330300BC54C0000DA97
S31580E1E09008309BE503005CE11C0000AA34301BE5F7
S31580E1E0A0000053E30300001A30301BE5000053E320
S31580E1E0B01400000A0A0000EA0C309BE50600A0E1A4
S31580E1E0C00C2193E7041097E538C00BE5D5FDFFEB0E
S31580E1E0D038C01BE5000050E3F2FFFF0A0120A0E310
S31580E1E0E00B0000EA0C309BE50600A0E10C2193E7EA
S31580E1E0F0081097E538C00BE5CAFDFFEB38C01BE594
S31580E1E100000050E3F4FFFF1A01C08CE2DFFFFFEA73
S31580E1E1100020A0E308309BE5012022E2000053E3E2
S31580E1E1200020A0D3012002C2000052E32400001A9D
S31580E1E130080016E30300000A042097E50020D2E5F3
S31580E1E1402E0052E31E00000A013085E230300BE5F5
S31580E1E15028301BE5042087E2052183E7040097E563
S31580E1E1603E0600EB24301BE5025083E220301BE5BE
S31580E1E170000053E30830971501304312005085E0E3
S31580E1E1800300001A080097E5340600EB005085E0AD
S31580E1E190080000EA0120F3E5000052E30500000AE9
S31580E1E1A020101BE55C0052E30100521101508512FB
S31580E1E1B002508502F6FFFFEA023085E230501BE528
S31580E1E1C024300BE501A08AE2A3FFFFEA0420A0E365
S31580E1E1D030319FE528001BE50510A0E1B10500EB94
S31580E1E1E024301BE5000054E3012083E20900000AA4
S31580E1E1F0020054E10800002A0C019FE50410A0E129
S31580E1E20002B2FFEB0C20A0E300319FE50000E0E3E2
S31580E1E210002083E5390000EA0240A0E12C301BE5CD
S31580E1E220006093E5000056E30800000A0600A0E1DD
S31580E1E2300010A0E30420A0E16B0600EB28201BE59B
S31580E1E2400000A0E33DC0A0E35CE0A0E30B0000EAB0
S31580E1E2500100A0E30410A0E156B5FFEB2C301BE5ED
S31580E1E260000050E30060A0E1000083E5F2FFFF1AC1
S31580E1E270E3FFFFEA20105BE5010080E20010C3E5E1
S31580E1E280050050E11A00000A003092E50280A0E123
S31580E1E290001093E5011041E201A0F1E5013086E24B
S31580E1E2A000005AE30360A01101A04315F9FFFF1AAC
S31580E1E2B000C0C6E5001098E5042082E2048091E57D
S31580E1E2C00010D8E5016083E2000051E3E8FFFF0A30
S31580E1E2D020701BE55C0051E30700511100E0C305A6
S31580E1E2E00630A0010110D8E40010C3E5013083E2D5
S31580E1E2F0F2FFFFEA0030A0E30400A0E10030C6E5CA
S31580E1E3001CD04BE2F08DBDE874D7E18091D3E280F9
S31580E1E3105C4DE680F04D2DE91CB08DE238D04DE2C2
S31580E1E32008709BE5000050E30741A0E10AC084E262
S31580E1E33007C0CCE30CD04DE010C08DE238C00BE5D0
S31580E1E3408500000A0080A0E10200A0E13C100BE517
S31580E1E3500360A0E10250A0E193B3FFEB3C101BE523
S31580E1E36000A050E2E4329F050C20A0030020830543
S31580E1E3700A40A001B200000A0520A0E1310600EBC7
S31580E1E380000057E30300000A38001BE50C109BE50B
S31580E1E3900420A0E12B0600EB04309BE5010013E3AA
S31580E1E3A00400001A003098E5000053E30100000AFA
S31580E1E3B00800A0E15FFDFFEB003098E5000053E344
S31580E1E3C00300000A05308AE00A40A0E13C300BE513
S31580E1E3D0190000EAA501A0E1400080E2020C50E3C9
S31580E1E3E0020CA0230810A0E126FDFFEB004050E2DD
S31580E1E3F0F3FFFF1A0A00A0E1DEB2FFEB900000EA2C
S31580E1E400230053E30400A0111100001A0130D4E483
S31580E1E410000053E306005311FBFFFF1A0450A0E10D
S31580E1E4203C301BE5030055E17000002A0030D5E55C
S31580E1E430000053E36D00000A0540A0E10030D4E519
S31580E1E440200053E309005313ECFFFF1A015084E2E5
S31580E1E450F8FFFFEA0030A0E10120D0E4000052E3BA
S31580E1E4603D0052130110A0130010A003060052E1F3
S31580E1E4700010A00301100112000051E3F4FFFF1A1E
S31580E1E480000052E30300A0E10B00000A0110D3E58E
S31580E1E490000051E30400000A060052E10600511132
S31580E1E4A00110A0030010A0131400001A3D0052E3EE
S31580E1E4B00020A003013083020020C0050020A0E3F4
S31580E1E4C0020057E1015083E20020C3E50400001A0F
S31580E1E4D00400A0E10810A0E104209BE592FEFFEB99
S31580E1E4E0CEFFFFEA0400A0E10710A0E138201BE59A
S31580E1E4F0B8FCFFEB000050E3C8FFFF0AF3FFFFEA39
S31580E1E50001C083E20010C3E50C30A0E10C10A0E16C
S31580E1E5100350A0E10120D5E4000052E30600521148
S31580E1E5200100A0130000A0030700000A5C0052E38B
S31580E1E5300200001A0120D3E5000052E30530A01164
S31580E1E5400120D3E40120C1E4F0FFFFEA0000C1E548
S31580E1E5500000D4E5000050E30400001AEC309FE5AA
S31580E1E5601620A0E3002083E50040A0E1340000EA24
S31580E1E570000057E31400001A0130A0E300308DE576
S31580E1E58030304BE208018DE904309BE50C308DE5B6
S31580E1E5901C304BE228C00BE52C400BE50F0013E95C
S31580E1E5A040C00BE529FDFFEB30301BE540C01BE5A4
S31580E1E5B0000053E399FFFF1A0410A0E10C20A0E1CB
S31580E1E5C08C009FE511B1FFEB94FFFFEA0400A0E127
S31580E1E5D00710A0E138201BE540C00BE57DFCFFEB91
S31580E1E5E040C01BE5000050E38CFFFF0AE1FFFFEA34
S31580E1E5F00A00A0E15FB2FFEB38301BE50050A0E3F3
S31580E1E600044043E2070055E10C0000AA0400B4E5AA
S31580E1E610000050E30700000A0810A0E104209BE512
S31580E1E62041FEFFEB001094E5000050E324009F05D6
S31580E1E63024009F15F5B0FFEB015085E2F0FFFFEA7C
S31580E1E6400140A0E30400A0E11CD04BE2F08DBDE8DF
S31580E1E6505C4DE680C1D3E280F2D3E28029D4E280C8
S31580E1E660F8402DE90050A0E10160A0E10140A0E37E
S31580E1E6701470A0E3043095E5030054E10B00008AB1
S31580E1E680970403E0002095E5030082E0033092E7FA
S31580E1E690000053E3030000DA040080E236FF2FE155
S31580E1E6A0000050E3F880BD18014084E2F0FFFFEA04
S31580E1E6B00000A0E3F880BDE81C109FE50030A0E1F2
S31580E1E6C00300A0E10020D0E5013083E20220D1E71A
S31580E1E6D0200012E3F9FFFF1A1EFF2FE11A57E280AD
S31580E1E6E010402DE9F3FFFFEB0040A0E1DB0400EBF6
S31580E1E6F0000050E30E00000A013040E238009FE559
S31580E1E700033084E0040053E10320A0E10200002A03
S31580E1E7100030A0E30130C2E5050000EA0010D2E551
S31580E1E720013043E20110D0E7200011E3F4FFFF1A44
S31580E1E730F6FFFFEA0400A0E11080BDE81A57E28007
S31580E1E740F34D2DE9005090E5010055E30500001AEF
S31580E1E7500C3090E5000053E3081080050C2080051D
S31580E1E7600300A0015C00000A0070A0E105C0A0E101
S31580E1E77000E0A0E3026081E005005EE11000000AAE
S31580E1E780084097E50C3097E5020053E1010054011A
S31580E1E7903600000A060054E13800000A044083E0AE
S31580E1E7A0040051E1087087E201408EE284418000F5
S31580E1E7B002308300043084053600000A04E0A0E1DB
S31580E1E7C0ECFFFFEA0030A0E3014045E204005EE1B0
S31580E1E7D00E00002A8EE180E001808CE208A09EE5B1
S31580E1E7E08CC180E00CB09EE514609CE510709CE5E0
S31580E1E7F004608DE50A608BE0060057E12800000A97
S31580E1E80004609DE5077086E007005AE12400000A6E
S31580E1E810000053E30100A0132F00001A070055E31F
S31580E1E820853180901300008A010074E30900000AB3
S31580E1E83008C013E40C0051E110C083350CC0933558
S31580E1E84014C0833501404432F6FFFF3A844180E0CB
S31580E1E850101084E5142084E5083090E5015085E2C6
S31580E1E860030051E1081080350C208035005080E5A9
S31580E1E8700000A0E3180000EA0000E0E3160000EAE9
S31580E1E8808E3180E00CC093E5066062E002C08CE0E8
S31580E1E890086083E50CC083E50EC0A0E10130A0E30A
S31580E1E8A0C8FFFFEA04209DE50B6082E00C608EE5FF
S31580E1E8B0040058E108C08CE20500002A10209CE59E
S31580E1E8C008208CE514209CE5018088E20C208CE50B
S31580E1E8D0F6FFFFEA004080E5010083E208D08DE2A1
S31580E1E8E0F08DBDE80030A0E30120A0E3083080E5AB
S31580E1E8F00C3080E50C0080E8583080E55C3080E5BE
S31580E1E900502080E5543080E51EFF2FE18BFFFFEA42
S31580E1E910F0412DE90030A0E3505090E501E0A0E11F
S31580E1E9200070A0E1021081E00340A0E103C0A0E114
S31580E1E930050053E10360A0E10700000A58C097E5AE
S31580E1E9405C4097E5087087E204408CE0040051E181
S31580E1E9500E005C9101308382F4FFFF8A050053E16A
S31580E1E9602900000A0CC06EE0047061E01CCF6FE103
S31580E1E970177F6FE1ACC2A0E1A772A0E10C8017E03E
S31580E1E9808331A0E103308010012045120B00000A9B
S31580E1E990020056E1083083E20500002A581093E52B
S31580E1E9A0501083E55C1093E5016086E2541083E5BF
S31580E1E9B0F6FFFFEA502080E50000A0E3F081BDE8A4
S31580E1E9C000005CE303308010581083150200001AC2
S31580E1E9D0000057E30400000A033080E05C1093E511
S31580E1E9E0012062E05C2083E5F2FFFFEA03C080E07C
S31580E1E9F058309CE5042061E00EE063E05CE08CE564
S31580E1EA00500080E2F041BDE84CFFFFEA0000E0E320
S31580E1EA10F081BDE8500080E248FFFFEA10402DE931
S31580E1EA2000E090E50030A0E3022081E00E0053E1B2
S31580E1EA300D00000A084090E50CC090E50CC084E02A
S31580E1EA400C0051E10500002A020054E10300002A8E
S31580E1EA500E0053E10300A0310000E0231080BDE801
S31580E1EA60013083E2080080E2EFFFFFEA0000E0E3A5
S31580E1EA701080BDE8FF4D2DE9005090E50270A0E1E0
S31580E1EA8001B045E2502080E20080A0E10160A0E192
S31580E1EA90855180E000C067E204208DE500005BE3FC
S31580E1EAA02E0000BA044095E500A095E5060054E104
S31580E1EAB02C00003A000053E304408A000A00000A71
S31580E1EAC00A4084E0030054E1044066900340668096
S31580E1EAD003005AE10500003A220000EA0B0080E2D9
S31580E1EAE0804198E7060054E11E00003A044066E062
S31580E1EAF00C4004E004005AE10020A0830120A093A9
S31580E1EB00000054E30020A003000052E31500000A50
S31580E1EB1004009DE50410A0E10620A0E10CC08DE58E
S31580E1EB2008308DE5BCFFFFEB08309DE50CC09DE527
S31580E1EB30000050E3E8FFFFAA012047E2066082E099
S31580E1EB40002067E204009DE50410A0E1062002E0D2
S31580E1EB50FAFEFFEB000050E30400A0A1040000AA46
S31580E1EB600000A0E3020000EA01B04BE2085045E272
S31580E1EB70C9FFFFEA10D08DE2F08DBDE870402DE946
S31580E1EB800160A0E10350A0E1B9FFFFEB004050E254
S31580E1EB900300001A10009FE50610A0E10520A0E120
S31580E1EBA09AAFFFEB0400A0E17080BDE85AD4E28021
S31580E1EBB00030A0E3F0FFFFEA1EFF2FE1040040E210
S31580E1EBC004E02DE50430D0E50520D0E507E0D0E589
S31580E1EBD0022483E10630D0E5011051E20E3483E16F
S31580E1EBE0033882E10430A0E5F5FFFF1A04F09DE4E5
S31580E1EBF0F04D2DE928399FE500A091E5002090E5CB
S31580E1EC0003308AE008C090E5023083E00C2090E58D
S31580E1EC10045090E50C2022E00CC090E5052002E04E
S31580E1EC200C2022E0023083E0F8C89FE5042091E5DC
S31580E1EC3030D04DE200208DE50CC082E00C2090E5DD
S31580E1EC40E33C85E002C08CE0082090E508E090E5B1
S31580E1EC50052022E0032002E00E2022E002C08CE0C3
S31580E1EC60082091E504208DE504E09DE5B8289FE53F
S31580E1EC706CCA83E002208EE008E090E5AC489FE52F
S31580E1EC800E2082E005E023E00CE00EE005E02EE0D8
S31580E1EC900EE082E00C2091E5EEE78CE008208DE540
S31580E1ECA0044082E003202CE00E2002E0054084E06F
S31580E1ECB0032022E0022084E0104091E50C408DE5BE
S31580E1ECC00C609DE568489FE562258EE0044086E01C
S31580E1ECD0033084E00C402EE0024004E00C4024E066
S31580E1ECE0043083E0144091E510408DE510609DE5A8
S31580E1ECF040489FE5E33C82E0044086E00CC084E046
S31580E1ED000E4022E0034004E00E4024E004C08CE0A3
S31580E1ED10184091E514408DE514609DE518489FE51E
S31580E1ED206CCA83E0044086E00EE084E0024023E0A2
S31580E1ED300C4004E0024024E01C8091E504E08EE092
S31580E1ED40F8479FE5EEE78CE0044088E0022084E026
S31580E1ED5003402CE00E4004E0034024E0042082E0FE
S31580E1ED60204091E518408DE518609DE5D0479FE507
S31580E1ED7062258EE0044086E0033084E00C402EE09C
S31580E1ED80024004E00C4024E0043083E0244091E535
S31580E1ED901C408DE51C609DE5A8479FE5E33C82E04C
S31580E1EDA0044086E00CC084E00E4022E0034004E0AB
S31580E1EDB00E4024E004C08CE0284091E520408DE5BA
S31580E1EDC0294B44E24F4044E26CCA83E00EE084E0A2
S31580E1EDD0024023E00C4004E0024024E004E08EE0BF
S31580E1EDE02C4091E524408DE524609DE558479FE5DB
S31580E1EDF0EEE78CE0044086E0022084E003402CE0EC
S31580E1EE000E4004E0034024E0306091E5042082E096
S31580E1EE1038479FE562258EE0044086E0033084E052
S31580E1EE200C402EE0024004E00C4024E0043083E014
S31580E1EE30344091E528408DE528709DE510479FE5B2
S31580E1EE40E33C82E0044087E00CC084E00E4022E0AF
S31580E1EE50034004E00E4024E0387091E504C08CE084
S31580E1EE60F0469FE56CCA83E0044087E00EE084E0EB
S31580E1EE70024023E00C4004E0024024E004E08EE01E
S31580E1EE803C4091E5D0169FE5EEE78CE0011084E009
S31580E1EE90022081E003102CE00E1001E0031021E056
S31580E1EEA000B09DE5012082E0B0169FE562258EE007
S31580E1EEB001108BE0033081E00E1022E00C1001E0BE
S31580E1EEC00E1021E014B09DE5013083E090169FE5B8
S31580E1EED0E33D82E001108BE00CC081E0021023E08B
S31580E1EEE00E1001E0021021E024B09DE501C08CE026
S31580E1EEF070169FE5ECCB83E001108BE00EE081E0BC
S31580E1EF0003102CE0021001E0031021E001108EE0F5
S31580E1EF1054E69FE561198CE00EE08AE002208EE0FE
S31580E1EF200CE021E003E00EE00CE02EE010B09DE580
S31580E1EF300E2082E034E69FE5622681E00EE08BE0FA
S31580E1EF4003308EE001E022E00CE00EE001E02EE00D
S31580E1EF5020B09DE50E3083E014E69FE5E33D82E057
S31580E1EF600EE08BE00CC08EE002E023E001E00EE0F3
S31580E1EF7002E02EE00EC08CE0F8E59FE5ECCB83E085
S31580E1EF800EE084E001108EE003E02CE002E00EE08A
S31580E1EF9003E02EE00CB09DE50E1081E0D8E59FE51B
S31580E1EFA061198CE00EE08BE002208EE00CE021E03E
S31580E1EFB003E00EE00CE02EE01CB09DE50E2082E041
S31580E1EFC0B8E59FE5622681E00EE08BE003308EE0D6
S31580E1EFD001E022E00CE00EE001E02EE00E3083E07D
S31580E1EFE09CE59FE5E33D82E00EE087E00CC08EE0A4
S31580E1EFF002E023E001E00EE002E02EE008B09DE5CC
S31580E1F0000EC08CE07CE59FE5ECCB83E00EE08BE007
S31580E1F01001108EE003E02CE002E00EE003E02EE05A
S31580E1F02018B09DE50E1081E05CE59FE561198CE005
S31580E1F0300EE08BE002208EE00CE021E003E00EE0C2
S31580E1F0400CE02EE028B09DE50E2082E03CE59FE5D0
S31580E1F050622681E00EE08BE003308EE001E022E083
S31580E1F0600CE00EE001E02EE004B09DE50E3083E099
S31580E1F0701CE59FE5E33D82E00EE08BE00CC08EE08F
S31580E1F08002E023E001E00EE002E02EE00EC08CE03B
S31580E1F09000E59FE5ECCB83E00EE088E001108EE0B1
S31580E1F0A003E02CE002E00EE003E02EE00E1081E0CA
S31580E1F0B061E98CE00C102EE02C108DE5D8149FE5EB
S31580E1F0C010B09DE5011086E0022081E02C109DE5DF
S31580E1F0D0031001E00C1021E0012082E0BC149FE5E1
S31580E1F0E062268EE001108BE02CB09DE5033081E055
S31580E1F0F002B02BE00B3083E0A4149FE518B09DE5C8
S31580E1F100633E82E001108BE00CC081E00E1022E0CC
S31580E1F110031021E024B09DE501C08CE084149FE5D5
S31580E1F120ECCA83E001108BE00EE081E0021023E07F
S31580E1F1300C1021E001E08EE06C149FE56EE88CE036
S31580E1F140011087E0022081E003102CE00E1021E01F
S31580E1F150012082E054B49FE500109DE5E2248EE033
S31580E1F1600BB081E00C102EE0021021E003308BE041
S31580E1F170013083E00CB09DE534149FE5633E82E087
S31580E1F18001108BE00CC081E00E1022E0031021E03B
S31580E1F19001C08CE0EC1A83E018C49FE520B09DE5C0
S31580E1F1A00CC088E00EE08CE002C023E001C02CE0D8
S31580E1F1B00CE08EE06EC881E0FCE39FE50EE08BE03B
S31580E1F1C002208EE003E021E00CE02EE00E2082E0DA
S31580E1F1D0E2E48CE028B09DE5E0239FE502208BE028
S31580E1F1E0033082E001202CE00E2022E0023083E031
S31580E1F1F0CC239FE5633E8EE002208AE0011082E027
S31580E1F2000C202EE0032022E008B09DE5021081E08B
S31580E1F210B0239FE5E11A83E002208BE00CC082E017
S31580E1F2200E2023E0012022E014B09DE502C08CE0AF
S31580E1F23094239FE56CC881E002208BE00EE082E0BA
S31580E1F240032021E00C2022E01CB09DE502E08EE067
S31580E1F25078239FE5EEE48CE002208BE0033082E0C8
S31580E1F26001202CE00E2022E0023083E0632E8EE046
S31580E1F2705C339FE504B09DE5033086E0011083E0D1
S31580E1F2800C302EE0023023E0031081E044339FE529
S31580E1F290E11A82E0033084E00CC083E00E3022E0A4
S31580E1F2A0013023E003C08CE02C339FE56CC881E01C
S31580E1F2B003308BE00EE083E0023021E00C3023E086
S31580E1F2C003E08EE014339FE5EEE48CE003308AE0E0
S31580E1F2D0023083E00120E0E102208EE100A39FE598
S31580E1F2E00C2022E00AA088E0023083E0633D8EE0D4
S31580E1F2F001108AE00CA0E0E10AA083E1E4229FE527
S31580E1F3000EA02AE0022087E00A1081E0611B83E0FB
S31580E1F3100CC082E00E20E0E1022081E1032022E0C0
S31580E1F32002C08CE0C0729FE510209DE5ECC881E0CB
S31580E1F330077082E00EE087E00370E0E107708CE120
S31580E1F340A8229FE5017027E0022086E007E08EE0B3
S31580E1F350EEE58CE0033082E00120E0E102208EE1FF
S31580E1F3600C2022E0023083E084A29FE508209DE51F
S31580E1F370633D8EE00AA082E001108AE00CA0E0E124
S31580E1F38020609DE50AA083E168229FE50EA02AE040
S31580E1F390022086E00A1081E0611B83E00CC082E0F6
S31580E1F3A00E20E0E1022081E1032022E002C08CE030
S31580E1F3B044729FE500209DE5ECC881E0077082E01C
S31580E1F3C00EE087E00370E0E107708CE118609DE56F
S31580E1F3D028229FE5017027E0022086E007E08EE0A3
S31580E1F3E0EEE58CE0033082E00120E0E102208EE16F
S31580E1F3F00CA29FE50C2022E00AA084E0023083E0A3
S31580E1F400633D8EE001108AE00CA0E0E114409DE5C9
S31580E1F4100AA083E1EC219FE50EA02AE0022084E0A8
S31580E1F4200A1081E0611B83E00CC082E00E20E0E1FE
S31580E1F430022081E1032022E002C08CE0C8719FE5D1
S31580E1F44028209DE5ECC881E0077082E00EE087E048
S31580E1F4500370E0E107708CE1017027E00C409DE5E7
S31580E1F460A8219FE507E08EE0EEE58CE0022084E0CE
S31580E1F4700140E0E104408EE10C4024E0033082E08B
S31580E1F4808CA19FE524209DE5043083E0633D8EE0F9
S31580E1F4900AA082E00C20E0E1022083E10E2022E056
S31580E1F4A001108AE0021081E068219FE5611B83E01B
S31580E1F4B002208BE00C2082E00EC0E0E10CC081E10D
S31580E1F4C003C02CE00CC082E04C719FE51C209DE5D9
S31580E1F4D0ECC881E0077082E00E7087E0002090E55D
S31580E1F4E003E0E0E10EE08CE1023083E001E02EE032
S31580E1F4F00EE087E0003080E505308CE0EEE583E0E4
S31580E1F500083090E504E080E503C08CE00C3090E5BE
S31580E1F51008C080E5031081E00C1080E530D08DE2F3
S31580E1F520F08DBDE878A46AD756B7C7E8DB702024AA
S31580E1F530EECEBDC1AF0F7CF52AC68747134630A80C
S31580E1F540019546FDD8988069AFF7448BBED75C8933
S31580E1F5502211906B937198FD8E4379A62108B44967
S31580E1F56062251EF640B340C0515A5E26AAC7B6E967
S31580E1F5705D102FD65314440281E6A1D8C8FBD3E7A8
S31580E1F580E6CDE121D60737C3870DD5F4ED145A458B
S31580E1F59005E9E3A9F8A3EFFCD9026F678A4C2A8DC6
S31580E1F5A04239FAFF81F6718722619D6D0C38E5FD5E
S31580E1F5B044EABEA4A9CFDE4B604BBBF670BCBFBEAE
S31580E1F5C0C67E9B28FA27A1EA8530EFD4051D8804FB
S31580E1F5D039D0D4D9E599DBE6F87CA21F6556ACC46F
S31580E1F5E0442229F497FF2A43A72394AB39A093FCBD
S31580E1F5F0C3595B6592CC0C8F7DF4EFFFD15D848539
S31580E1F6004F7EA86FE0E62CFE144301A3A111084EBC
S31580E1F610827E53F735F23ABDBBD2D72A91D386EBB8
S31580E1F620F0412DE9104090E50050A0E1823184E07F
S31580E1F630040053E1103080E514309035A441A0E117
S31580E1F6400130833214308035143090E53F4014E246
S31580E1F650A23E83E00170A0E10260A0E1143080E582
S31580E1F6600F00000A180084E2404064E2040052E19F
S31580E1F670000085E01F00003A0420A0E1188085E2C1
S31580E1F6808B0100EB0800A0E11010A0E34AFDFFEB3F
S31580E1F6900500A0E10810A0E154FDFFEB047087E0CE
S31580E1F6A0066064E00680A0E1184085E2061068E025
S31580E1F6B03F0058E3011087E00A00009A4020A0E36A
S31580E1F6C00400A0E17A0100EB0400A0E11010A0E3C0
S31580E1F6D039FDFFEB0500A0E10410A0E143FDFFEB5E
S31580E1F6E0408048E2F0FFFFEA3F10C6E30400A0E174
S31580E1F6F0011087E03F2006E2F041BDE86C0100EAB7
S31580E1F700103091E570402DE9A331A0E13F3003E26D
S31580E1F7100140A0E1032084E00060A0E17F00E0E316
S31580E1F7201800C2E5031081E03F2063E2191081E20F
S31580E1F730070052E30100A0E1185084E20010A0E343
S31580E1F740372063820900008A270100EB0500A0E1EA
S31580E1F7501010A0E318FDFFEB0400A0E10510A0E185
S31580E1F76022FDFFEB0500A0E10010A0E33820A0E335
S31580E1F7701D0100EB0500A0E10E10A0E30EFDFFEBFD
S31580E1F780103094E5503084E5143094E5543084E5C6
S31580E1F7900400A0E10510A0E114FDFFEB0400A0E167
S31580E1F7A00410A0E304FDFFEB0410A0E10600A0E154
S31580E1F7B01020A0E33E0100EB0400A0E10010A0E3ED
S31580E1F7C05820A0E37040BDE8070100EA10402DE92A
S31580E1F7D001C0A0E100E0A0E10240A0E140009FE598
S31580E1F7E040109FE540209FE540309FE558D04DE2AF
S31580E1F7F00F008DE80030A0E30E10A0E10D00A0E13E
S31580E1F8000C20A0E110308DE514308DE583FFFFEB10
S31580E1F8100400A0E10D10A0E1B8FFFFEB58D08DE226
S31580E1F8201080BDE80123456789ABCDEFFEDCBA9850
S31580E1F8307654321073402DE9004050E20400A00175
S31580E1F8401600000A0460A0E30050A0E3000054E241
S31580E1F8500200000A04108DE20A20A0E3390400EBDD
S31580E1F860FF0000E2000054E3055480E10300000A52
S31580E1F87004409DE50030D4E5000053E30140841265
S31580E1F880016056E2F0FFFF1A053CA0E1FF0C05E2BC
S31580E1F890253C83E1003483E1FF0805E2200483E12E
S31580E1F8A008D08DE27080BDE8000052E3010051137B
S31580E1F8B01EFF2F91F34D2DE901A0A0E10060A0E1AB
S31580E1F8C0010041E20310A0E30280A0E10370A0E120
S31580E1F8D0980F00EB0040A0E3844084E0014084E29D
S31580E1F8E0000054E1FBFFFF3A980404E0980A0AE03D
S31580E1F8F00430A0E10350A0E1052064E002B086E097
S31580E1F900055086E00B00A0E10510A0E104308DE50D
S31580E1F91000208DE537FF2FE10C009DE8000050E3E4
S31580E1F920030000CA083083E00A0053E1F0FFFF3AA2
S31580E1F9300B0000EA081082E0011086E000C0D5E500
S31580E1F9400000DBE501C0CBE401005BE10100C5E439
S31580E1F950F9FFFF1A040052E10250A0E1E5FFFF2A18
S31580E1F960EFFFFFEA040068E00310A0E3710F00EB0C
S31580E1F970004050E2DDFFFF1A08D08DE2F08DBDE850
S31580E1F980000090E5001091E50E0000EA012040E2DA
S31580E1F9900130D1E40130E2E5000053E3FBFFFF1AD9
S31580E1F9A01EFF2FE101C040E2022081E0020051E129
S31580E1F9B01EFF2F010130D1E40130ECE5000053E375
S31580E1F9C0F9FFFF1A1EFF2FE1010040E20120F0E579
S31580E1F9D00130D1E4023063E0FF3013E20100001A26
S31580E1F9E0000052E3F8FFFF1A030CA0E1400CA0E10E
S31580E1F9F01EFF2FE1010040E2022081E0020051E199
S31580E1FA000700000A01C0F0E50130D1E40C3063E083
S31580E1FA10FF3013E20300001A00005CE3F6FFFF1AF1
S31580E1FA20000000EA0030A0E3030CA0E1400CA0E175
S31580E1FA301EFF2FE1FF1001E20020A0E10130D0E4BA
S31580E1FA40010053E10300000A000053E3F9FFFF1AC6
S31580E1FA500300A0E11EFF2FE10200A0E11EFF2FE1DE
S31580E1FA600030A0E10320A0E10010D2E5013083E27D
S31580E1FA70000051E3FAFFFF1A020060E01EFF2FE16A
S31580E1FA800020A0E1011080E0010052E10230A0E116
S31580E1FA900300000A00C0D3E5012082E200005CE3B6
S31580E1FAA0F8FFFF1A030060E01EFF2FE1001050E22D
S31580E1FAB00900000A38402DE90150A0E1E7FFFFEB9C
S31580E1FAC0010080E2B8ADFFEB004050E20400000A9D
S31580E1FAD00510A0E1ACFFFFEB010000EA0100A0E127
S31580E1FAE01EFF2FE10400A0E13880BDE80030A0E1EF
S31580E1FAF010402DE9034060E001C0D3E400005CE3FF
S31580E1FB000600000A012041E201E0F2E500005EE341
S31580E1FB100200000A0E005CE1FAFFFF1AF4FFFFEA39
S31580E1FB200400A0E11080BDE804E02DE500E0A0E15D
S31580E1FB300130D0E4000053E30700000A012041E2EE
S31580E1FB4001C0F2E500005CE3F7FFFF0A0C0053E138
S31580E1FB50FAFFFF1A0E00A0E104F09DE40300A0E1A4
S31580E1FB6004F09DE4F8402DE9004050E20170A0E107
S31580E1FB7070509FE50200001A004095E5000054E3CD
S31580E1FB801600000A0400A0E10710A0E1D6FFFFEB12
S31580E1FB900030D4E7006084E0000053E30200001AFD
S31580E1FBA0003085E50300A0E1F880BDE80600A0E12C
S31580E1FBB00710A0E1DBFFFFEB000050E30400000A41
S31580E1FBC00020D0E5000052E30020A0130020C015FC
S31580E1FBD001008012000085E50600A0E1F880BDE81D
S31580E1FBE00400A0E1F880BDE8604DE680033010E2D4
S31580E1FBF004E02DE50030A0110D00001A05C0A0E358
S31580E1FC00FFE001E201C05CE203348E11FCFFFF1AE2
S31580E1FC1000E0A0E102C06EE00CC080E003005CE39E
S31580E1FC2004308E84FAFFFF8A0330C2E3033080E03A
S31580E1FC30032002E2022083E0020053E10110C314B3
S31580E1FC40FCFFFF1A04F09DE4000051E11EFF2F0145
S31580E1FC50013080E1030013E304E02DE501C0A0015A
S31580E1FC6004E040020A00001A02306CE0033081E0D1
S31580E1FC70030053E304309C840430AE85F9FFFF8AA8
S31580E1FC8003C0C2E30C3080E00C1081E0032002E285
S31580E1FC90000000EA0030A0E1013043E2022081E089
S31580E1FCA0020051E101C0D11401C0E315FBFFFF1A47
S31580E1FCB004F09DE4000051E11EFF2F01010050E1B7
S31580E1FCC0023081E0012040920400008A030051E184
S31580E1FCD001C0D11401C0E215FBFFFF1A1EFF2FE11F
S31580E1FCE0021080E0022063E0020073E101C0731537
S31580E1FCF001C06115FBFFFF1A1EFF2FE101C040E243
S31580E1FD00022081E0020051E10500000A0130FCE5B4
S31580E1FD100000D1E5000053E01EFF2F11011081E2C2
S31580E1FD20F7FFFFEA0000A0E31EFF2FE1F8452DE98A
S31580E1FD300060A0E10100A0E101A0A0E147FFFFEBA7
S31580E1FD40007050E20600A0E11100000A43FFFFEBDC
S31580E1FD500080A0E10050A0E1084065E0070055E1A0
S31580E1FD60044086E0080000BA0400A0E10A10A0E1A0
S31580E1FD700720A0E1E0FFFFEB015045E2000050E300
S31580E1FD80F4FFFF1A0400A0E1F885BDE80000A0E3D6
S31580E1FD90F885BDE8F885BDE8022080E0FF1001E244
S31580E1FDA0020050E10500000A0030A0E101C0D3E481
S31580E1FDB001005CE11EFF2F010300A0E1F7FFFFEAEE
S31580E1FDC00000A0E31EFF2FE170402DE920609FE552
S31580E1FDD00040A0E1060054E10450A0310650A02184
S31580E1FDE00500A0E1B381FFEB054054E0F8FFFF1A7F
S31580E1FDF07080BDE88096980010402DE90040A0E132
S31580E1FE00000054E30300000AFA0FA0E3EDFFFFEBE5
S31580E1FE10014044E2F9FFFFEA1080BDE870402DE938
S31580E1FE202122A0E12154A0E10F2002E20F5005E258
S31580E1FE302146A0E1053082E004E083E006C0A0E34C
S31580E1FE400F3001E29C3E23E0CDC0A0E39C0306E0B7
S31580E1FE500AE0A0E3A665A0E19E0601E0033061E049
S31580E1FE60841184E0021081E0052185E0022081E0B1
S31580E1FE70303083E2062092E00030C0E50130800236
S31580E1FE801E00000A9C0203E0A335A0E19E0301E087
S31580E1FE90022061E0851083E0302082E2043091E146
S31580E1FEA00120C0E5023080021400000A0D20A0E3A3
S31580E1FEB0910202E0A233A0E19E0302E0043193E0E5
S31580E1FEC0011062E0301081E20210C0E50330800269
S31580E1FED00A00000A930C0CE0ACC5A0E19C0E0EE092
S31580E1FEE000005CE303306EE0303083E20330C0E54E
S31580E1FEF030C08C12043080020530801204C0C015F7
S31580E1FF000300A0E17080BDE8F34D2DE90040A0E15A
S31580E1FF1008808DE2F82068E1D0A0CDE128219FE537
S31580E1FF200030A0E303005BE102005A010400008A8D
S31580E1FF300400A0E10A10A0E1B7FFFFEB08D08DE253
S31580E1FF40F08DBDE80B60A0E10070A0E3073096E19B
S31580E1FF500900001A0A00A0E1F0109FE51F0E00EBF0
S31580E1FF600A00A0E10150A0E1E0109FE5F10D00EB70
S31580E1FF700010A0E3F000CDE1030000EA0800A0E173
S31580E1FF80C8109FE5F9F4FFEB0050A0E125A2A0E1BE
S31580E1FF902504A0E10F0000E20FA00AE225C6A0E158
S31580E1FFA000108AE00C3081E00F5005E20610A0E3F4
S31580E1FFB0935121E0CD30A0E393010EE00A20A0E346
S31580E1FFC0AEE5A0E1920E05E0054084E2011065E030
S31580E1FFD0301081E2051044E58C118CE00AA081E0C5
S31580E1FFE0001180E001A08AE00EE08AE0930E01E054
S31580E1FFF0A115A0E192010AE0800081E00D10A0E365
S31580E20000900101E00EE06AE0A113A0E10CC181E07B
S31580E200109C0303E030E08EE2A335A0E104E044E510
S31580E2002092010EE0930202E000006EE00CC062E014
S31580E20030300080E230C08CE2030044E502C044E551
S31580E20040303083E2013044E5B2FFFFEA9F86010069
S31580E20050A086010070402DE9000051E380509FE5C3
S31580E200600150A0110040A0E10310A0E10500A0E14B
S31580E200700260A0E181FEFFEB10309DE5100013E304
S31580E200802020A0030400001A016046E2013086E2E5
S31580E20090030050E10120C4B4FAFFFFBA012044E232
S31580E200A00530A0E1031065E0000051E10110D3B410
S31580E200B00110E2B5FAFFFFBA000050E3004084A0E7
S31580E200C00430A0E12010A0E3062063E0022084E071
S31580E200D0000052E10110C3C4FAFFFFCA0300A0E1A7
S31580E200E07080BDE895D4E280F04D2DE958D04DE29E
S31580E200F078A09DE584709DE50A105AE20110A0136E
S31580E20100100017E30050A0E127B301E0200007E2E8
S31580E201100170C713028017E27C409DE504008DE5FD
S31580E201200E00000A000052E30000D3E2040000AAB7
S31580E20130002072E20030E3E2014044E22D80A0E357
S31580E20140060000EA040017E3014044122B80A01364
S31580E201500200001A088017E2014044122080A013B0
S31580E2016000005BE30600000A10005AE301404412F5
S31580E201700300001A031092E1024044E20200000A00
S31580E20180070000EA030092E10300001A3030A0E3A0
S31580E201901430CDE50160A0E3200000EA000051E3DF
S31580E201A01A00000A10005AE30310A0130410A003F9
S31580E201B001C04AE20060A0E308108DE514108DE2EA
S31580E201C0016086E2060081E0FF1002E20C1001E0A7
S31580E201D00CC08DE554C19FE50110DCE704C09DE5C6
S31580E201E001108CE1011040E50200A0E10310A0E1DC
S31580E201F008209DE5C00D00EB0CC09DE50020A0E146
S31580E202000130A0E1031092E1EBFFFF1A030000EA5E
S31580E2021014608DE20600A0E13AFFFFEB006066E043
S31580E2022080309DE5030056E10630A0A1040063E03C
S31580E20230110017E30020A0010510A00120C0A00351
S31580E202400600001A012052E201C0C154FCFFFF5AA7
S31580E20250C02FC0E1010040E2025085E0000062E08A
S31580E20260000058E30080C5150150851200005BE36B
S31580E202700700000A10005AE33020A0E30020C5E51B
S31580E2028004209D0501508512582082030120C50570
S31580E2029002508502100017E30B00001A010017E3F3
S31580E202A030C0A01320C0A0030020A0E10510A0E189
S31580E202B0012052E201C0C154FCFFFF5AC02FC0E1C7
S31580E202C0010040E2025085E0000062E03020A0E3D7
S31580E202D0013043E2030056E10120C5D4FBFFFFDA99
S31580E202E0012045E20630A0E1013053E214108D523E
S31580E202F00110D3570110E255FAFFFF5A000056E388
S31580E20300065085A00030A0E10520A0E12010A0E300
S31580E20310013053E20110C254FCFFFF5A000050E361
S31580E20320000085A0000085B258D08DE2F08DBDE850
S31580E20330005DE280F04D2DE90160A0E158D04DE20A
S31580E203400050A0E118008DE50030D6E5000053E3C9
S31580E203507501000A250053E30040A0030030C5156D
S31580E203603601001A0130F6E52B0053E30E00000A4F
S31580E203700500008A200053E30D00000A230053E3C0
S31580E203800D00001A404084E3F5FFFFEA2D0053E3B7
S31580E203900300000A300053E30700001A014084E3B9
S31580E203A0EFFFFFEA104084E3EDFFFFEA044084E3D7
S31580E203B0EBFFFFEA084084E3E9FFFFEA301043E21D
S31580E203C0090051E30610A0910070A0930AC0A093A1
S31580E203D00700008A0160A0E10130D1E4300043E207
S31580E203E0090050E30C00008A9C3727E0307047E230
S31580E203F0F7FFFFEA2A0053E30070E0130600001AD3
S31580E20400007092E5043082E2000057E3016086E202
S31580E20410007067B2104084B30320A0E10030D6E5D5
S31580E204202E0053E30610A0110080E0131C00001A90
S31580E204300130D6E5011086E2300043E2090050E35E
S31580E204400100A0910080A0930AE0A0930900008AAF
S31580E204500030D0E50010A0E130C043E209005CE361
S31580E20460010080E29E38289030804892F7FFFF9A1A
S31580E204700230A0E1060000EA2A0053E30700001AF0
S31580E20480008092E5021086E2000058E3043082E2C0
S31580E20490010000BA0320A0E1010000EA0320A0E106
S31580E204A00080A0E30030D1E5680053E37400531383
S31580E204B0DFC003E20100A0030000A0134C005CE36E
S31580E204C0010080035A005CE301008003000050E3F0
S31580E204D00160A0010030E0030600000A6C0053E3ED
S31580E204E0016081E20300001A0100D1E56C0050E36D
S31580E204F0026081024C30A0030010D6E56E0051E323
S31580E20500C600000A0C00008A630051E31800000A64
S31580E205100400008A250051E3C700000A580051E32F
S31580E20520C800000ACB0000EA640051E3C700000A73
S31580E20530690051E3C500000AC60000EA730051E390
S31580E205401C00000A0400008A6F0051E3CC00000A16
S31580E20550700051E31F00000ABE0000EA750051E315
S31580E20560C500000A780051E320408403B500000A02
S31580E20570B80000EA100014E32030A0030300001A5A
S31580E20580017047E2000057E30130C5C4FBFFFFCAB2
S31580E20590043082E2002092E50020C5E5015085E242
S31580E205A02020A0E3017047E2000057E3A00000DAD2
S31580E205B00120C5E4FAFFFFEA04A082E200408DE56D
S31580E205C00500A0E1001092E50830A0E10720A0E155
S31580E205D09FFEFFEBD00000EA043082E21C308DE51C
S31580E205E0003092E514308DE50130D6E54D0053E3D7
S31580E205F00800000A0200008A490053E31F00000A4D
S31580E20600700000EA690053E31B00000A6D0053E3C1
S31580E206106C00001A404084E32413A0E1011021E239
S31580E2062018C39FE530308DE20020A0E3011001E29D
S31580E206303AE0A0E314009DE50200D0E720A2DCE7E1
S31580E206400F0000E20000DCE70100C3E5050052E3AB
S31580E206500000A00301000112000050E3012082E2C3
S31580E2066000A0C3E502E0C3150230830203308312A1
S31580E20670060052E3EEFFFF1A230000EA404084E3DD
S31580E206800230D6E5360053E32600001A2413A0E1B1
S31580E20690011021E2A4029FE530308DE20020A0E342
S31580E206A0011001E23AE0A0E314C09DE582C0DCE7F6
S31580E206B02CA2D0E70FC00CE20CC0D0E701C0C3E5A4
S31580E206C014C09DE500A0C3E582C08CE001C0DCE5F4
S31580E206D02CA2D0E70FC00CE20CC0D0E703C0C3E582
S31580E206E0070052E300C0A00301C0011200005CE3F0
S31580E206F0012082E202A0C3E504E0C315043083024E
S31580E2070005308312080052E3E6FFFF1A0020A0E3D9
S31580E207104040C4E30020C3E50500A0E100408DE54A
S31580E2072030108DE2230000EA340053E34040C413E4
S31580E207302400001A30A08DE200B0A0E30AC0A0E156
S31580E207402C208DE214309DE50200A0E10B10D3E768
S31580E2075024C08DE520208DE5AFFDFFEB20209DE5D1
S31580E2076024C09DE501104AE2000062E00030A0E18B
S31580E20770013053E202E0D32701E0E125FBFFFF2AC5
S31580E2078003005BE300A08AE02E30A01301B08BE287
S31580E207900030CA1501A08A1204005BE3E8FFFF1A63
S31580E207A00030A0E34040C4E30500A0E10C10A0E1E4
S31580E207B00030CAE500408DE50720A0E10830A0E1DF
S31580E207C023FEFFEB0A0000EA010077E31030A0E3A4
S31580E207D020408413214084030870A00388018DE8B9
S31580E207E00C408DE50500A0E114209DE50030A0E3F4
S31580E207F03CFEFFEB0050A0E10630A0E10360A0E101
S31580E208000120D6E538119FE5013083E20220D1E767
S31580E20810070012E3F8FFFF1A1C209DE5400000EA7C
S31580E2082018109DE5043082E2002092E5051061E031
S31580E20830001082E50320A0E1390000EA0010C5E558
S31580E20840015085E2360000EA1010A0E30D0000EACE
S31580E20850024084E3080000EA2530A0E30030C5E5E3
S31580E208600030D6E5000053E30130C515015085021C
S31580E208700250851201604602290000EA0A10A0E3CE
S31580E20880000000EA0810A0E34C0053E3072082024E
S31580E208900720C20308A08202D020C2011A00000A01
S31580E208A06C0053E304A082E20300001A020014E320
S31580E208B0002092E51300001A030000EA2000C3E359
S31580E208C05A0050E3002092E50100001A0030A0E3CE
S31580E208D00D0000EA740053E30A00000A680053E35D
S31580E208E0023004E20500001A000053E30228A0E188
S31580E208F02228A0014228A0110200001AF2FFFFEA94
S31580E20900000053E3F0FFFF0AC23FA0E182018DE8D7
S31580E209100C408DE50500A0E1F2FDFFEB0050A0E181
S31580E209200A20A0E1016086E286FEFFEA0030C5E5A4
S31580E2093018309DE5050063E058D08DE2F08DBDE884
S31580E20940205DE2801A57E28030402DE90030D0E522
S31580E20950A4409FE5300053E30C00001A01C0D0E5C5
S31580E20960013080E278005CE30500001A02C0D0E53F
S31580E209700CC0D4E744001CE3023080121020A0139E
S31580E209801B00001A000052E30820A003180000EAC8
S31580E20990000052E30A20A00300C0A0E10000A0E329
S31580E209A00C50A0E10130DCE403E0D4E744001EE32E
S31580E209B00200001A000051E30B00001A3080BDE805
S31580E209C004001EE3303043120300001A02001EE3E5
S31580E209D020304312FF300312373043E2020053E104
S31580E209E0F3FFFF2A923020E0ECFFFFEA005081E538
S31580E209F03080BDE80300A0E1E6FFFFEA1A57E28015
S31580E20A000030A0E3F7402DE9003082E50040A0E126
S31580E20A100170A0E10250A0E110FCFFEB006050E221
S31580E20A200100001A1500E0E3100000EA0400A0E1EC
S31580E20A3004108DE20720A0E1C2FFFFEB04309DE5C2
S31580E20A40040053E1F6FFFF0A0020D3E5000052E3FB
S31580E20A500400000A033064E0013083E2030056E1D9
S31580E20A600A005203EEFFFF1A000085E50000A0E3CC
S31580E20A700CD08DE2F080BDE808402DE900C0D0E5DB
S31580E20A802D005CE30100000A0840BDE8ADFFFFEA05
S31580E20A90010080E2ABFFFFEB000060E20880BDE888
S31580E20AA0F04D2DE90030D0E501C0A0E1300053E3FE
S31580E20AB0C0E09FE50C00001A0110D0E5013080E22B
S31580E20AC0780051E30500001A0210D0E50110DEE756
S31580E20AD0440011E3023080121020A0132300001A92
S31580E20AE0000052E30820A003200000EA000052E35F
S31580E20AF00A20A0030030A0E10010A0E30000A0E3FA
S31580E20B000260A0E10070A0E30380A0E10140D3E4AB
S31580E20B100450DEE7440015E30200001A00005CE3BD
S31580E20B201000001AF08DBDE8040015E3304044124F
S31580E20B300300001A020015E320404412FF4004122B
S31580E20B40374044E2C45FA0E1070055E10600540164
S31580E20B50F1FFFF2A90A28BE092B12BE00A0094E0AB
S31580E20B600B10A5E0E7FFFFEA00808CE5F08DBDE89B
S31580E20B700300A0E1DEFFFFEA1A57E280ECFDFFEA1E
S31580E20B800E002DE903402DE90C109DE510208DE243
S31580E20B9004208DE5E6FDFFEB08D08DE204E09DE4DE
S31580E20BA00CD08DE21EFF2FE10F002DE907402DE9E3
S31580E20BB010009DE514108DE204108DE5A6A7FFEBEB
S31580E20BC00A00A0E379A7FFEB18009FE57DFCFFEB27
S31580E20BD00000A0E30010A0E10020A0E10030A0E147
S31580E20BE0E083FFEBFEFFFFEAA086010070402DE97D
S31580E20BF044409FE50030A0E31530C4E50050A0E113
S31580E20C00144084E20500A0E10A10A0E3F30A00EBB7
S31580E20C100460A0E10500A0E1301081E2011046E423
S31580E20C200A10A0E3C30A00EB005050E20640A0118E
S31580E20C30F3FFFF1A0400A0E17080BDE8644DE68010
S31580E20C4030209FE50030A0E3003082E528209FE552
S31580E20C50003082E524209FE5003082E520209FE572
S31580E20C60003082E51C309FE51C209FE53F30C3E3E0
S31580E20C70003082E51EFF2FE1D453E6807C4DE6808C
S31580E20C80844DE680884DE680D34DE680904DE680C1
S31580E20C90FF4D2DE9A8809FE504008DE5006098E58B
S31580E20CA001B0A0E102A0A0E10600A0E194109FE5D8
S31580E20CB094209FE5A20300EB013CA0E30670A0E34B
S31580E20CC00820A0E384109FE5B03086E1004086E00C
S31580E20CD00460A0E3B630C4E10050A0E1B220C4E1F2
S31580E20CE0020084E00470C4E50720A0E10560C4E563
S31580E20CF0D4FBFFEB04C09DE510108DE208C021E530
S31580E20D000620A0E10E0084E2CEFBFFEB0B10A0E111
S31580E20D100720A0E1120084E2CAFBFFEB10108DE20D
S31580E20D2004A021E50620A0E1180084E2C5FBFFEBE2
S31580E20D30000098E51C1085E2310200EB10D08DE2CE
S31580E20D40F08DBDE8904DE6801201E3800608000052
S31580E20D50F453E68070402DE974309FE574609FE538
S31580E20D6074009FE5001096E5002093E5000090E58B
S31580E20D70012022E0000012E10350A0E15C409FE501
S31580E20D800B00000A58309FE5003093E5000053E3FC
S31580E20D900400001A4C009FE51CA7FFEB003096E5A5
S31580E20DA0003084E5050000EA003084E538009FE5FE
S31580E20DB0010000EA34009FE5001084E513A7FFEB0B
S31580E20DC0000095E5002094E524109FE57040BDE89B
S31580E20DD0AEFFFFEAAC6BE6807C4DE680A06BE680F8
S31580E20DE0844DE680F46BE680C4D4E280EFD4E28080
S31580E20DF01AD5E2807A6BE68068309FE5003093E52B
S31580E20E00000053E31EFF2F0110402DE90000A0E30E
S31580E20E10787DFFEB50209FE550109FE5003092E50C
S31580E20E20003063E0010053E11080BD9840409FE5C9
S31580E20E30003094E5013083E2040053E3003084E538
S31580E20E40050000DA2C009FE5E4A6FFEB0030A0E384
S31580E20E50003084E51040BDE8AB0200EA1040BDE810
S31580E20E60000082E5BAFFFFEA7C4DE680804DE680AF
S31580E20E70881300008C4DE68045D5E280F34D2DE95E
S31580E20E8028609DE5EB0056E30020A0830120A09335
S31580E20E90430053E30230A00101308213440051E360
S31580E20EA00310A00101108313000051E3BB00001A76
S31580E20EB00030D0E50430C3E3013043E2010053E37E
S31580E20EC0B600008A0130D0E5010053E3B300001A90
S31580E20ED00230D0E5060053E3B000001A0040A0E1FC
S31580E20EE00420A0E304008DE2041084E255FBFFEBCC
S31580E20EF0B0329FE504209DE5003093E5030052E1A0
S31580E20F00A600001A145084E204008DE20510A0E1E6
S31580E20F100420A0E34BFBFFEB04309DE5000053E3A6
S31580E20F200300000A80029FE50510A0E10420A0E309
S31580E20F3044FBFFEB74329FE50620A0E3001093E5C5
S31580E20F406C029FE5061081E23EFBFFEB6C5084E289
S31580E20F50101084E20420A0E358029FE539FBFFEB00
S31580E20F600500A0E1BDFAFFEB000050E30300000AB2
S31580E20F7044029FE50510A0E18020A0E3A90300EBEF
S31580E20F8034129FE50030D1E5000053E30100000A08
S31580E20F9028029FE59D9CFFEB0420A0E304008DE2FE
S31580E20FA0EC1084E227FBFFEB14329FE504209DE5FB
S31580E20FB0030052E10600000A0000A0E30010A0E16F
S31580E20FC0AE0200EB9F00A0E37AB6FFEB400200EBB5
S31580E20FD0720000EAEC819FE5F04084E2066084E0FC
S31580E20FE008A0A0E1060054E1F2FFFF2A0030D4E532
S31580E20FF0FF0053E3EFFFFF0A000053E30170840230
S31580E210006400000A0120D4E5027082E2077084E07F
S31580E21010060057E15F00008A0030A0E3B030C8E105
S31580E210200030D4E50250A0E10C0053E31E00000A32
S31580E210300600008A030053E31100000A060053E328
S31580E210401100000A010053E35200001A060000EA8A
S31580E21050110053E33100000A280053E33C00000A02
S31580E210600D0053E34B00001A1C0000EA58319FE55D
S31580E21070003093E5000053E34C019F054500001ADA
S31580E21080050000EA44019FE5000000EA40019FE591
S31580E21090003090E5000053E33E00001A021084E23D
S31580E210A00420A0E3E7FAFFEB3A0000EA24B19FE5E9
S31580E210B00030DBE5000053E33600001A1F0052E3FE
S31580E210C0040000DA10019FE510119FE52030A0E3CD
S31580E210D04EA6FFEB1F50A0E3F8009FE5280000EA4A
S31580E210E0020052E3B220D4012234A0010234830109
S31580E210F00800000A040052E32600001A021094E572
S31580E21100012CA0E1FF3C01E2212C82E1032482E171
S31580E21110FF3801E2233482E1B030CAE11D0000EA01
S31580E21120BCB09FE50030DBE5000053E31900001A0E
S31580E211303F0052E3040000DA9C009FE5A4109FE59D
S31580E211404030A0E331A6FFEB3F50A0E390009FE55D
S31580E211500B0000EA90B09FE50030DBE5000053E348
S31580E211600C00001A1F0052E3040000DA68009FE5D3
S31580E2117078109FE52030A0E324A6FFEB1F50A0E382
S31580E2118064009FE5021084E20520A0E1ADFAFFEB60
S31580E211900030A0E30530CBE70740A0E190FFFFEA0D
S31580E211A008D08DE2F08DBDE8DC53E680FC53E68024
S31580E211B0806BE680846CE680AC6BE680046CE680CD
S31580E211C08ACDE28063825363786BE680A06BE680A9
S31580E211D0F46BE6809C6BE680B06BE68084D5E28039
S31580E211E0BCD5E280CA9A0981C6D5E280D06BE68018
S31580E211F0D0D5E280F04D2DE99E00A0E320D04DE2ED
S31580E21200ECB5FFEBD8319FE5D8719FE5001093E509
S31580E21210D4019FE5011081E2001083E5FBA5FFEB97
S31580E21220004097E50010A0E30400A0E1BC219FE521
S31580E212306DFAFFEB022BA0E3B4119FE50400A0E177
S31580E212403F0200EB00B0A0E30130A0E30650A0E34A
S31580E21250A0A19FE50080E0E3004084E01C30C4E585
S31580E212601D30C4E50060A0E11E50C4E51FB0C4E5B0
S31580E212700B00A0E15F7CFFEBFA1FA0E32D0900EBF8
S31580E2128020108DE210B021E50420A0E30008A0E161
S31580E21290203CA0E1200483E1B402C4E1280084E298
S31580E212A068FAFFEB20108DE20CB021E52C0084E297
S31580E212B00420A0E363FAFFEB20108DE208B021E57B
S31580E212C0300084E20420A0E35EFAFFEB20108DE298
S31580E212D004B021E5340084E20420A0E359FAFFEB6E
S31580E212E014C19FE50520A0E10C10A0E1380084E25C
S31580E212F00CC08DE553FAFFEB880084E2FC109FE593
S31580E213008020A0E3C70200EB0CC09DE56330A0E33A
S31580E213107D20E0E30831C4E50921C4E50B31C4E56B
S31580E213205320A0E30330DCE50A21C4E50220DCE5B4
S31580E213300338A0E1023C83E10520DCE50450A0E12C
S31580E21340023083E10420DCE5421F84E2023483E159
S31580E213500C81E5E50B00A0E1015085E2055061E0F4
S31580E2136000308AE5237CFFEB00309AE50A10A0E1A3
S31580E21370033080E0030CA0E1232C80E1FF0C03E242
S31580E21380000482E1FF3803E2233480E10420A0E313
S31580E21390200084E200308AE52AFAFFEBEC3085E22F
S31580E213A04320A0E300308DE50400A0E14430A0E3D1
S31580E213B00810A0E12E0200EB44109FE544009FE571
S31580E213C0AE0100EB40009FE5A40100EB421F85E2FF
S31580E213D0000097E5061081E0890000EB20D08DE2DF
S31580E213E0F08DBDE8D853E680A46BE680E0D5E28056
S31580E213F0EE0500001201E380DC53E680F453E680DA
S31580E21400046CE6801014E280B80B00007C0EE28069
S31580E2141008402DE92C309FE5003093E5040053E344
S31580E21420030000DA20009FE56CA5FFEB0840BDE8EB
S31580E21430350100EA14009FE514109FE58F0100EB69
S31580E214400840BDE86AFFFFEAD853E680F4D5E28039
S31580E21450881300001014E28010402DE94C009FE5CD
S31580E214607D9CFFEB48309FE5001093E5000051E359
S31580E214700900000A000050E30340A0E10200001ADE
S31580E2148028009FE5001094E5060000EA4DF9FFEB9F
S31580E21490000050E31080BD08F8FFFFEA000050E349
S31580E214A01080BD0804009FE51040BDE8579BFFEA27
S31580E214B01BD6E280E453E68073402DE90040A0E14A
S31580E214C0016041E2055081E2000054E20300000A35
S31580E214D004108DE21020A0E31AFDFFEBFF0000E28C
S31580E214E0000054E30100E6E50300000A04409DE5BE
S31580E214F00030D4E5000053E301408412050056E152
S31580E21500F0FFFF1A08D08DE27080BDE810402DE929
S31580E215100140A0E1509CFFEB0410A0E1E5FFFFEB68
S31580E215200020D4E5010012E30C00001A0130D4E574
S31580E215300210D4E5033082E10320D4E5013083E171
S31580E21540022083E10430D4E5033082E10520D4E54C
S31580E21550023093E10100A0130000A0031080BDE8F1
S31580E215600000A0E31080BDE810402DE93CE09FE555
S31580E215700240A0E138209FE5000051E320D04DE211
S31580E2158000C0A0E10130A0E10D00A0E10210A001BF
S31580E215900E10A0110C20A0E178FDFFEB0D00A0E17A
S31580E215A00410A0E1D8FFFFEB20D08DE21080BDE8E9
S31580E215B026D6E2802FD6E28010309FE5003093E592
S31580E215C0000053E3380093150000E0031EFF2FE18D
S31580E215D0E453E68010402DE920409FE5000094E543
S31580E215E0000050E31080BD082C3090E533FF2FE1F8
S31580E215F0003094E50120A0E31C2083E51080BDE85D
S31580E21600E453E6802C309FE504E02DE500E0A0E19E
S31580E21610000093E5000050E30400000A0120A0E107
S31580E2162024C090E50E10A0E104E09DE41CFF2FE1CA
S31580E216300000E0E304F09DE4E453E68018309FE5A1
S31580E21640000093E5000050E30100000A283090E5AF
S31580E2165013FF2FE10000E0E31EFF2FE1E453E68073
S31580E2166038402DE90050A0E160009FE5FA9BFFEB50
S31580E21670000050E31000001A54409FE5003094E5E4
S31580E21680000053E33880BD08000055E344509FE5EF
S31580E2169000308515343093E5003084E56DFFFFEB4D
S31580E216A0002095E5003094E5030052E128309F055D
S31580E216B00120A003002083053880BDE81C109FE549
S31580E216C0C0F8FFEB000050E3EAFFFF1A3880BDE87E
S31580E216D07FD7E280E453E680E053E680006CE680E2
S31580E216E0BC65E280F7402DE9C0409FE5003094E595
S31580E216F0000053E30200001AB4009FE5B7A4FFEBB3
S31580E21700270000EAAC309FE50070A0E1005093E547
S31580E217100360A0E1A0009FE5381095E50D20A0E1E9
S31580E2172090FFFFEB000050E30300000A100085E221
S31580E217300D10A0E10620A0E342F9FFEB345095E5D7
S31580E21740003096E5030055E1F1FFFF1A005094E57B
S31580E2175058609FE5001094E560009FE5ABA4FFEB3F
S31580E21760000094E50710A0E1202090E532FF2FE10A
S31580E21770000050E3050000BA30309FE50220A0E386
S31580E21780003093E50000A0E31C2083E5050000EA33
S31580E217900000A0E3B1FFFFEB003096E5030055E1E0
S31580E217A0EBFFFF1A0000E0E30CD08DE2F080BDE8AB
S31580E217B0E453E6804CD8E280F053E68056D7E28066
S31580E217C089D7E280F8402DE988509FE5003095E59B
S31580E217D0000053E3F880BD08889AFFEB78409FE5E6
S31580E217E078609FE5003094E5000053E30070A0E165
S31580E217F00200000A003096E5000053E10300000A89
S31580E218005C009FE5949BFFEB007086E5000084E533
S31580E21810003094E5000053E30070951534609F151F
S31580E218200600001AF840BDE80AFFFFEA003096E5B6
S31580E21830343093E5003086E5030057E1F8FFFF0A8E
S31580E21840000095E5001094E55EF8FFEB000050E3BA
S31580E21850F5FFFF1AF880BDE8E453E680EC53E680B4
S31580E21860E853E6801BD6E28010309FE5000093E5E0
S31580E218700C309FE5000050E30300A0011EFF2FE13C
S31580E21880E453E68094D7E28008309FE50120A0E326
S31580E21890002083E51EFF2FE10454E6801EFF2FE140
S31580E218A01C209FE51C309FE5003082E518209FE5ED
S31580E218B0003082E514309FE50020A0E3002083E536
S31580E218C01EFF2FE1846BE6809C18E280F86BE6804F
S31580E218D0906BE68008402DE924009FE56CA9FFEB3A
S31580E218E0000050E30300001A18309FE50220A0E3CF
S31580E218F0002083E50880BDE80300A0E30840BDE858
S31580E21900810400EA9CD7E2800454E68038402DE9DF
S31580E2191008019FE5509BFFEB04419FE5005050E2B2
S31580E219201300000AFC109FE526F8FFEB000050E367
S31580E219300F00000A0500A0E1EC109FE521F8FFEB1D
S31580E21940000050E32B00000A0500A0E1DC109FE5D1
S31580E219501CF8FFEB000050E30100A0032500000A1B
S31580E219600010A0E30500A0E10120A0E1F5FBFFEB7A
S31580E21970200000EA003094E5013083E2003084E51D
S31580E2198013FFFFEBA8309FE5000093E5100F6FE1B0
S31580E21990A002A0E131FFFFEB000099E550FFFFEBEB
S31580E219A090309FE5002093E5000052E31700000A9D
S31580E219B00000A0E3000083E57C309FE5003093E5FC
S31580E219C0000053E10F00000A70309FE570209FE52A
S31580E219D0002083E5877AFFEB68309FE568209FE504
S31580E219E0000083E564309FE5002083E560209FE583
S31580E219F060309FE5070000EA003094E5000053E19D
S31580E21A00DBFFFF3AF2FEFFEB0320A0E3000000EAF1
S31580E21A100120A0E340309FE5002083E53880BDE8E1
S31580E21A20A5D7E280946BE680F265E280BC65E280CF
S31580E21A30AED7E2800054E680006CE680886BE68072
S31580E21A40906BE6808818E2808C6BE6801027000037
S31580E21A50FC6BE6809C18E280846BE6800454E68028
S31580E21A60000050E30C309FE50C209F0500208305A3
S31580E21A70000083151EFF2FE1846BE6809C18E280CE
S31580E21A803C309FE5000050E3000083051EFF2F01F6
S31580E21A9010402DE90040A0E10000A0E3001083E5BC
S31580E21AA0547AFFEB1C309FE5FA1FA0E3000083E542
S31580E21AB0910400E01F0700EB0C309FE5000083E510
S31580E21AC01080BDE8906BE6808C6BE680FC6BE680EE
S31580E21AD00030A0E3000051E3B220D0C0011041C241
S31580E21AE0023083C0FAFFFFCA0308A0E12338A0E1EF
S31580E21AF0203883E0233883E00308A0E12008A0E1D0
S31580E21B001EFF2FE130309FE5B020D3E12234A0E101
S31580E21B10023483E10338A0E120209FE5010873E3E4
S31580E21B202338A0110230A001033AA0E1230A52E150
S31580E21B300E00A0031200A0131EFF2FE11801E3801E
S31580E21B40FF0F0000F8402DE990309FE50260A0E1AA
S31580E21B50B020D3E188709FE52234A0E1023483E1AC
S31580E21B600338A0E1010873E30050A0E10620A0E378
S31580E21B702348A0110740A00132F8FFEB64109FE5ED
S31580E21B800620A0E3060085E22EF8FFEB043AA0E108
S31580E21B902332A0E12318A0E1070051E10628A0E163
S31580E21BA00400001A223CA0E1222483E1BC20C5E1A4
S31580E21BB00E00A0E3F880BDE8233CA0E1013483E196
S31580E21BC0BE30C5E1223CA0E18100A0E3222483E18C
S31580E21BD0BC00C5E1B021C5E11200A0E3F880BDE812
S31580E21BE01801E380FF0F0000F453E68013402DE9ED
S31580E21BF004108DE508108DE2082021E54530A0E34A
S31580E21C0068209FE50030C0E50040A0E1053BA0E307
S31580E21C100000A0E30100C4E5B230C4E1003092E501
S31580E21C20BA00C4E101C083E20338A0E100C082E5E4
S31580E21C30232CA0E1233482E1B430C4E14030A0E336
S31580E21C40B630C4E10030E0E30830C4E50C0084E25B
S31580E21C500420A0E3FBF7FFEB100084E204108DE2A0
S31580E21C600420A0E3F7F7FFEB08D08DE21080BDE811
S31580E21C70F06BE680F0412DE918509DE50270A0E117
S31580E21C80010015E30020A0130380A0E10530801057
S31580E21C901C20C3157C309FE50558A0E1002093E522
S31580E21CA02568A0E1075785E20040A0E1CEFFFFEB81
S31580E21CB0253CA0E1255483E11130A0E30930C4E557
S31580E21CC0B250C4E10400A0E10A10A0E37FFFFFEB7B
S31580E21CD00838A0E12324A0E1233C82E10728A0E1A1
S31580E21CE0B431C4E12234A0E1222C83E1083086E2D9
S31580E21CF00338A0E1B621C4E1232CA0E1233482E1BA
S31580E21D00B831C4E10030A0E3BA31C4E10000E0E1D9
S31580E21D10BA00C4E1F081BDE8AC6BE680F34D2DE913
S31580E21D200050A0E1DC009FE5007090E5000057E3FB
S31580E21D300000E0033100000A000051E30160A0E107
S31580E21D4002B0A0E10380A0E100A0A0E10060E00390
S31580E21D50B4509F050200000AAC209FE5010076E3BD
S31580E21D600250A0010510A0E1022BA0E30700A0E14A
S31580E21D7073FFFFEB28309DE500308DE50610A0E18C
S31580E21D800830A0E10B20A0E10040A0E1000087E05E
S31580E21D90B7FFFFEB74109FE50500A0E10620A0E304
S31580E21DA0D5F7FFEB28309DE51C4084E2031084E002
S31580E21DB0000050E30E00001A54309FE50140A0E394
S31580E21DC0006083E54C309FE5005083E548309FE52F
S31580E21DD0001083E544309FE5004083E58579FFEB9B
S31580E21DE03C309FE5000083E5D9FBFFEB0400A0E1F0
S31580E21DF0020000EA00009AE501FEFFEB0000A0E3A4
S31580E21E0008D08DE2F08DBDE8A46BE6801201E38016
S31580E21E107A6BE6807C4DE680D453E680884DE68018
S31580E21E208C4DE680804DE6800030D1E5220053E39A
S31580E21E300110810201204202011041E2012042E2C8
S31580E21E40000052E3020000CA0030A0E30030C0E5A1
S31580E21E501EFF2FE10130F1E5000053E32200531328
S31580E21E60F8FFFF0A0130C0E4F3FFFFEA000052E325
S31580E21E7008402DE90100000A020052E30200001A3E
S31580E21E800C009FE58020A0E3E6FFFFEB0000A0E3E5
S31580E21E900880BDE8046CE680003CA0E107402DE9BD
S31580E21EA0203C83E1FF2800E2FF0C00E2000483E1AC
S31580E21EB0222480E12204A0E1FF0000E200008DE519
S31580E21EC02238A0E1FF0002E204008DE5222CA0E1A7
S31580E21ED00100A0E1FF3003E208109FE527FBFFEB5C
S31580E21EE00CD08DE204F09DE4D0D7E28008402DE963
S31580E21EF0003050E20E00000A0030D3E5303043E293
S31580E21F00090053E330009F850400008A0010A0E3B5
S31580E21F100A20A0E38BFAFFEB0008A0E12008A0E10B
S31580E21F202034A0E1000483E10008A0E12008A0E1DA
S31580E21F300880BDE804009FE50880BDE8FF0F000049
S31580E21F400FFF000008402DE9C399FFEB0840BDE88A
S31580E21F50E5FFFFEA38402DE9A898FFEBA4409FE52C
S31580E21F60003094E5000053E10050A0E11C00000A35
S31580E21F7094009FE5B899FFEB2DF6FFEB8C309FE559
S31580E21F80000083E588009FE5B399FFEB28F6FFEB37
S31580E21F9080309FE5000083E57C009FE5AE99FFEB0C
S31580E21FA023F6FFEB74309FE5000083E570009FE542
S31580E21FB0A999FFEB1EF6FFEB68309FE5000083E50B
S31580E21FC064009FE5DEFFFFEB60309FE5B000C3E192
S31580E21FD05C009FE5DAFFFFEB58309FE5005084E531
S31580E21FE0B000C3E150309FE5001093E5000051E375
S31580E21FF03880BD0844009FE5101081E20620A0E308
S31580E220003840BDE80FF7FFEA986BE680BC82E28053
S31580E22010AC6BE6809882E280F46BE680A282E28014
S31580E22020A06BE680C382E280FC53E680DCD7E28066
S31580E220301001E380DDD7E2801801E380E453E68095
S31580E22040F453E6805C309FE5002093E5000052E39E
S31580E220501300000A10402DE90340A0E148309FE5D5
S31580E2206048209FE53F30C3E344009FE544109FE567
S31580E22070003082E5063C83E20020A0E3023180E77D
S31580E22080012082E2010052E1063C83E2FAFFFF1A76
S31580E22090EAFAFFEB01FEFFEB0030A0E3003084E5D5
S31580E220A01040BDE8AAFFFFEA0C01E380C96CE68036
S31580E220B0A46BE6800854E680DC050000F34D2DE94A
S31580E220C0AC329FE5AC729FE5AC629FE50120A0E36E
S31580E220D00050A0E30040A0E19D00A0E3002083E55C
S31580E220E0008099E5005087E5005086E531B2FFEB46
S31580E220F0D3FFFFEB36FDFFEBB1FDFFEB0800A0E17E
S31580E2210077FDFFEB00708DE504608DE5050050E11B
S31580E2211068829FA505A0A0A10F0000AA2CFDFFEB77
S31580E22120830000EA33FBFFEB003096E5000053E3E1
S31580E221305900001A44329FE5003093E5020053E3EA
S31580E221406100000A030053E37800000A010053E3CA
S31580E221504500001A00209DE5003082E500A088E572
S31580E221607BFFFFEB0D0054E304F19F97330000EA17
S31580E22170E821E2804022E2804022E280C021E280C1
S31580E22180E821E280A821E2804022E2804022E280C9
S31580E22190E821E280D421E2804022E280D421E280FA
S31580E221A0C021E280E821E280D4319FE5003093E5E8
S31580E221B0000053E30600001AC8019FE5190000EA11
S31580E221C0C4319FE5003093E5000053E3BC019F05EF
S31580E221D01400000AB8319FE5003093E5000053E32E
S31580E221E0B0019F050F00000AAC019FE5AC119FE5A7
S31580E221F00620A0E3C0F6FFEB000050E30F00001AD2
S31580E22200ECFCFFEB010070E30010A0E10400000AA1
S31580E22210000050E30500001A84019FE5EFA1FFEB81
S31580E22220040000EA7C019FE5ECA1FFEBBAFFFFEA3E
S31580E2223074019FE5F5A1FFEBB3FDFFEB080000EA31
S31580E2224004209DE50130A0E3003082E55C319FE524
S31580E22250030054E3005083E53700001A0400A0E14E
S31580E22260290200EB48619FE548B19FE5F2FCFFEB6E
S31580E2227008A2FFEB007050E2A9FFFF0A38319FE522
S31580E222800020A0E3002083E584FDFFEBD0FCFFEB9A
S31580E2229028019FE5D1A1FFEB250000EA0700A0E136
S31580E222A05478FFEB00309BE5000063E010319FE558
S31580E222B0003093E5030050E19DFFFF9A003096E5FA
S31580E222C0007086E533FF2FE199FFFFEADC509FE558
S31580E222D072FDFFEB001095E5000051E30900000A6C
S31580E222E00120A0E1DC009FE5C8A1FFEB001095E5A7
S31580E222F0D4009FE5E397FFEBD0309FE5D0009FE5E2
S31580E22300001093E5DF97FFEB090054E30100000A32
S31580E22310AFFCFFEB030000EAB8309FE50120A0E3C3
S31580E22320003093E51C2083E5000095E50E0000EA87
S31580E223305AFDFFEB0000E0E30B0000EA050054E300
S31580E223400100001A2C0000EBC5FFFFEA000054E30F
S31580E22350C3FFFF1A80309FE5004083E530309FE57A
S31580E22360004083E5A2FBFFEBBDFFFFEA08D08DE2EA
S31580E22370F08DBDE8946BE6800054E680886BE6805B
S31580E223800454E6800C9B0981E2D7E280FC53E68026
S31580E2239005D8E280AC6BE68024D8E280F453E6800E
S31580E223A0CB50E28060D8E28041D8E2807ED8E2807B
S31580E223B0A86BE680906BE6808C6BE6807C4DE6804F
S31580E223C09ED8E280FC6BE680A6D8E280BF65E2809A
S31580E223D0E0F4E280C9D8E280E453E680D853E6802E
S31580E223E008402DE97AFCFFEB08309FE50320A0E365
S31580E223F0002083E50880BDE80454E680F8402DE9B4
S31580E2240018FDFFEBEC509FE5EC409FE50170A0E301
S31580E224100010A0E1E4009FE57CA1FFEBE0009FE5F0
S31580E22420E0109FE595FDFFEBDC309FE5002095E52A
S31580E22430002083E5000094E5D0109FE5022BA0E31F
S31580E22440BFFDFFEB004094E5C4309FE5001095E5C3
S31580E22450002093E50050A0E3004084E00060A0E124
S31580E224600400A0E1E0FDFFEB073BA0E3B230C4E16C
S31580E224700970C4E50400A0E10A10A0E393FDFFEB36
S31580E224800830A0E31430C4E588309FE51550C4E5F2
S31580E22490B020D3E1B651C4E1071082E0B010C3E1C7
S31580E224A02234A0E1023483E1BA31C4E1B851C4E115
S31580E224B00410A0E31C6086E20000E0E1BA00C4E119
S31580E224C0140084E281FDFFEB4C309FE5006083E5FA
S31580E224D048309FE5007083E50000E0E1B601C4E1A3
S31580E224E00500A0E1C377FFEB34309FE5000083E58A
S31580E224F0F840BDE816FAFFEA0C9B0981A46BE680F8
S31580E22500D2D8E28010270000E023E2807C4DE6808C
S31580E225107A6BE680AC6BE680109B0981884DE6801B
S31580E225208C4DE680804DE68080319FE573402DE9D3
S31580E22530006093E572FDFFEB74319FE5003093E531
S31580E22540013043E21C0080E2005086E0060053E35D
S31580E2255003F19F97490000EA7425E2801026E28023
S31580E225603826E2805C26E2801026E2801026E2802F
S31580E225707425E280013CA0E3024085E2B03086E148
S31580E2258030119FE50400A0E1FFF4FFEB24019FE513
S31580E2259032F5FFEB20119FE5010080E2004084E006
S31580E225A00400A0E1F8F4FFEB060084E20C119FE55B
S31580E225B0F5F4FFEB08319FE5FA1FA0E3000093E50F
S31580E225C05C0400EB0E4084E2F8109FE50020A0E177
S31580E225D00400A0E169F9FFEB0400A0E11FF5FFEB3F
S31580E225E0E4309FE50020A0E3B030D3E1DC109FE544
S31580E225F000208DE5010080E2004084E00400A0E155
S31580E226005EF9FFEB000084E0000065E01C0000EA72
S31580E22610013BA0E3B03086E1B4309FE50400A0E35D
S31580E22620003093E50338A0E1232CA0E1233482E154
S31580E22630B230C5E1120000EA053CA0E3B03086E1A3
S31580E22640033CA0E3B230C5E1040085E284109FE555
S31580E22650CDF4FFEB1300A0E3090000EA053CA0E31A
S31580E22660B03086E1023CA0E3B230C5E1040085E207
S31580E2267064109FE5C4F4FFEB1700A0E3000000EAD4
S31580E226800000A0E354309FE500008DE5001093E55D
S31580E226904C309FE54C009FE5002093E548309FE56E
S31580E226A0003093E59CFDFFEB08D08DE27080BDE8BB
S31580E226B0A46BE6802C9B0981419B0981E3D8E28069
S31580E226C0D7D9E2802801E38011CFE2802401E3803A
S31580E226D0E9D8E280209B0981F7D8E28006D9E280B8
S31580E226E0289B0981309B0981846CE680249B098141
S31580E226F024239FE5F8452DE9002092E520609DE5BB
S31580E22700020051E1F885BD1810839FE5002098E527
S31580E22710010052E30500000A04139FE5062042E227
S31580E22720001091E5010053E101005213F885BD885E
S31580E22730010056E3F885BD98B010D0E10370A0E1C0
S31580E227402134A0E1011483E10118A0E12118A0E17E
S31580E22750050051E30040A0E1025046E2022080E219
S31580E227609200000A060051E30200000A030051E3E8
S31580E22770F885BD18160000EA0530A0E3003088E54A
S31580E227809C329FE50260A0E1007083E594729FE54A
S31580E22790064060E2063084E0050053E10A00002A42
S31580E227A084129FE50600A0E186F4FFEB001050E27A
S31580E227B00300001A080086E20A20A0E361F8FFEB34
S31580E227C0B000C7E1016086E2F1FFFFEAF845BDE8C5
S31580E227D054FFFFEA010055E3F885BD98B250D0E197
S31580E227E048A29FE52534A0E1055483E10558A0E19E
S31580E227F02558A0E1000055E300508AE50C00001A56
S31580E228002C229FE5003092E5013083E2003082E5BA
S31580E2281020229FE50C329FE5B010D3E1003092E5AD
S31580E22820013883E0003082E50C329FE5005083E593
S31580E228300E0000EA010045E20A10A0E3E70300EB9E
S31580E22840000051E30200001A2300A0E357A0FFEB49
S31580E22850060000EA0500A0E1E0119FE5DF0300EB58
S31580E22860000051E30100001AD4019FE55BA0FFEB73
S31580E22870003098E5052043E2010053E3010052135C
S31580E22880C0219FE51000008A90319FE50210A0E307
S31580E22890001083E588319FE594119FE5007083E51A
S31580E228A00030A0E3003081E588119FE5003082E5C3
S31580E228B0003081E500109AE5010051E30200000A4A
S31580E228C084019FE551A0FFEB510000EA00309AE5D2
S31580E228D0002092E5020053E1F885BD0864219FE578
S31580E228E068119FE5003082E564319FE50A20A0E326
S31580E228F0002083E55C319FE528519FE5000093E562
S31580E229005EFCFFEB24319FE528119FE5003093E5DD
S31580E22910000091E5B020D5E1013043E2920323E065
S31580E2292034219FE5046046E2000092E5041084E2E9
S31580E2293028419FE5000083E00620A0E1067083E05F
S31580E22940C0F4FFEB003094E5070053E10070843574
S31580E22950F4FEFFEBB030D5E1030056E1F885BD2801
S31580E22960FC509FE5000095E5A276FFEB000050E380
S31580E22970000085E50900000AE8009FE517A0FFEB65
S31580E22980001095E5000094E56A0300EBFA3FA0E3C8
S31580E229900010A0E3D0209FE5930000E0BBE9FFEBC7
S31580E229A0C8009FE50DA0FFEB0220A0E3130000EA3A
S31580E229B0B220D0E1041084E22234A0E1022483E151
S31580E229C00228A0E12228A0E1A4009FE50FA0FFEB68
S31580E229D0B220D4E12234A0E1023483E10338A0E1DB
S31580E229E02338A0E1013043E2010053E30600008A86
S31580E229F080009FE5F99FFFEBF5FAFFEB0320A0E36A
S31580E22A0074309FE5002083E5F885BDE86C009FE59C
S31580E22A10F29FFFEBF845BDE8BBFBFFEA249B098109
S31580E22A202C9B0981309B09812C01E38019D9E280B4
S31580E22A30209B09811C9B0981C49B0981189B098182
S31580E22A408A02000064D9E280C89B098121D9E280AA
S31580E22A50842AE2801C01E3802801E380E0F4E280BC
S31580E22A60A86BE680149B098160D9E28013C1E2807B
S31580E22A7068D9E2806FD9E28087D9E2800454E68021
S31580E22A804FD9E28060209FE508402DE9003092E54B
S31580E22A90013083E2003082E550209FE5002092E516
S31580E22AA0020053E1040000DA44009FE544109FE50A
S31580E22AB0D69FFFEB0840BDE893FBFFEA38009FE52F
S31580E22AC0C69FFFEB34309FE534109FE5000093E527
S31580E22AD0EAFBFFEB2C309FE5003093E5060053E3FB
S31580E22AE00880BD080840BDE88EFEFFEA189B098192
S31580E22AF01C01E38098D9E280ADD9E280C2D9E28036
S31580E22B002801E380842AE2802C9B0981F3412DE926
S31580E22B1090029FE5D096FFEB000050E30400000AA6
S31580E22B200010A0E30A20A0E3D2F7FFEB78329FE51C
S31580E22B30B000C3E174029FE5C796FFEB70629FE542
S31580E22B40000050E30300000A0010A0E30A20A0E39D
S31580E22B50C8F7FFEB000086E5001096E5FA0F51E331
S31580E22B600400002A4C029FE5A89FFFEB40329FE5D6
S31580E22B70FA2FA0E3002083E53C529FE53C329FE5B5
S31580E22B800070D5E538829FE5003093E5000057E393
S31580E22B90003088E52C429FE51500001A28329FE531
S31580E22BA0001093E52108A0E1FF2001E22134A0E1B3
S31580E22BB0FF0000E2211CA0E100008DE504108DE516
S31580E22BC0FF3003E204129FE504029FE5EBF7FFEB99
S31580E22BD00400A0E1F8119FE58020A0E370F3FFEB0B
S31580E22BE00410A0E1EC019FE57F70C4E5879FFFEBCF
S31580E22BF0130000EA0500A0E13A10A0E38CF3FFEBB4
S31580E22C00007050E20500001A0400A0E10510A0E180
S31580E22C108020A0E362F3FFEB7F70C4E5080000EA60
S31580E22C200500A0E102F3FFEB011087E28020A0E33A
S31580E22C30000088E50400A0E159F3FFEB0030A0E351
S31580E22C407F30C4E578419FE57C519FE588119FE519
S31580E22C500530A0E184019FE50420A0E16B9FFFEBB4
S31580E22C607C119FE5003091E5000053E30B00000AFA
S31580E22C7070319FE500C093E500005CE30700000A3F
S31580E22C80000095E5003094E50C0000E00C3003E0AE
S31580E22C90030050E10100000A4C019FE55B9FFFEBD8
S31580E22CA00A00A0E344419FE5409FFFEB14119FE5B4
S31580E22CB03C019FE5559FFFEBB010D4E1000051E364
S31580E22CC00700000A8114A0E128019FE54F9FFFEBF0
S31580E22CD0B000D4E120219FE58004A0E1C01FA0E1FD
S31580E22CE0EAE8FFEB0A00A0E3309FFFEB0C319FE5B9
S31580E22CF00C019FE5001093E5449FFFEB04019FE5FD
S31580E22D00369FFFEB00319FE50120A0E30000A0E3C0
S31580E22D10002083E5B775FFEBF0309FE5F0109FE585
S31580E22D200040A0E3000083E5E8309FE5000096E5F9
S31580E22D30002093E5E0309FE5002083E54FFBFFEB43
S31580E22D40D8009FE545FBFFEBD4309FE54520A0E325
S31580E22D50002083E5CC309FE50400A0E1004083E5D6
S31580E22D60A475FFEB031BA0E39C0200EBB8309FE562
S31580E22D700620A0E3B4009FE5011B81E2001083E513
S31580E22D80AC309FE50410A0E1004083E596F3FFEBCB
S31580E22D90A0309FE5022CA0E3B020C3E108D08DE20B
S31580E22DA0F041BDE8DFFDFFEAC5D9E2802401E38098
S31580E22DB0D3D9E2802801E380DFD9E280046CE68021
S31580E22DC0FC53E680289B0981419B0981AC6BE680B6
S31580E22DD015DAE280349B09812ADAE28083DAE280BC
S31580E22DE056DAE280F46BE680A06BE68088DAE280EF
S31580E22DF0786BE680A7DAE280B7DAE280EEDAE28022
S31580E22E00E0F4E280CEDAE280E3DAE2802C9B0981AA
S31580E22E10149B0981842AE2802001E3801C01E380FD
S31580E22E20F026E280309B0981189B0981249B0981E7
S31580E22E30846CE680209B09812C01E38000FEDF80A2
S31580E22E400EB0A0E10010A0E314009FE5001080E53B
S31580E22E500010A0E30C009FE5001080E50BE0A0E106
S31580E22E600EF0A0E11C0000082000000808402DE9D1
S31580E22E707E76FFEB0000A0E30880BDE8003099E5AE
S31580E22E8008209FE5082083E50000A0E31EFF2FE1EE
S31580E22E900001008010402DE90113A0E30201A0E3C6
S31580E22EA00940A0E142B3FFEB340084E50000A0E3F1
S31580E22EB01080BDE810402DE90020A0E30140A0E1AA
S31580E22EC0F6F6FFEB002094E50030D2E54D0053E3C1
S31580E22ED00E00000A0400008A470053E30800000A55
S31580E22EE04B0053E30C00000A1080BDE86B0053E30D
S31580E22EF00900000A6D0053E30400000A670053E309
S31580E22F001080BD180115A0E1201B81E10005A0E13A
S31580E22F100115A0E1201B81E10005A0E1012082E20A
S31580E22F200115A0E1201B81E1002084E50005A0E1F6
S31580E22F301080BDE80000A0E370402DE90010A0E11A
S31580E22F40B0209FE50030A0E182C9FFEB004050E26D
S31580E22F500500001A0410A0E10420A0E198009FE594
S31580E22F60AA9EFFEB0100A0E37080BDE80C6094E5C9
S31580E22F7088509FE50600A0E1181094E5006085E59B
S31580E22F80EC0100EB083094E50020A0E3083085E50B
S31580E22F9002C0A0E10230A0E1B400C5E10008A0E1F0
S31580E22FA02008A0E1000053E1080000AA031185E0B1
S31580E22FB00C2081E5181094E5012082E0021983E273
S31580E22FC00C1081E201C0C5E7013083E2F4FFFFEA3B
S31580E22FD02C309FE5542094E5142083E5582094E52F
S31580E22FE0182083E5502094E5102083E50C4083E5A4
S31580E22FF00600A0E17080BDE800B4C404F48BE280F0
S31580E230001C9C09811C3C0A8108402DE90A0A80E25F
S31580E2301001E0A0E114C090E50210A0E10C0090E589
S31580E230200320A0E10E30A0E13CFF2FE1000050E357
S31580E230300880BD0808009FE5749EFFEB0100A0E3CF
S31580E230400880BDE89CDBE280F04D2DE90920A0E313
S31580E2305038D04DE20140A0E1D4139FE528008DE50A
S31580E2306063F2FFEB008050E20300000AC4039FE5AF
S31580E23070669EFFEB0180A0E3EA0000EA28009DE578
S31580E230803A10A0E36AF2FFEB000050E30200001A76
S31580E23090A4039FE55D9EFFEBE20000EA0030A0E339
S31580E230A00420A0E194739FE5F021CDE101B080E2B6
S31580E230B008A0A0E10130A0E300005BE30600001A6D
S31580E230C0010053E30A80A011D600001A28109DE57C
S31580E230D06C039FE54D9EFFEBD20000EA0020DBE524
S31580E230E0000052E33B005213F4FFFF0A34B08DE551
S31580E230F00030DBE52D0053E30500001A01C08BE2C8
S31580E231000020E0E30030E0E334C08DE5F820CDE155
S31580E231100F0000EA0B00A0E134108DE264FFFFEBC2
S31580E23120F800CDE10020A0E10130A0E114039FE5A3
S31580E231300010A0E3010053E1000052010400008A7E
S31580E2314004039FE500B0A0E3309EFFEB0B40A0E1D5
S31580E231501E0000EA34009DE50030D0E5400053E3EE
S31580E231600500001A010080E238108DE2040021E5B4
S31580E231704FFFFFEBF801CDE1020000EA0020E0E339
S31580E231800030E0E3F821CDE134609DE50030D6E51C
S31580E23190280053E31650A0130060A0131800001A0B
S31580E231A0016086E20600A0E12910A0E334608DE5A5
S31580E231B01FF2FFEB000050E30040A0E134008DE512
S31580E231C00400001A84029FE5109EFFEB04B0A0E1A2
S31580E231D00150A0E35B0000EA005066E0015085E220
S31580E231E0010055E30140801234408D150400001A37
S31580E231F05C029FE50040A0E3049EFFEB04B0A0E101
S31580E23200500000EA4C129FE534009DE50220A0E3DF
S31580E23210F7F1FFEB000050E334309D050030A01358
S31580E232200230830234308D0534B09DE50130A0034F
S31580E232300010DBE524308DE52C0051E30B00001A0B
S31580E23240D820CDE10010E0E3010053E10000E0E3A5
S31580E232500000520101B08B1234B08D151300001AB2
S31580E23260F4019FE5E99DFFEB0040A0E3D6FFFFEA8C
S31580E232703B0051E3000051130140A0030040A0133C
S31580E232800700001AD820CDE10010E0E30000E0E379
S31580E23290010053E100005201D021CD01F820CD0199
S31580E232A0020000EAB4019FE5D89DFFEBC6FFFFEA84
S31580E232B0202085E20200A0E12C208DE5BA9FFFEB7B
S31580E232C02C209DE5004050E20200001A90019FE525
S31580E232D0CE9DFFEBBDFFFFEA0010A0E342F2FFEBDB
S31580E232E0D820CDE1200084E2F820C4E1D821CDE1E6
S31580E232F0000056E3F021C4E124309DE5183084E5F0
S31580E23300000084E50400000A0610A0E1012045E2FF
S31580E23310A3F1FFEB0030A0E3050000EAD821CDE17E
S31580E2332040119FE5F020CDE1D820CDE113F6FFEB09
S31580E233300130A0E30430C4E5003094E5053083E053
S31580E233400050A0E3015043E5000054E301508503B9
S31580E23350010015E35CFFFF1AD021C4E10010E0E32F
S31580E233600000E0E3010053E1000052010750A0E1D2
S31580E23370004087E50900001A00005AE30020A00316
S31580E233800030A0030400000A043017E5D800C3E148
S31580E23390D021C3E1002092E00130A3E0F021C4E134
S31580E233A0000094E5C0109FE50620A0E390F1FFEBD4
S31580E233B0000050E30500001A101094E5AC009FE58A
S31580E233C0B093FFEBA8009FE5081094E5AD93FFEB81
S31580E233D0000094E59C109FE50320A0E384F1FFEBD7
S31580E233E0000050E30500001A101094E588009FE57E
S31580E233F0A493FFEB84009FE5081094E5A193FFEB8D
S31580E23400003095E5D001CDE1D820C3E1047087E2B2
S31580E23410020050E00310C1E0F001CDE101A08AE2B2
S31580E234200030A0E323FFFFEA0800A0E138D08DE276
S31580E23430F08DBDE8E6DCE280477FE280D37EE28003
S31580E23440CC9B0981F0DBE280FF0F00008F7CE2807B
S31580E23450B07CE280D67CE280EC7CE280EF7CE2802B
S31580E23460207DE280537DE280627DE280747DE2802F
S31580E234707B7DE280897DE280957DE280997DE28036
S31580E23480A47DE280F8452DE968A09FE50050A0E1A1
S31580E234900160A0E10270A0E10380A0E10040A0E328
S31580E234A0060054E10E00000A04319AE70510A0E115
S31580E234B0000093E543F1FFEB000050E30600001ABB
S31580E234C030309FE5041193E7103091E5003087E5CF
S31580E234D0083091E5003088E5F885BDE8014084E270
S31580E234E0EEFFFFEA0510A0E10C009FE5479DFFEBAA
S31580E234F00000E0E3F885BDE8CC9B09810EDCE28042
S31580E23500F34D2DE90380A0E180309FE500E0A0E164
S31580E235100250A0E10040A0E30060A0E10070A0E3D9
S31580E23520010054E11300000A04C193E7D0A1CCE183
S31580E2353007005BE106005A010C00001AD820CCE1B4
S31580E235404C009FE5F060CDE100109CE52F9DFFEBFE
S31580E2355038309FE50000A0E3043193E7102093E53D
S31580E23560083093E5002085E5003088E5050000EA2D
S31580E23570014084E2E9FFFFEA18009FE50E10A0E130
S31580E23580229DFFEB0000E0E308D08DE2F08DBDE8FE
S31580E23590CC9B098125DCE28049DCE2809C309FE598
S31580E235A073402DE90050A0E3001093E50060A0E1AE
S31580E235B00D20A0E188009FE504308DE200508DE584
S31580E235C004508DE5AEFFFFEB010070E30040A0E121
S31580E235D00200001A6C009FE50C9DFFEB140000EAE6
S31580E235E00500A0E10510A0E10530A0E158209FE5A5
S31580E235F0D8C7FFEB005050E250009F050600000A54
S31580E2360050C095E506009DE80630A0E13CFF2FE13B
S31580E23610004050E20400000A34009FE534109FE542
S31580E23620FA9CFFEB0040E0E3010000EA0500A0E13E
S31580E2363033C9FFEB0400A0E108D08DE27080BDE8DB
S31580E23640B008E38061DCE28066DCE28000B4C40438
S31580E2365089DCE280A5DCE2801056E2809C309FE540
S31580E2366073402DE90050A0E3001093E50060A0E1ED
S31580E236700D20A0E188009FE504308DE200508DE5C3
S31580E2368004508DE57EFFFFEB010070E30040A0E190
S31580E236900200001A6C009FE5DC9CFFEB140000EA56
S31580E236A00500A0E10510A0E10530A0E158209FE5E4
S31580E236B0A8C7FFEB005050E250009F050600000AC3
S31580E236C050C095E506009DE80630A0E13CFF2FE17B
S31580E236D0004050E20400000A34009FE534109FE582
S31580E236E0CA9CFFEB0040E0E3010000EA0500A0E1AE
S31580E236F003C9FFEB0400A0E108D08DE27080BDE84B
S31580E23700B008E380957DE28066DCE28000B4C404A2
S31580E2371089DCE280A5DCE280B356E2800010A0E19B
S31580E2372008402DE908009FE5B89CFFEB0000A0E386
S31580E237300880BDE837DDE280012051E21EFF2F01DD
S31580E237402300003A010050E11A00009A020011E1DA
S31580E237501B00000A113F6FE1102F6FE1022043E068
S31580E237600130A0E31112A0E11332A0E10020A0E330
S31580E23770010050E10100402003208221A10050E1B6
S31580E23780A1004020A3208221210150E12101402095
S31580E2379023218221A10150E1A1014020A32182219E
S31580E237A0000050E32332B0112112A011EFFFFF1A7D
S31580E237B00200A0E11EFF2FE10100A0030000A0139A
S31580E237C01EFF2FE1112F6FE11F2062E23002A0E19E
S31580E237D01EFF2FE1000050E30000E013630000EAE1
S31580E237E0000051E3FAFFFF0A03402DE9D1FFFFEB28
S31580E237F00640BDE8920003E0031041E01EFF2FE1A0
S31580E23800000051E33000000A01C020E0001061426E
S31580E23810012051E21F00000A0030B0E10030604230
S31580E23820010053E11E00009A020011E12000000A25
S31580E23830112F6FE1130F6FE1000042E00120A0E358
S31580E238401110A0E11220A0E10000A0E3010053E103
S31580E238500130432002008021A10053E1A1304320C0
S31580E23860A2008021210153E12131432022018021DE
S31580E23870A10153E1A1314320A2018021000053E35B
S31580E238802222B0112112A011EFFFFF1A00005CE3A1
S31580E23890000060421EFF2FE100003CE10000604232
S31580E238A01EFF2FE10000A033CC0FA00101008003B0
S31580E238B01EFF2FE1112F6FE11F2062E200005CE321
S31580E238C03302A0E1000060421EFF2FE1000050E3D8
S31580E238D00201E0C30201A0B3240000EA000051E342
S31580E238E0F9FFFF0A03402DE9C6FFFFEB0640BDE87C
S31580E238F0920003E0031041E01EFF2FE1203052E206
S31580E2390020C062E23002A0413103A051110C804115
S31580E239103112A0E11EFF2FE1203052E220C062E2A6
S31580E239201112A0411013A051301C81411002A0E176
S31580E239301EFF2FE1000053E3000052030400001A49
S31580E23940000051E3000050030010E0130000E01392
S31580E23950060000EA08D04DE200602DE9160000EB91
S31580E2396004E09DE508D08DE20C00BDE81EFF2FE164
S31580E2397002402DE90800A0E367FFFFEB0280BDE885
S31580E23980F0412DE90280A0E10360A0E10040A0E1E0
S31580E239900150A0E1170000EB980103E0903623E0A6
S31580E239A0986087E0077083E018309DE5064054E032
S31580E239B00750C5E0F040C3E1F081BDE8F8432DE968
S31580E239C00250A0E10340A0E10060A0E10170A0E125
S31580E239D05F0000EB20309DE5900404E0908589E06D
S31580E239E0954124E0086056E0099084E00970C7E0DA
S31580E239F0F060C3E1F883BDE8000051E3F84F2DE9BA
S31580E23A0003C0A0E102E0A0E10070A0A10160A0A154
S31580E23A1000A0A0A3040000AA000070E20010E1E288
S31580E23A200070A0E10160A0E100A0E0E3000053E3C2
S31580E23A30040000AA002072E20030E3E20AA0E0E19C
S31580E23A4002E0A0E103C0A0E106005CE107005E01BE
S31580E23A500E00A0E10C10A0E10740A0E10650A0E133
S31580E23A600000A0830010A0833400008A000051E3A6
S31580E23A70107F6F01117F6F1120708702000056E37D
S31580E23A80143F6F0120308302163F6F11077063E0A7
S31580E23A900720A0E19FFFFFEB07B0A0E1010056E11E
S31580E23AA0000054010080A0E10190A0E10000A03373
S31580E23AB00010A0330500003A084054E00100A0E37C
S31580E23AC00010A0E30720A0E10950C6E091FFFFEBDA
S31580E23AD0000057E31900000AA990B0E16880A0E1EE
S31580E23AE0090055E1080054010600003A084054E016
S31580E23AF00950C5E0044094E00550A5E0014094E217
S31580E23B000050A5E2010000EA044094E00550A5E0F9
S31580E23B10017057E2F1FFFF1A006094E00170A5E0C0
S31580E23B200B20A0E10400A0E10510A0E172FFFFEB0B
S31580E23B300B20A0E177FFFFEB000056E00110C7E023
S31580E23B4000005AE3F88FBD08000070E20010E1E25F
S31580E23B50F88FBDE8010053E100005201F8432DE9F8
S31580E23B600040A0E10150A0E13700008A000053E363
S31580E23B70126F6F01136F6F1120608602000051E3AE
S31580E23B80101F6F0120108102111F6F11066061E024
S31580E23B900200A0E10310A0E10620A0E15DFFFFEBB9
S31580E23BA00670A0E1010055E1000054010080A0E129
S31580E23BB00190A0E10000A0330010A0330500003A96
S31580E23BC0084054E00100A0E30010A0E30620A0E153
S31580E23BD00950C5E04FFFFFEB000056E3F883BD08CE
S31580E23BE0A990B0E16880A0E1090055E1080054019E
S31580E23BF00600003A084054E00950C5E0044094E0EB
S31580E23C000550A5E0014094E20050A5E2010000EAF9
S31580E23C10044094E00550A5E0016056E2F1FFFF1A08
S31580E23C20008094E00190A5E00720A0E10400A0E1F5
S31580E23C300510A0E130FFFFEB0720A0E135FFFFEBA7
S31580E23C40000058E00110C9E0F883BDE80000A0E377
S30D80E23C500010A0E3F883BDE851
S31580E23C588060E2808860E2808F60E2809660E280BF
S31580E23C689D60E280A460E280AB60E280B260E2803E
S31580E23C78B960E280C060E280C760E280CF60E280BD
S31580E23C88D760E280DF60E280E760E280EF60E28030
S31580E23C98F760E280FF60E2800661E2800D61E280A1
S31580E23CA81461E2801B61E2802261E2802961E2801E
S31580E23CB83061E2803761E2803E61E2804661E2809D
S31580E23CC84D61E2805561E2805D61E2806561E28014
S31580E23CD86D746470617274733D6D746470617274CC
S31580E23CE8733D737069302E303A3232304B403078D9
S31580E23CF8302855424F4F54292C344B40307833374D
S31580E23D0830303028454E56292C344B40307833387B
S31580E23D1830303028454E56424B292C36344B40308B
S31580E23D2878333930303028445442292C3136303091
S31580E23D384B4030783439303030284B45524E454CFA
S31580E23D48292C3330304B4030783144393030302882
S31580E23D584C4F474F292C313936304B403078323206
S31580E23D683430303028524F4F544653292C33303032
S31580E23D784B40307834304530303028434F4E4649D0
S31580E23D8847292C333734304B403078343539303024
S31580E23D983028415050290000B491E080A491E08017
S31580E23DA89491E0808491E0807491E0806491E080EF
S31580E23DB85491E0804491E0803491E0802491E080DF
S31580E23DC81491E0800491E080480010000000000031
S31580E23DD86EA7E28083A7E28096A7E280A6A7E28022
S31580E23DE8B0A7E280BCA7E280C6A7E280E6A7E28027
S31580E23DF8ACD2E2808C44E180000000000000000042
S31580E23E080000000000000000000000000000000042
S31580E23E18000000009418E080C6CFE280CDCFE28031
S31580E23E28E2CFE280F3CFE28004D0E28015D0E2806E
S31580E23E382AD0E28040D0E28054D0E28068D0E28024
S31580E23E487DD0E28091D0E280A4D0E280BBD0E280CD
S31580E23E58CED0E280E7D0E280FAD0E2800ED1E2806C
S31580E23E6821D1E28033D1E28048D1E2805DD1E2801D
S31580E23E7873D1E28088D1E2809CD1E280A9D1E280C6
S31580E23E88BED1E280D2D1E280E7D1E280FCD1E28083
S31580E23E980FD2E2801ED2E28032D2E28046D2E2803D
S31580E23EA85DD2E28070D2E28084D2E28097D2E280EA
S31580E23EB8B0D2E280C8D2E280DCD2E280E6D2E28088
S31580E23EC8FBD2E28010D3E28025D3E28000000000B4
S31580E23ED8963007772C610EEEBA51099919C46D07A7
S31580E23EE88FF46A7035A563E9A395649E3288DB0E02
S31580E23EF8A4B8DC791EE9D5E088D9D2972B4CB609E5
S31580E23F08BD7CB17E072DB8E7911DBF906410B71DC1
S31580E23F18F220B06A4871B9F3DE41BE847DD4DA1AFA
S31580E23F28EBE4DD6D51B5D4F4C785D38356986C132B
S31580E23F38C0A86B647AF962FDECC9658A4F5C0114A4
S31580E23F48D96C0663633D0FFAF50D088DC8206E3B82
S31580E23F585E10694CE44160D5727167A2D1E4033C94
S31580E23F6847D4044BFD850DD26BB50AA5FAA8B535BB
S31580E23F786C98B242D6C9BBDB40F9BCACE36CD832AA
S31580E23F88755CDF45CF0DD6DC593DD1ABAC30D92651
S31580E23F983A00DE518051D7C81661D0BFB5F4B42154
S31580E23FA823C4B3569995BACF0FA5BDB89EB8022851
S31580E23FB80888055FB2D90CC624E90BB1877C6F2FD6
S31580E23FC8114C6858AB1D61C13D2D66B69041DC76D1
S31580E23FD80671DB01BC20D2982A10D5EF8985B171AA
S31580E23FE81FB5B606A5E4BF9F33D4B8E8A2C9077859
S31580E23FF834F9000F8EA8099618980EE1BB0D6A7FF0
S31580E240082D3D6D08976C6491015C63E6F4516B6BA8
S31580E2401862616C1CD83065854E0062F2ED95066C5D
S31580E240287BA5011BC1F4088257C40FF5C6D9B065D2
S31580E2403850E9B712EAB8BE8B7C88B9FCDF1DDD622F
S31580E24048492DDA15F37CD38C654CD4FB5861B24D95
S31580E24058CE51B53A7400BCA3E230BBD441A5DF4A5F
S31580E24068D795D83D6DC4D1A4FBF4D6D36AE9694322
S31580E24078FCD96E34468867ADD0B860DA732D0444CD
S31580E24088E51D03335F4C0AAAC97C0DDD3C710550F8
S31580E24098AA41022710100BBE86200CC925B568579F
S31580E240A8B3856F2009D466B99FE461CE0EF9DE5EE8
S31580E240B898C9D9292298D0B0B4A8D7C7173DB35999
S31580E240C8810DB42E3B5CBDB7AD6CBAC02083B8ED2A
S31580E240D8B6B3BF9A0CE2B6039AD2B1743947D5EA37
S31580E240E8AF77D29D1526DB048316DC73120B63E366
S31580E240F8843B64943E6A6D0DA85A6A7A0BCF0EE4C5
S31580E241089DFF099327AE000AB19E077D44930FF07F
S31580E24118D2A3088768F2011EFEC206695D5762F776
S31580E24128CB67658071366C19E7066B6E761BD4FEB3
S31580E24138E02BD3895A7ADA10CC4ADD676FDFB9F990
S31580E24148F9EFBE8E43BEB717D58EB060E8A3D6D652
S31580E241587E93D1A1C4C2D83852F2DF4FF167BBD180
S31580E241686757BCA6DD06B53F4B36B248DA2B0DD883
S31580E241784C1B0AAFF64A0336607A0441C3EF60DF26
S31580E2418855DF67A8EF8E6E3179BE69468CB361CB0F
S31580E241981A8366BCA0D26F2536E2685295770CCC34
S31580E241A803470BBBB91602222F260555BE3BBAC575
S31580E241B8280BBDB2925AB42B046AB35CA7FFD7C266
S31580E241C831CFD0B58B9ED92C1DAEDE5BB0C2649B57
S31580E241D826F263EC9CA36A750A936D02A906099C8A
S31580E241E83F360EEB8567077213570005824ABF95FD
S31580E241F8147AB8E2AE2BB17B381BB60C9B8ED29280
S31580E242080DBED5E5B7EFDC7C21DFDB0BD4D2D386D6
S31580E2421842E2D4F1F8B3DD686E83DA1FCD16BE8149
S31580E242285B26B9F6E177B06F7747B718E65A08881A
S31580E24238706A0FFFCA3B06665C0B0111FF9E658FAB
S31580E2424869AE62F8D3FF6B6145CF6C1678E20AA055
S31580E24258EED20DD75483044EC2B30339612667A7DB
S31580E24268F71660D04D476949DB776E3E4A6AD1AE2A
S31580E24278DC5AD6D9660BDF40F03BD83753AEBCA9B9
S31580E24288C59EBBDE7FCFB247E9FFB5301CF2BDBD26
S31580E242988AC2BACA3093B353A6A3B4240536D0BA2F
S31580E242A89306D7CD2957DE54BF67D9232E7A66B3CC
S31580E242B8B84A61C4021B685D942B6F2A37BE0BB479
S31580E242C8A18E0CC31BDF055A8DEF022D000000007C
S31580E242D838000000280000004800000002000000C4
S31580E242E8010000000000000000000000000100005C
S31580E242F8000200000000000044CEE28055CEE28053
S31580E2430864CEE28074CEE28086CEE280000000004F
S31580E2431896CEE280A7CEE280B9CEE280CACEE280AD
S31580E24328DDCEE280F2CEE28000001720040017207C
S31580E243380800172014001720180017201C001720E1
S31580E243480000122000801220C2B7E28001661F00B8
S31580E243580000000000800000040000000200000067
S31580E2436800000000CCB7E28004661F00000000006F
S31580E2437800000100080000000200000000000000C2
S31580E24388D6B7E28001441F00000000000000010069
S31580E24398080000000200000000000000E1B7E280A9
S31580E243A800481F00000000000000010080000000B5
S31580E243B80200000000000000EBB7E28000041F0064
S31580E243C80000000000000100080000000200000072
S31580E243D800000000F4B7E28001451F0000000000FB
S31580E243E8000001001000000002000000000000004A
S31580E243F8FFB7E28001461F000000000000000100CE
S31580E244082000000002000000000000000AB8E280F6
S31580E2441801471F0000000000000001004000000084
S31580E24428020000000000000014B8E2801620C200F4
S31580E2443800000000000001004000000022000000A9
S31580E24448000000001FB8E2801720C20000000000CA
S31580E244580000010080000000A208000000000000C1
S31580E2446827B8E2801820C2000000000000000100A0
S31580E2447800010000A20800000000000030B8E280D7
S31580E244881826C200000000000000010000010000BA
S31580E2449822000000000000003CB8E280120201001F
S31580E244A80000000000000100080000000200000091
S31580E244B80000000046B8E280130201000000000016
S31580E244C80000010010000000020000000000000069
S31580E244D850B8E280140201000000000000000100EA
S31580E244E82000000002000000000000005AB8E280C6
S31580E244F815020100000000000000010040000000F3
S31580E24508020000000000000064B8E28016020100A2
S31580E2451800000000000001008000000002000000A8
S31580E24528000000006EB8E280182001000003000057
S31580E2453800000400400000000200000000000000C5
S31580E2454879B8E2801820010001030000000001002A
S31580E2455800010000020000000000000084B8E2804A
S31580E2456818200100004D0000000004004000000011
S31580E2457802000000000000008FB8E28018200100E7
S31580E24588014D000000000100000100000200000069
S31580E24598000000009AB8E2808D25BF000000000086
S31580E245A80000010008000000020000000000000090
S31580E245B8A6B8E2808E25BF00000000000000010058
S31580E245C8100000000200000000000000B2B8E2809D
S31580E245D84125BF0000000000000001002000000025
S31580E245E80200000000000000BEB8E2804A25BF0053
S31580E245F80000000000000100400000000200000008
S31580E2460800000000CAB8E2800125BF000000000071
S31580E246180000010001000000020000000000000026
S31580E24628D5B8E2800225BF00000000000000010044
S31580E24638020000000200000000000000E0B8E2800C
S31580E246480325BF000000000000000100040000000E
S31580E246580200000000000000EBB8E2800425BF00FB
S31580E2466800000000000001000800000002000000CF
S31580E2467800000000F6B8E28010202000000000006A
S31580E246880080000002000000020000000000000036
S31580E24698FDB8E280112020000000000000800000C2
S31580E246A804000000020000000000000004B9E28075
S31580E246B81220200000000000000001000400000033
S31580E246C802000000000000000BB9E28013202000FF
S31580E246D8000000000000010008000000020000005F
S31580E246E80000000012B9E28000000000000000002D
S31580E246F80000010010000000020000000000000037
S31580E2470819B9E280152020000000000000000100AF
S31580E2471820000000020000000000000020B9E280CC
S31580E247281620200000000000000001004000000082
S31580E24738020000000000000027B9E280172020006E
S31580E247480000000000000100800000000200000076
S31580E24758000000002EB9E280182020000000000048
S31580E247680000040040000000020000000000000093
S31580E2477836B9E28011402000000000000000010006
S31580E247880200000002000000000000003EB9E2805C
S31580E247981440200000000000000001001000000024
S31580E247A8020000000000000046B9E28015402000C1
S31580E247B80000000000000100200000000200000066
S31580E247C8000000004EB9E28014802000000000005C
S31580E247D80000010010000000020000000000000056
S31580E247E856B9E28015802000000000000000010032
S31580E247F82000000002000000000000005EB9E280AE
S31580E248081130EF0000000000000001000200000005
S31580E24818020000000000000065B9E2801230EF0075
S31580E248280000000000000100040000000200000011
S31580E24838000000006CB9E2801330EF00000000004F
S31580E2484800000100080000000200000000000000ED
S31580E2485873B9E2801430EF00000000000000010026
S31580E248681000000002000000000000007AB9E28031
S31580E248781530EF0000000000000001002000000073
S31580E24888020000000000000081B9E2801630EF00E5
S31580E248980000000000000100400000000200000065
S31580E248A80000000088B9E2801730EF0000000000BF
S31580E248B80000010080000000020000000000000005
S31580E248C88FB9E2801740EF00000000000000010087
S31580E248D880000000A23800000000000098B9E2805B
S31580E248E81640EF0000000000000001008000000092
S31580E248F8A238000000000000A1B9E2801840EF006B
S31580E24908000000000000010000010000A23800005B
S31580E2491800000000A9B9E2801740C8000000000044
S31580E2492800000100800000008218000000000000FC
S31580E24938B2B9E2801740C80000000000000001001A
S31580E24948800000008238000053000000BBB9E28094
S31580E249581840C800000000000000010000010000C5
S31580E249688218000000000000C4B9E2801940EF0016
S31580E249780000000000000100000200000230010091
S31580E2498800000000CDB9E2801940C80000000000AE
S31580E2499800000100000200008238010000000000E9
S31580E249A8D6B9E280177020000000000000000100FE
S31580E249B880000000F218020000000000E0B9E28000
S31580E249C818702000000000000000010000010000CD
S31580E249D8F218020000000000EBB9E28017701C00B2
S31580E249E8000000000000010080000000F2180200CA
S31580E249F800000000F4B9E2801740200000000000C1
S31580E24A080000010080000000A218020000000000F9
S31580E24A18FEB9E28018402000000000000000010094
S31580E24A2800010000A21800000000000009BAE28036
S31580E24A3817406800000000000000010080000000C6
S31580E24A48F21800000000000016BAE28018406800FA
S31580E24A58000000000000010000010000F2180000DA
S31580E24A680000000024BAE2801740A100000000009E
S31580E24A780000010080000000F2180000000000003B
S31580E24A882CBAE2801840A100000000000000010074
S31580E24A9800010000F21800000000000035BAE2804A
S31580E24AA81732F800000000000000010080000000D4
S31580E24AB8F21800000000000041BAE28016405E006B
S31580E24AC8000000000000010040000000F21800002B
S31580E24AD8000000004ABAE28017405E00000000004B
S31580E24AE80000010080000000F218000000000000CB
S31580E24AF853BAE28018405E00000000000000010020
S31580E24B0800010000F2180000000000005DBAE280B1
S31580E24B1817400B0000000000000001008000000042
S31580E24B28F21800000000000066BAE28018400B0026
S31580E24B38000000000000010000010000F2180000F9
S31580E24B480000000070BAE2801722520000000000DE
S31580E24B5800000100800000008238000000000000AA
S31580E24B687BBAE280182152000000000000000100B2
S31580E24B7800010000823800000000000087BAE28067
S31580E24B8816701C00000000000000010040000000D2
S31580E24B9802000000000000009077E2804492E28002
S31580E24BA88A77E2808577E2800000000000000000D4
S31580E24BB831A4E280010000003EA4E28044A4E280BF
S31580E24BC8020000004AA4E2804EA4E28003000000CC
S31580E24BD858A4E28052A4E280040000005CA4E28049
S31580E24BE861A4E2800C00000066A4E2806BA4E28005
S31580E24BF80E00000070A4E2807BA4E280050000003B
S31580E24C0886A4E2808BA4E2800600000090A4E2807B
S31580E24C1897A4E2800F000000A3A4E280A9A4E28020
S31580E24C2807000000B1A4E280B9A4E2800700000090
S31580E24C38C1A4E280B9A4E28008000000C5A4E280AB
S31580E24C48CAA4E28009000000E697E280D3A4E28063
S31580E24C580A000000DAA4E280E0A4E2800B00000009
S31580E24C68E6A4E280EEA4E28010000000FBA4E280E3
S31580E24C7804A5E280110000000DA5E28013A5E2807A
S31580E24C881400000019A5E2801FA5E2801500000045
S31580E24C9825A5E2802AA5E2801300000038A5E280F5
S31580E24CA840A5E280FFFFFFFFEEDAE280EEDAE280FD
S31580E24CB800000000BBA1E280C0A1E2800200000001
S31580E24CC8CDA1E280D3A1E28001000000E4A1E280E6
S31580E24CD8E9A1E28003000000F9A1E280FEA1E28078
S31580E24CE8040000000EA2E28012A2E280FFFFFFFF2C
S31580E24CF8EEDAE280EEDAE2800000000000000000F0
S31580E24D08D8A3E28005000000E3A3E280E9A3E2807B
S31580E24D1802000000EFA3E280F6A3E280160000001C
S31580E24D28FDA3E28001A4E280170000000AA4E280E3
S31580E24D3810A4E2801200000017A4E2801DA4E2809B
S31580E24D481100000023A4E2802AA4E280FFFFFFFF8D
S31580E24D58EEDAE280EEDAE2800D00000021A2E2805D
S31580E24D682AA2E28007000000E98BE2803CA2E28088
S31580E24D78050000004DA2E28056A2E280080000000B
S31580E24D885FA2E28067A2E2800200000078A2E28067
S31580E24D987FA2E2800E0000008CA2E2809AA2E280E4
S31580E24DA809000000B9A2E280C2A2E2800A000000FD
S31580E24DB8D6A2E280DFA2E2800000000000000000C6
S31580E24DC8F9A2E2800400000007A3E2800DA3E28054
S31580E24DD80C0000001EA3E28028A3E2800F000000F8
S31580E24DE83FA3E28048A3E280030000005366E280A4
S31580E24DF861A3E280060000006FA3E28076A3E280E8
S31580E24E08010000007DA3E28088A3E2800B00000017
S31580E24E189BA3E280A4A3E28010000000B6A3E2800E
S31580E24E28BFA3E280FFFFFFFFEEDAE280EEDAE280FE
S31580E24E380800000004000000010000000020622C47
S31580E24E48CF29A025002024195111D408622C903D3F
S31580E24E58FE393134622CDF2205183E0CCF29FE3921
S31580E24E68A0362931CF29D920A016890BA02531343D
S31580E24E7829313E2CA025901D5D14610A0020622C02
S31580E24E88CF29A025002024195111D4082419DF221C
S31580E24E98D920901D2419C1139B0DEF0651110518CF
S31580E24EA8A0165D1451119B0D5F09C704D4083E0C08
S31580E24EB8890B610AD408EF06C7046F020000211045
S31580E24EC8422063308440A550C660E7700881299104
S31580E24ED84AA16BB18CC1ADD1CEE1EFF131121002AC
S31580E24EE873325222B5529442F772D6623993188354
S31580E24EF87BB35AA3BDD39CC3FFF3DEE36224433478
S31580E24F0820040114E664C774A44485546AA54BB5A3
S31580E24F1828850995EEE5CFF5ACC58DD5533672264B
S31580E24F2811163006D776F6669556B4465BB77AA7F3
S31580E24F3819973887DFF7FEE79DD7BCC7C448E55897
S31580E24F488668A7784008611802282338CCC9EDD943
S31580E24F588EE9AFF9488969990AA92BB9F55AD44AEB
S31580E24F68B77A966A711A500A333A122AFDDBDCCB93
S31580E24F78BFFB9EEB799B588B3BBB1AABA66C877CB7
S31580E24F88E44CC55C222C033C600C411CAEED8FFDE3
S31580E24F98ECCDCDDD2AAD0BBD688D499D977EB66E8B
S31580E24FA8D55EF44E133E322E511E700E9FFFBEEF33
S31580E24FB8DDDFFCCF1BBF3AAF599F788F8891A981F5
S31580E24FC8CAB1EBA10CD12DC14EF16FE18010A100DF
S31580E24FD8C230E3200450254046706760B9839893CF
S31580E24FE8FBA3DAB33DC31CD37FE35EF3B10290122F
S31580E24FF8F322D2323542145277625672EAB5CBA59B
S31580E25008A89589856EF54FE52CD50DC5E234C3247E
S31580E25018A01481046674476424540544DBA7FAB76E
S31580E250289987B8975FE77EF71DC73CD7D326F236CE
S31580E250389106B01657667676154634564CD96DC9BA
S31580E250480EF92FE9C899E9898AB9ABA9445865481E
S31580E2505806782768C018E1088238A3287DCB5CDB0E
S31580E250683FEB1EFBF98BD89BBBAB9ABB754A545A6E
S31580E25078376A167AF10AD01AB32A923A2EFD0FEDDA
S31580E250886CDD4DCDAABD8BADE89DC98D267C076CBE
S31580E25098645C454CA23C832CE01CC10C1FEF3EFFAE
S31580E250A85DCF7CDF9BAFBABFD98FF89F176E367E0E
S31580E250B8554E745E932EB23ED10EF01E000000006D
S31580E250C80000000000000000000001FFFFFFFFFF74
S31580E250D8FFFFFFFF04FFFFFFFFFFFFFEFFFFFF0269
S31580E250E8000102030405060708090A0B0C0D0E0FD8
S31580E250F8101112131415161718191A1B1C1D1E1FC8
S31580E25108202122232425262728292A2B2C2D2E2FB7
S31580E25118303132333435363738393A3B3C3D3E3FA7
S31580E25128404142434445464748494A4B4C4D4E4F97
S31580E25138505152535455565758595A5B5C5D5E5F87
S31580E25148606162636465666768696A6B6C6D6E6F77
S31580E25158707172737475767778797A7B7C7D7E7F67
S31580E25168808182838485868788898A8B8C8D8E8F57
S31580E25178909192939495969798999A9B9C9D9E9F47
S31580E25188A0A1A2A3A4A5A6A7A8A9AAABACADAEAF37
S31580E25198B0B1B2B3B4B5B6B7B8B9BABBBCBDBEBF27
S31580E251A8C0C1C2C3C4C5C6C7C8C9CACBCCCDCECF17
S31580E251B8D0D1D2D3D4D5D6D7D8D9DADBDCDDDEDF07
S31580E251C8E0E1E2E3E4E5E6E7E8E9EAEBECEDEEEFF7
S31580E251D8F0F1F2F3F4F5F6F7F8F9FAFBFCFDFEFFE7
S31580E251E8FFFFFFFFFFFFFFFFFFFFFFFFFFFFFFFF5F
S31580E251F8FFFFFFFFFFFFFFFFFFFFFFFFFFFFFFFF4F
S31580E25208FFFFFFFFFFFFFFFFFFFFFFFFFFFFFFFF3E
S31580E25218FFFFFFFFFFFFFFFFFFFFFFFFFFFFFFFF2E
S31580E25228FFFFFFFFFFFFFFFFFFFFFFFFFFFFFFFF1E
S31580E25238FFFFFFFFFFFFFFFFFFFFFFFFFFFFFFFF0E
S31580E25248FFFFFFFFFFFFFFFFFFFFFFFFFFFFFFFFFE
S31580E25258FFFFFFFFFFFFFFFFFFFFFFFFFFFFFFFFEE
S31580E25268FFFFFFFFFFFFFFFFFFFFFFFFFFFFFFFFDE
S31580E25278FFFFFFFFFFFFFFFFFFFFFFFFFFFFFFFFCE
S31580E25288FFFFFFFFFFFFFFFFFFFFFFFFFFFFFFFFBE
S31580E25298FFFFFFFFFFFFFFFFFFFFFFFFFFFFFFFFAE
S31580E252A8FFFFFFFFFFFFFFFFFFFFFFFFFFFFFFFF9E
S31580E252B8FFFFFFFFFFFFFFFFFFFFFFFFFFFFFFFF8E
S31580E252C8FFFFFFFFFFFFFFFFFFFFFFFFFFFFFFFF7E
S31580E252D8FFFFFFFFFFFFFFFFFFFFFFFFFFFFFFFF6E
S31580E252E8000000000000000000000000000000004E
S31580E252F8000000000000000000000000000000003E
S31580E25308000000000000000000000000000000002D
S31580E25318000000000000000000000000000000001D
S31580E25328000000000000000000000000000000000D
S31580E2533800000000000000000000000000000000FD
S31580E2534800000000000000000000000000000000ED
S31580E2535800000000000000000000000000000000DD
S31580E2536800000000000000000000000000000000CD
S31580E2537800000000000000000000000000000000BD
S31580E2538800000000000000000000000000000000AD
S31580E25398000000000000000000000000000000009D
S31580E253A8000000000000000000000000000000008D
S31580E253B8000000000000000000000000000000007D
S31580E253C8000000000000000000000000000000006D
S31580E253D8000000000000000000000000000000005D
S31580E253E8000000000000000000000000000000004D
S31580E253F8000000000000000000000000000000003D
S31580E25408000000000000000000000000000000002C
S31580E25418000000000000000000000000000000001C
S31580E25428000000000000000000000000000000000C
S31580E2543800000000000000000000000000000000FC
S31580E2544800000000000000000000000000000000EC
S31580E2545800000000000000000000000000000000DC
S31580E2546800000000000000000000000000000000CC
S31580E2547800000000000000000000000000000000BC
S31580E2548800000000000000000000000000000000AC
S31580E25498000000000000000000000000000000009C
S31580E254A8000000000000000000000000000000008C
S31580E254B8000000000000000000000000000000007C
S31580E254C8000000000000000000000000000000006C
S31580E254D8000000000000000000000000000000005C
S31580E254E8000108100902030A11182019120B040593
S31580E254F80C131A21283029221B140D06070E151CB7
S31580E25508232A313839322B241D160F171E252C33C0
S31580E255183A3B342D261F272E353C3D362F373E3FE4
S31580E25528616B33395F736F66745F72657365740036
S31580E255386664745F66697875705F6D656D6F72793A
S31580E255485F62616E6B73006E6574626F6F745F63C0
S31580E255586F6D6D6F6E00646F5F6D656D5F6D770001
S31580E2556873617665656E76007365745F6465666198
S31580E25578756C745F656E7600656E765F696D706F61
S31580E255887274006D6F645F6D656D00646F5F6D6DDB
S31580E25598636F707300646F5F656E765F6578706F50
S31580E255A8727400646F5F656E765F696D706F727430
S31580E255B800616B5F7370695F77726974655F696E44
S31580E255C87465726E616C00616B5F7370695F726538
S31580E255D861645F696E7465726E616C00726561643E
S31580E255E85F656E76626B5F7370656300616B5F732E
S31580E255F870695F7772697465006D6D635F737461F4
S31580E2560872745F696E697400726561645F6C6F67F4
S31580E256186F5F646174610073645F757067726164F9
S31580E25628655F66696C655F7061727474696F6E7363
S31580E2563800696D6167655F73657475705F6C6962D1
S31580E2564866647400706172746974696F6E5F73748C
S31580E2565872696E675F706172736500706172746990
S31580E2566874696F6E735F6D746470617274735F7000
S31580E256786172736500757067726164655F70617285
S31580E25688746974696F6E735F75706461746500645A
S31580E256986F5F73645F75706772616465006D746469
S31580E256A870617274735F696E697400726561645F52
S31580E256B86474625F6461746100616B5F6D6D635F80
S31580E256C873645F73797374656D5F636C6B00616B2A
S31580E256D85F6D6D635F626F6172645F696E69740044
S31580E256E8616B5F6D6D635F726561645F64617461EE
S31580E256F800616B5F6D6D635F77726974655F646124
S31580E25708746100616B5F6D6D635F7365745F696F0A
S31580E257187300080808080808080808282828282896
S31580E257280808080808080808080808080808080889
S31580E257380808A01010101010101010101010101079
S31580E257481010040404040404040404041010101061
S31580E25758101010414141414141010101010101011C
S31580E25768010101010101010101010101011010108C
S31580E2577810101042424242424202020202020202EF
S31580E25788020202020202020202020202021010105F
S31580E257981008000000000000000000000000000081
S31580E257A80000000000000000000000000000000089
S31580E257B80000A01010101010101010101010101009
S31580E257C81010101010101010101010101010101069
S31580E257D8101001010101010101010101010101012B
S31580E257E8010101010101010101100101010101012A
S31580E257F8010202020202020202020202020202021A
S31580E2580802020202020202020210020202020202FA
S31580E258180202626F6F74617267733D636F6E736F54
S31580E258286C653D74747953414B302C313135323065
S31580E25838306E3820726F6F743D2F6465762F6D7483
S31580E2584864626C6F636B3420726F6F74667374799B
S31580E2585870653D7961666666733220696E69743D04
S31580E258682F7362696E2F696E6974206D656D3D3638
S31580E25878344D206D656D73697A653D36344D0062C7
S31580E258886F6F7464656C61793D31006261756472CB
S31580E258986174653D313135323030006970616464F6
S31580E258A8723D3139322E3136382E312E39390073FE
S31580E258B8657276657269703D3139322E3136382EA7
S31580E258C8312E31006E65746D61736B3D3235352EDE
S31580E258D83235352E3235352E30006D656D3D6D6546
S31580E258E86D3D36344D006D656D73697A653D6D65DE
S31580E258F86D73697A653D36344D006D74645F726F97
S31580E259086F743D2F6465762F6D7464626C6F636B1A
S31580E259183600726F6F746673747970653D737175EC
S31580E2592861736866730073665F687A3D38303030D3
S31580E259383030303000666474636F6E74726F6C6197
S31580E259486464723D30783831333030303030006DCF
S31580E25958746470617274733D6D7464706172747329
S31580E259683D737069302E303A3232304B403078307F
S31580E259782855424F4F54292C344B403078333730B0
S31580E25988303028454E56292C344B403078333830DF
S31580E25998303028454E56424B292C36344B403078A7
S31580E259A8333930303028445442292C313630304B22
S31580E259B84030783439303030284B45524E454C2980
S31580E259C82C3330304B403078314439303030284CC3
S31580E259D84F474F292C313936304B40307832323482
S31580E259E830303028524F4F544653292C3330304B7F
S31580E259F840307834304530303028434F4E46494738
S31580E25A08292C333734304B4030783435393030309E
S31580E25A18284150502900615F75626F6F745F666CCA
S31580E25A286167733D307830006B65726E656C5F6F67
S31580E25A3866667365743D3078306B65726E656C5FE9
S31580E25A48616464723D307830006B65726E656C5F56
S31580E25A5873697A653D307830006474625F6F666632
S31580E25A687365743D307830006474625F73697A6511
S31580E25A783D307830006474625F616464723D307888
S31580E25A8830006C6F6164616464723D3078383030BE
S31580E25A983038303030006664745F686967683D30F4
S31580E25AA878464646464646464600636F6E736F6C50
S31580E25AB8653D74747953414B302C3131353230300F
S31580E25AC86E3800657468616464723D30303A3535A3
S31580E25AD83A37623A62353A37643A663700696E69C6
S31580E25AE8743D2F7362696E2F696E697400626F6F97
S31580E25AF874617267733D636F6E736F6C653D7474C0
S31580E25B087953414B302C3131353230306E38207210
S31580E25B186F6F743D247B6D74645F726F6F747D20E2
S31580E25B28726F6F746673747970653D247B726F6F7A
S31580E25B38746673747970657D20696E69743D247BB9
S31580E25B48696E69747D2000726561645F6B65726EE9
S31580E25B58656C3D73662070726F626520303A3020DC
S31580E25B68247B73665F687A7D20303B207366207279
S31580E25B7865616420247B6C6F6164616464727D20F4
S31580E25B88247B6B65726E656C5F6F66667365747D22
S31580E25B9820247B6B65726E656C5F73697A657D00BE
S31580E25BA8726561645F6474623D73662070726F6267
S31580E25BB86520303A3020247B73665F687A7D2030B0
S31580E25BC83B207366207265616420247B6664746315
S31580E25BD86F6E74726F6C616464727D20247B647408
S31580E25BE8625F616464727D20247B6474625F736938
S31580E25BF87A657D3B666474206164647220247B6680
S31580E25C086474636F6E74726F6C616464727D0062D1
S31580E25C186F6F745F6E6F726D616C3D656E762073C1
S31580E25C28657420626F6F746172677320636F6E73D7
S31580E25C386F6C653D74747953414B302C3131353212
S31580E25C4830306E3820726F6F743D247B6D74645F7A
S31580E25C58726F6F747D20726F6F7466737479706514
S31580E25C683D247B726F6F746673747970657D206983
S31580E25C786E69743D247B696E69747D20247B6D74BC
S31580E25C886470617274737D20247B6D656D7D2024DA
S31580E25C987B6D656D73697A657D3B2072756E207260
S31580E25CA86561645F6B65726E656C3B20626F6F746B
S31580E25CB86D20247B6C6F6164616464727D202D2023
S31580E25CC8247B666474636F6E74726F6C61646472EB
S31580E25CD87D00626F6F74636D643D72756E20626F6C
S31580E25CE86F745F6E6F726D616C007672616D3D3155
S31580E25CF8324D0000002C20003031323334353637CD
S31580E25D08383941424344454661726F630073647829
S31580E25D1862696D000820080030313233343536370F
S31580E25D28383961626364656600455054474D4B4233
S31580E25D3855473A206661696C7572652061742025DB
S31580E25D48733A25642F25732829210A00616B5F6DD2
S31580E25D586F64756C655F72657365742E6300425510
S31580E25D6847210064656661756C745F697372282978
S31580E25D783A202063616C6C656420666F72204952B2
S31580E25D88512025642C20496E746572727570742070
S31580E25D985374617475732050520A000A0A25730A8D
S31580E25DA80A006261756472617465004452414D3AD3
S31580E25DB82020006C6F61642D656E7669726F6E6DF8
S31580E25DC8656E74002A2A2A206661696C6564202ACF
S31580E25DD82A2A0A006C6F6164207365745F6465665B
S31580E25DE861756C745F656E760A006D746470617253
S31580E25DF8747300666474636F6E74726F6C616464E4
S31580E25E087200726561645F6474625F646174612062
S31580E25E186572726F722E67642D3E6664745F626C19
S31580E25E286F623A307825780A004E65743A202020E7
S31580E25E38002866616B652072756E20666F722074C3
S31580E25E48726163696E6729006D616368696400558A
S31580E25E5873696E67206D6163686964203078256C42
S31580E25E68782066726F6D20656E7669726F6E6D6583
S31580E25E786E740A000A5374617274696E67206B6580
S31580E25E88726E656C202E2E2E25730A0A00626F6F5B
S31580E25E987461726773007573696E673A2046445413
S31580E25EA80A00464454206372656174696F6E20669F
S31580E25EB861696C6564212068616E67696E672E2EFA
S31580E25EC82E00526573657474696E67204350552057
S31580E25ED82E2E2E0A006F6666007063203A205B3C9F
S31580E25EE82530386C783E5D092020206C72203A2075
S31580E25EF85B3C2530386C783E5D0A7370203A202503
S31580E25F0830386C7820206970203A202530386C78D1
S31580E25F1809206670203A202530386C780A0072317A
S31580E25F28303A202530386C7820207239203A20257C
S31580E25F3830386C7809207238203A202530386C78E7
S31580E25F480A007237203A202530386C78202072365B
S31580E25F58203A202530386C7809207235203A202577
S31580E25F6830386C7820207234203A202530386C78A4
S31580E25F780A007233203A202530386C782020723233
S31580E25F88203A202530386C7809207231203A20254B
S31580E25F9830386C7820207230203A202530386C7878
S31580E25FA80A00466C6167733A202563256325632573
S31580E25FB86300202049525173202573202046495197
S31580E25FC87320257320204D6F646520257325730A17
S31580E25FD800756E646566696E656420696E7374724F
S31580E25FE8756374696F6E0A00736F6674776172653A
S31580E25FF820696E746572727570740A00707265666D
S31580E26008657463682061626F72740A0064617461A0
S31580E260182061626F72740A0A202020204D4159421B
S31580E260284520796F752073686F756C642072656137
S31580E260386420646F632F524541444D452E61726DEB
S31580E260482D756E616C69676E65642D6163636573D0
S31580E260587365730A0A006E6F7420757365640A0045
S31580E260686661737420696E74657272757074207273
S31580E260786571756573740A00555345525F32360009
S31580E260884649515F3236004952515F32360053569D
S31580E26098435F323600554B345F323600554B355FB7
S31580E260A8323600554B365F323600554B375F3236DD
S31580E260B800554B385F323600554B395F32360055DC
S31580E260C84B31305F323600554B31315F32360055CF
S31580E260D84B31325F323600554B31335F32360055BB
S31580E260E84B31345F323600554B31355F32360055A7
S31580E260F85345525F3332004649515F333200495243
S31580E26108515F3332005356435F333200554B345F27
S31580E26118333200554B355F333200554B365F333277
S31580E26128004142545F333200554B385F3332005573
S31580E261384B395F333200554B31305F333200554E3F
S31580E26148445F333200554B31325F333200554B313F
S31580E26158335F333200554B31345F33320053595310
S31580E261685F333200726573657474696E67202E2EAA
S31580E261782E0A002323205374617274696E67206144
S31580E2618870706C69636174696F6E206174203078AF
S31580E261982530386C58202E2E2E0A00232320417073
S31580E261A8706C69636174696F6E207465726D696E0D
S31580E261B8617465642C207263203D203078256C58A2
S31580E261C80A00726573657400506572666F726D2037
S31580E261D85245534554206F6620746865204350556E
S31580E261E800676F007374617274206170706C6963A2
S31580E261F86174696F6E206174206164647265737319
S31580E26208202761646472270061646472205B61722C
S31580E2621867202E2E2E5D0A202020202D2073746181
S31580E262287274206170706C69636174696F6E2061E3
S31580E26238742061646472657373202761646472276B
S31580E262480A20202020202070617373696E672027D8
S31580E262586172672720617320617267756D656E74F6
S31580E26268730076657269667900232320426F6F74BC
S31580E26278696E67206B65726E656C2066726F6D20DB
S31580E262884C656761637920496D6167652061742031
S31580E262982530386C78202E2E2E0A00426164204DF5
S31580E262A861676963204E756D6265720A0042616450
S31580E262B82048656164657220436865636B73756DB2
S31580E262C80A00202020566572696679696E672043DE
S31580E262D86865636B73756D202E2E2E20004261648D
S31580E262E82044617461204352430A00556E73757087
S31580E262F8706F7274656420417263686974656374E9
S31580E2630875726520307825780A0057726F6E672035
S31580E26318496D616765205479706520666F722025BC
S31580E263287320636F6D6D616E640A0057726F6E6774
S31580E2633820496D61676520466F726D617420666F6C
S31580E263487220257320636F6D6D616E640A00455213
S31580E26358524F523A2063616E277420676574206BC8
S31580E2636865726E656C20696D616765210A004552C2
S31580E26378524F523A20756E6B6E6F776E20696D61F9
S31580E26388676520666F726D61742074797065210A1B
S31580E2639800436F756C64206E6F742066696E642044
S31580E263A86B65726E656C20656E74727920706F6942
S31580E263B86E74210A0052616D6469736B20696D613E
S31580E263C8676520697320636F7272757074206F7265
S31580E263D820696E76616C69640A00436F756C642025
S31580E263E86E6F742066696E6420612076616C69647A
S31580E263F82064657669636520747265650A00202083
S31580E2640820584950202573202E2E2E200020202029
S31580E264184C6F6164696E67202573202E2E2E2000CC
S31580E264282020206B65726E656C206C6F6164656492
S31580E264382061742030782530386C782C20656E643B
S31580E26448203D2030782530386C780A00556E696DA3
S31580E26458706C656D656E74656420636F6D70726568
S31580E264687373696F6E20747970652025640A006992
S31580E264786D616765732E6F732E7374617274203DD6
S31580E26488203078256C582C20696D616765732E6F8C
S31580E26498732E656E64203D203078256C780A006913
S31580E264A86D616765732E6F732E6C6F6164203D2014
S31580E264B83078256C782C206C6F61645F656E642019
S31580E264C83D203078256C780A005741524E494E472E
S31580E264D83A206C656761637920666F726D617420B4
S31580E264E86D756C746920636F6D706F6E656E7420FE
S31580E264F8696D616765206F766572777269747465AE
S31580E265086E0A004552524F523A206E657720666F80
S31580E26518726D617420696D616765206F76657277E1
S31580E2652872697474656E202D206D75737420524578
S31580E265385345542074686520626F61726420746F73
S31580E26548207265636F7665720A00696E6974726431
S31580E265585F737461727400696E697472645F656E82
S31580E2656864004552524F523A20626F6F74696E6781
S31580E26578206F7320272573272028256429206973AD
S31580E26588206E6F7420737570706F727465640A001A
S31580E26598737562636F6D6D616E64206E6F7420735E
S31580E265A87570706F727465640A006175746F73745E
S31580E265B8617274006E6F0066696C6573697A6500EC
S31580E265C8547279696E6720746F206578656375742D
S31580E265D865206120636F6D6D616E64206F757420CE
S31580E265E86F66206F726465720A0079657300417519
S31580E265F8746F6D6174696320626F6F74206F662051
S31580E26608696D61676520617420616464722030789F
S31580E266182530386C58202E2E2E0A00626F6F746DE4
S31580E2662800626F6F74206170706C69636174696F00
S31580E266386E20696D6167652066726F6D206D656D26
S31580E266486F7279006C6F61646F730072616D6469F1
S31580E26658736B00636D646C696E6500626474007066
S31580E266687265700066616B650075736167653A206D
S31580E26678666174696E666F203C696E74657266617E
S31580E2668863653E205B3C6465765B3A706172745DF5
S31580E266983E5D0A000A2A2A20556E61626C6520747C
S31580E266A86F207573652025732025643A25642066F4
S31580E266B86F7220666174696E666F202A2A0A00669E
S31580E266C86174696E666F007072696E7420696E664F
S31580E266D86F726D6174696F6E2061626F7574206620
S31580E266E8696C6573797374656D003C696E746572FD
S31580E266F8666163653E205B3C6465765B3A7061728F
S31580E26708745D3E5D0A202020202D207072696E74A9
S31580E2671820696E666F726D6174696F6E2061626FF1
S31580E2672875742066696C6573797374656D206672B3
S31580E267386F6D202764657627206F6E2027696E74D1
S31580E2674865726661636527006661746C73006C695D
S31580E2675873742066696C657320696E20612064694A
S31580E26768726563746F7279202864656661756C7484
S31580E26778202F29003C696E746572666163653E20E6
S31580E267885B3C6465765B3A706172745D3E5D205B04
S31580E267986469726563746F72795D0A202020202DA0
S31580E267A8206C6973742066696C65732066726F6D96
S31580E267B8202764657627206F6E2027696E74657256
S31580E267C8666163652720696E206120276469726540
S31580E267D863746F727927006661746C6F6164006CAA
S31580E267E86F61642062696E6172792066696C652080
S31580E267F866726F6D206120646F732066696C65735B
S31580E26808797374656D003C696E74657266616365F9
S31580E268183E205B3C6465765B3A706172745D3E5D90
S31580E2682820203C616464723E203C66696C656E61D8
S31580E268386D653E205B6279746573205B706F735D0C
S31580E268485D0A202020202D204C6F61642062696ECB
S31580E268586172792066696C65202766696C656E6106
S31580E268686D65272066726F6D202764657627206FAF
S31580E268786E2027696E74657266616365270A2020D1
S31580E2688820202020746F20616464726573732027E8
S31580E2689861646472272066726F6D20646F73206606
S31580E268A8696C6573797374656D2E0A2020202020C1
S31580E268B82027706F73272067697665732074686509
S31580E268C82066696C6520706F736974696F6E20746F
S31580E268D86F207374617274206C6F6164696E67206D
S31580E268E866726F6D2E0A2020202020204966202796
S31580E268F8706F7327206973206F6D69747465642C71
S31580E26908203020697320757365642E2027706F7333
S31580E269182720726571756972657320276279746555
S31580E2692873272E0A20202020202027627974657317
S31580E2693827206769766573207468652073697A6546
S31580E2694820746F206C6F61642E20496620276279F5
S31580E26958746573272069732030206F72206F6D69A2
S31580E26968747465642C0A20202020202074686520AF
S31580E269786C6F61642073746F7073206F6E20656EBE
S31580E2698864206F662066696C652E0A2020202020A6
S31580E26998204966206569746865722027706F732757
S31580E269A8206F722027627974657327206172652069
S31580E269B86E6F7420616C69676E656420746F0A20F5
S31580E269C82020202020415243485F444D415F4D4973
S31580E269D84E414C49474E207468656E2061206D6948
S31580E269E873616C69676E6564206275666665722036
S31580E269F87761726E696E672077696C6C0A202020EF
S31580E26A082020206265207072696E74656420616EEA
S31580E26A186420706572666F726D616E6365207769F0
S31580E26A286C6C2073756666657220666F7220746810
S31580E26A3865206C6F61642E005468652061646472B7
S31580E26A48657373206F66207468652066647420694E
S31580E26A587320696E76616C696420284E554C4C29A0
S31580E26A682E0A006C6962666474206664745F636881
S31580E26A7865636B5F68656164657228293A20257368
S31580E26A8800202D20746F6F206F6C642C20666474EE
S31580E26A98202564203C20256400202D20746F6F20F9
S31580E26AA86E65772C20666474202564203E202564F2
S31580E26AB800222C2022002A2030782570205B30782C
S31580E26AC8253038785D003C00307825303878257373
S31580E26AD8005B0025303278257300666474616464ED
S31580E26AE872002F2A204E554C4C20706F696E746561
S31580E26AF872206572726F72202A2F002D63005468A5
S31580E26B08652061646472657373206F662074686554
S31580E26B182066647420697320252330386C780A00ED
S31580E26B284E6577206C656E677468202564203C2004
S31580E26B386578697374696E67206C656E67746820B8
S31580E26B4825642C2069676E6F72696E672E0A006CFF
S31580E26B586962666474206664745F6F70656E5F6985
S31580E26B686E746F28293A2025730A004E6F204644B0
S31580E26B7854206D656D6F7279206164647265737392
S31580E26B8820636F6E666967757265642E20506C65E0
S31580E26B9861736520636F6E6669677572650A746884
S31580E26BA8652046445420616464726573732076690D
S31580E26BB86120226664742061646472203C61646444
S31580E26BC8726573733E2220636F6D6D616E642E0A01
S31580E26BD841626F7274696E67210A006D6F004E6555
S31580E26BE877206C656E6774682030782558203C205B
S31580E26BF86578697374696E67206C656E67746820F8
S31580E26C08307825582C2061626F7274696E672E0A15
S31580E26C18006D6B006C6962666474206664745F708A
S31580E26C286174685F6F666673657428292072657415
S31580E26C3875726E65642025730A006C69626664748F
S31580E26C48206664745F6164645F7375626E6F64659F
S31580E26C5828293A2025730A00536F7272792C2049C3
S31580E26C6820636F756C64206E6F7420636F6E7665D1
S31580E26C78727420222573220A00556E6578706563E0
S31580E26C88746564206368617261637465722027251E
S31580E26C9863270A006C6962666474206664745F734B
S31580E26CA8657470726F7028293A2025730A006C69B8
S31580E26CB862666474206E6F6465206E6F7420666F98
S31580E26CC8756E640A00307825303858006572726FBE
S31580E26CD8723A20756E7072696E7461626C6520763E
S31580E26CE8616C75650A0030782570006C6962666445
S31580E26CF874206664745F67657470726F7028293A67
S31580E26D082025730A0025732025730A0025732573C7
S31580E26D18207B0A004E657374656420746F6F206405
S31580E26D286565702C2061626F7274696E672E0A00DF
S31580E26D3825737D3B0A00257325733B0A0025732557
S31580E26D4873203D200025732F2A204E4F50202A2F6C
S31580E26D580A00556E6B6E6F776E20746167203078A5
S31580E26D68253038580A006C696266647420666474F1
S31580E26D785F64656C70726F7028293A202025730AE1
S31580E26D88006C6962666474206664745F64656C5FCD
S31580E26D986E6F646528293A202025730A006D61673B
S31580E26DA869633A090909307825780A00746F74614B
S31580E26DB86C73697A653A09093078257820282564DA
S31580E26DC8290A006F66665F64745F737472756374AA
S31580E26DD83A0909307825780A006F66665F64745FD7
S31580E26DE8737472696E67733A0909307825780A008E
S31580E26DF86F66665F6D656D5F7273766D61703A090F
S31580E26E0809307825780A0076657273696F6E3A0971
S31580E26E180925640A006C6173745F636F6D705F76CF
S31580E26E28657273696F6E3A0925640A00626F6F74D8
S31580E26E385F63707569645F706879733A093078253B
S31580E26E48780A0073697A655F64745F737472696ECF
S31580E26E5867733A09307825780A0073697A655F64D8
S31580E26E68745F7374727563743A0909307825780A9F
S31580E26E78006E756D626572206D656D5F7273763AC6
S31580E26E880909307825780A00626F6F0072730069A3
S31580E26E986E64657809092020207374617274090921
S31580E26EA82020202073697A650A002D2D2D2D2D2D1F
S31580E26EB82D2D2D2D2D2D2D2D2D2D2D2D2D2D2D2D92
S31580E26EC82D2D2D2D2D2D2D2D2D2D2D2D2D2D2D2D82
S31580E26ED82D2D2D2D2D2D2D2D2D2D0A006C696266D9
S31580E26EE86474206664745F6765745F6D656D5F72EE
S31580E26EF8737628293A202025730A00202020202527
S31580E26F087809253038782530387809253038782553
S31580E26F183038780A006C6962666474206664745FE5
S31580E26F286164645F6D656D5F72737628293A2020A5
S31580E26F3825730A006C6962666474206664745F64A9
S31580E26F48656C5F6D656D5F72737628293A202025B8
S31580E26F58730A00666C617474656E6564206465762E
S31580E26F686963652074726565207574696C6974797C
S31580E26F7820636F6D6D616E6473003F00616C696159
S31580E26F887320666F72202768656C70270068656C67
S31580E26F9870007072696E7420636F6D6D616E6420C5
S31580E26FA86465736372697074696F6E2F75736167EE
S31580E26FB865000A092D207072696E742062726965AD
S31580E26FC866206465736372697074696F6E206F6632
S31580E26FD820616C6C20636F6D6D616E64730A68659F
S31580E26FE86C7020636F6D6D616E64202E2E2E0A0999
S31580E26FF82D207072696E742064657461696C65644B
S31580E27008207573616765206F662027636F6D6D6192
S31580E270186E642700232320546F74616C2053697A47
S31580E27028652020202020203D2030782530387820A1
S31580E270383D2025642042797465730A002323205310
S31580E2704877697463682062617564726174652074B5
S31580E270586F2025642062707320616E642070726589
S31580E27068737320454E544552202E2E2E0A006C6F9D
S31580E2707861647900232320526561647920666F72A0
S31580E270882062696E6172792028796D6F64656D29EF
S31580E2709820646F776E6C6F616420746F2030782518
S31580E270A830386C58206174202564206270732E2EE5
S31580E270B82E0A006C6F61647800232320526561642E
S31580E270C87920666F722062696E6172792028786D9E
S31580E270D86F64656D2920646F776E6C6F6164207466
S31580E270E86F2030782530386C5820617420256420EA
S31580E270F86270732E2E2E0A002323205265616479EC
S31580E2710820666F722062696E61727920286B657279
S31580E271186D69742920646F776E6C6F616420746F11
S31580E271282030782530386C582061742025642062B6
S31580E2713870732E2E2E0A0023232042696E6172799D
S31580E2714820286B65726D69742920646F776E6C6F1F
S31580E2715861642061626F727465640A002323205336
S31580E271687461727420416464722020202020203D5C
S31580E271782030782530386C580A00232320537769E3
S31580E2718874636820626175647261746520746F20C5
S31580E2719825642062707320616E64207072657373F1
S31580E271A820455343202E2E2E0A00217370695F668E
S31580E271B86C6173685F70726F62652829206661699F
S31580E271C86C6564006364683A25732C206C696E6525
S31580E271D83A25640A00217370695F666C6173685F39
S31580E271E8726561642829206661696C6564007361E9
S31580E271F87665656E763B72657365743B0020202002
S31580E27208202D2073662065726173652075626F6FC3
S31580E272187420656E76006C6F61642062696E617255
S31580E27228792066696C65206F766572207365726906
S31580E27238616C206C696E652028796D6F64656D2056
S31580E272486D6F646529005B206F6666205D205B2032
S31580E2725862617564205D0A202020202D206C6F6192
S31580E27268642062696E6172792066696C65206F76E0
S31580E2727865722073657269616C206C696E652077C8
S31580E27288697468206F666673657420276F666627F9
S31580E2729820616E642062617564726174652027621A
S31580E272A861756427006C6F61642062696E617279C8
S31580E272B82066696C65206F7665722073657269618E
S31580E272C86C206C696E652028786D6F64656D206DBB
S31580E272D86F646529006C6F616462006C6F6164201B
S31580E272E862696E6172792066696C65206F7665720D
S31580E272F82073657269616C206C696E6520286B659E
S31580E27308726D6974206D6F646529004261736520C8
S31580E27318416464726573733A2030782530386C78C4
S31580E273280A002A2A204572722025732C2061646419
S31580E2733872657373206265796F6E642075626F6FAA
S31580E27348742072616E6765202A2A0A0062797465FA
S31580E273580068616C66776F726400257320617420B9
S31580E2736830782530386C7820282523302A6C78299D
S31580E2737820213D2025732061742030782530386CB1
S31580E273887820282523302A6C78290A00546F74617C
S31580E273986C206F6620256C642025732873292077F4
S31580E273A8657265207468652073616D650A005A6541
S31580E273B8726F206C656E677468203F3F3F0A0043B0
S31580E273C86F707920746F20466C6173682E2E2E203A
S31580E273D800435243333220666F72202530386C7808
S31580E273E8202E2E2E202530386C78203D3D3E2025D5
S31580E273F830386C780A002530386C783A00202530A7
S31580E2740838780020253034780020253032780020FC
S31580E274183F20006C6F6F7000696E66696E6974658D
S31580E27428206C6F6F70206F6E20616464726573730F
S31580E274382072616E6765005B2E622C202E772C2087
S31580E274482E6C5D2061646472657373206E756D62FD
S31580E2745865725F6F665F6F626A65637473006261A5
S31580E274687365007072696E74206F7220736574201A
S31580E2747861646472657373206F6666736574000A05
S31580E27488202020202D207072696E742061646472D7
S31580E27498657373206F666673657420666F72206D96
S31580E274A8656D6F727920636F6D6D616E64730A6262
S31580E274B8617365206F66660A202020202D20736519
S31580E274C8742061646472657373206F66667365742B
S31580E274D820666F72206D656D6F727920636F6D6D50
S31580E274E8616E647320746F20276F66662700637205
S31580E274F863333200636865636B73756D2063616CB1
S31580E2750863756C6174696F6E0061646472657373C6
S31580E2751820636F756E74205B616464725D0A2020F5
S31580E2752820202D20636F6D70757465204352433336
S31580E275383220636865636B73756D205B736176650C
S31580E2754820617420616464725D00636D70006D65AC
S31580E275586D6F727920636F6D70617265005B2E6202
S31580E275682C202E772C202E6C5D206164647231206B
S31580E27578616464723220636F756E74006370006D45
S31580E27588656D6F727920636F7079005B2E622C204D
S31580E275982E772C202E6C5D20736F7572636520744E
S31580E275A8617267657420636F756E74006D77006DBE
S31580E275B8656D6F7279207772697465202866696C61
S31580E275C86C29005B2E622C202E772C202E6C5D2077
S31580E275D8616464726573732076616C7565205B633A
S31580E275E86F756E745D006E6D006D656D6F72792074
S31580E275F86D6F646966792028636F6E7374616E74E1
S31580E27608206164647265737329005B2E622C202E76
S31580E27618772C202E6C5D2061646472657373006DCD
S31580E276286D006D656D6F7279206D6F64696679201C
S31580E27638286175746F2D696E6372656D656E74699E
S31580E276486E67206164647265737329006D656D6F18
S31580E27658727920646973706C6179005B2E622C2082
S31580E276682E772C202E6C5D2061646472657373209C
S31580E276785B23206F66206F626A656374735D004F71
S31580E276884B004552524F52004E6F204D4D43206477
S31580E27698657669636520617661696C61626C650AA3
S31580E276A80072657363616E006E6F206D6D63206430
S31580E276B8657669636520617420736C6F74202578BA
S31580E276C80A00676574206D6D63207479706520653C
S31580E276D872726F72210A0064657600237061727431
S31580E276E85F6E756D2073686F756C646E2774206241
S31580E276F865206C6172676572207468616E202564A4
S31580E277080A004361726420646F65736E277420731E
S31580E277187570706F727420706172745F7377697452
S31580E2772863680A0073776974636820746F2070618E
S31580E2773872746974696F6E73202325642C202573AD
S31580E277480A006D6D632564206973206375727265BC
S31580E277586E74206465766963650A006D6D63256477
S31580E277682870617274202564292069732063757292
S31580E2777872656E74206465766963650A007265610E
S31580E2778864007772697465006572617365000A4D93
S31580E277984D432025733A2064657620232025642C80
S31580E277A820626C6F636B20232025642C20636F75BF
S31580E277B86E74202564202E2E2E20004572726F72FA
S31580E277C83A206361726420697320777269746520EE
S31580E277D870726F746563746564210A002564206239
S31580E277E86C6F636B732025733A2025730A004D4DBF
S31580E277F84300596573004E6F006364683A4D4D43A2
S31580E278082064657669636520617661696C61626C1C
S31580E27818653A637572725F6465766963653D256408
S31580E278280A0066696E64204D4D4320646576696315
S31580E278386520617661696C61626C650A0044657689
S31580E278486963653A2025730A004D616E75666163E0
S31580E2785874757265722049443A2025780A004F4544
S31580E278684D3A2025780A004E616D653A20256325D2
S31580E2787863256325632563200A005472616E20536B
S31580E27888706565643A2025640A00526420426C6F0A
S31580E27898636B204C656E3A2025640A002573207650
S31580E278A8657273696F6E2025642E25640A004869BD
S31580E278B867682043617061636974793A2025730A3F
S31580E278C80043617061636974793A20004275732076
S31580E278D857696474683A2025642D6269740A004D92
S31580E278E84D43207375622073797374656D00726592
S31580E278F86164206164647220626C6B2320636E74B7
S31580E279080A6D6D632077726974652061646472209A
S31580E27918626C6B2320636E740A6D6D632065726197
S31580E27928736520626C6B2320636E740A6D6D6320C7
S31580E2793872657363616E0A6D6D632070617274201D
S31580E279482D206C6973747320617661696C61626CEF
S31580E279586520706172746974696F6E206F6E2063D8
S31580E27968757272656E74206D6D632064657669637F
S31580E27978650A6D6D6320646576205B6465765D2055
S31580E279885B706172745D202D2073686F77206F72E9
S31580E27998207365742063757272656E74206D6D638B
S31580E279A820646576696365205B706172746974695F
S31580E279B86F6E5D0A6D6D63206C697374202D206C21
S31580E279C86973747320617661696C61626C6520643F
S31580E279D86576696365730A006D6D63696E666F00C5
S31580E279E8646973706C6179204D4D4320696E666F68
S31580E279F8002D20646973706C617920696E666F20E8
S31580E27A086F66207468652063757272656E74204D40
S31580E27A184D432064657669636500256C6C756700FD
S31580E27A28256C6C756D00256C6C756B00256C6C75B8
S31580E27A38006E6F72006F6E656E616E6400257325E7
S31580E27A486400446576696365202573206E6F7420C9
S31580E27A58666F756E64210A0025733A206F666673CF
S31580E27A686574202530386C6C78206265796F6E642F
S31580E27A7820666C6173682073697A65202530386C74
S31580E27A886C780A00257325643A2070617274697489
S31580E27A98696F6E20282573292073697A6520746F49
S31580E27AA86F206269670A0025733A20706172746989
S31580E27AB874696F6E696E672065786365656473203D
S31580E27AC8666C6173682073697A650A002573256432
S31580E27AD83A20706172746974696F6E2028257329F9
S31580E27AE8207374617274206F6666736574616C69FB
S31580E27AF8676E6D656E7420696E636F7272656374A4
S31580E27B080A00257325643A20706172746974696F14
S31580E27B186E20282573292073697A6520616C6967E6
S31580E27B286E6D656E7420696E636F72726563740AD0
S31580E27B3800257325643A20706172746974696F6E80
S31580E27B482028257329207374617274206F666673A0
S31580E27B58657420616C69676E6D656E7420696E63A3
S31580E27B686F72726563740A00696E636F72726563B7
S31580E27B787420646576696365207479706520696EB8
S31580E27B882025730A00696E636F7272656374206476
S31580E27B986576696365206E756D62657220696E20A9
S31580E27BA825730A00696E76616C6964207061727405
S31580E27BB86974696F6E206E756D62657220256420C0
S31580E27BC8666F72206465766963652025732564200D
S31580E27BD8282573290A006E6F207061727469746948
S31580E27BE86F6E206E756D6265722073706563696605
S31580E27BF86965640A00756E65787065637465642084
S31580E27C08747261696C696E672063686172616374B4
S31580E27C18657220272563270A006E6F20737563686D
S31580E27C282064657669636520257325640A006E6F2C
S31580E27C38207375636820706172746974696F6E0AFD
S31580E27C48006D74646465766E756D006D74646465E2
S31580E27C58766E616D6500257325642C256400636103
S31580E27C686E6E6F7420616464207365636F6E6420E0
S31580E27C78706172746974696F6E206174206F66666A
S31580E27C8873657420300A00706172746974696F6E04
S31580E27C982073697A6520746F6F20736D616C6C20CE
S31580E27CA828256C6C78290A006E6F20636C6F73697D
S31580E27CB86E67202920666F756E6420696E20706112
S31580E27CC872746974696F6E206E616D650A00656D9E
S31580E27CD870747920706172746974696F6E206E61EE
S31580E27CE86D650A00726F006E6F20706172746974D6
S31580E27CF8696F6E7320616C6C6F77656420616674F8
S31580E27D08657220612066696C6C2D7570207061726F
S31580E27D18746974696F6E0A00756E657870656374E6
S31580E27D28656420636861726163746572202725637E
S31580E27D38272061742074686520656E64206F6620EA
S31580E27D48706172746974696F6E0A006F7574206FF8
S31580E27D5866206D656D6F72790A0030782530386CE9
S31580E27D686C784030782530386C6C78004B45524ECA
S31580E27D78454C006B65726E656C5F6F66667365749B
S31580E27D88006B65726E656C5F73697A65004454420E
S31580E27D98006474625F6F6666736574006474625FBA
S31580E27DA873697A65006E6F20706172746974696F3F
S31580E27DB86E7320666F7220646576696365202573C3
S31580E27DC8256420282573290A00756E6578706563AF
S31580E27DD874656420636861726163746572202725BD
S31580E27DE863272061742074686520656E64206F66F7
S31580E27DF8206465766963650A00696E76616C696492
S31580E27E08206D7464206465766963652027252E2A49
S31580E27E1873270A006E6F72303D737069302E3000B8
S31580E27E286D7464696473006364683A25732C2063AD
S31580E27E38757272656E745F706172746974696F6EF9
S31580E27E4820210A006D746469647320746F6F206CF4
S31580E27E586F6E6720283E202564290A006D74647057
S31580E27E6861727473207661726961626C65206E6F85
S31580E27E7874207365742C20736565202768656C7039
S31580E27E88206D74647061727473270A006D7464700D
S31580E27E986172747320746F6F206C6F6E6720283EF0
S31580E27EA8202564290A006D74646964733A20696ED0
S31580E27EB8636F7272656374203C6465762D6E756D48
S31580E27EC83E0A006D74646964733A206E6F203C6D75
S31580E27ED874642D69643E206964656E746966696551
S31580E27EE8720A00646576696365206964202573256C
S31580E27EF864207265646566696E65642C20706C655B
S31580E27F0861736520636F7272656374206D746469E8
S31580E27F186473207661726961626C650A00636F7563
S31580E27F286C64206E6F7420696E697469616C6973BA
S31580E27F386520646576696365206C6973740A006D89
S31580E27F4874647061727473207661726961626C6559
S31580E27F5820646F65736E27742073746172742077F8
S31580E27F6869746820276D746470617274733D270A38
S31580E27F780064657669636520257325642072656485
S31580E27F886566696E65642C20706C656173652063CD
S31580E27F986F7272656374206D746470617274732033
S31580E27FA87661726961626C650A006D746470617289
S31580E27FB874735F696E69743A206E6F2076616C6954
S31580E27FC86420706172746974696F6E730A006E6F89
S31580E27FD820706172746974696F6E20696420737047
S31580E27FE8656369666965640A007061727469746951
S31580E27FF86F6E206368616E67656420746F2025738F
S31580E2800825642C25640A0064656661756C7400646F
S31580E28018656C616C6C000A646576696365202573B4
S31580E280282564203C25733E2C20232070617274736C
S31580E28038203D2025640A0020233A206E616D650979
S31580E280480973697A6509096F666673657409096DE4
S31580E2805861736B5F666C6167730A002532643A20E6
S31580E28068252D32307330782530386C6C7809307843
S31580E280782530386C6C780925640A006E6F20706149
S31580E2808872746974696F6E7320646566696E656415
S31580E280980A000A616374697665207061727469742C
S31580E280A8696F6E3A20257325642C2564202D202855
S31580E280B82573292030782530386C6C78204020303A
S31580E280C8782530386C6C780A00636F756C64206E3C
S31580E280D86F74206765742063757272656E7420703A
S31580E280E86172746974696F6E20696E666F0A0A00D6
S31580E280F861646400746F6F206C6F6E672070617262
S31580E28108746974696F6E2064657363726970746981
S31580E281186F6E0A0025733A2573282573292573001D
S31580E2812867656E657261746564206D746470617288
S31580E28138747320746F6F206C6F6E672C2072657310
S31580E28148657474696E6720746F206E756C6C0A004C
S31580E2815864656C0064656C6574655F706172746988
S31580E2816874696F6E3A20646576696365203D202579
S31580E281787325642C20706172746974696F6E202528
S31580E2818864203D20282573292030782530386C6C88
S31580E28198784030782530386C6C780A00637572726C
S31580E281A8656E7420706172746974696F6E20646535
S31580E281B86C657465642C20726573657474696E6720
S31580E281C82063757272656E7420746F20300A00704F
S31580E281D86172746974696F6E202573206E6F74207C
S31580E281E8666F756E640A006E6F20737563682064C5
S31580E281F8657669636520257320646566696E65645C
S31580E2820820696E206D74646964732076617269612F
S31580E28218626C650A00646566696E6520666C617380
S31580E28228682F6E616E6420706172746974696F6EAC
S31580E282387300636870617274006368616E67652053
S31580E2824861637469766520706172746974696F6E48
S31580E2825800706172742D69640A202020202D2063C3
S31580E2826868616E676520616374697665207061729C
S31580E28278746974696F6E2028652E672E2070617224
S31580E28288742D6964203D206E616E64302C3129003C
S31580E28298676174657761796970006E65746D61731B
S31580E282A86B00686F73746E616D6500726F6F747060
S31580E282B86174680069706164647200736572766578
S31580E282C872697000646E73697000646F6D61696E5D
S31580E282D80070696E67206661696C65643B20686FC9
S31580E282E87374202573206973206E6F7420616C69BC
S31580E282F876650A00686F7374202573206973206136
S31580E283086C6976650A0070696E670073656E6420CB
S31580E2831849434D50204543484F5F52455155455351
S31580E283285420746F206E6574776F726B20686F73F2
S31580E28338740070696E67416464726573730074660B
S31580E283487470626F6F7400626F6F7420696D6167B3
S31580E283586520766961206E6574776F726B207573B6
S31580E28368696E6720544654502070726F746F636FDB
S31580E283786C005B6C6F6164416464726573735D20E3
S31580E283885B5B686F73744950616464723A5D626F6D
S31580E283986F7466696C656E616D655D00626F6F7438
S31580E283A87000626F6F7420696D61676520766961B6
S31580E283B8206E6574776F726B207573696E6720427B
S31580E283C84F4F54502F544654502070726F746F63D7
S31580E283D86F6C0025733D25730A002323204572724C
S31580E283E86F723A2063616E6E6F74206578706F7211
S31580E283F87420656E7669726F6E6D656E740A000AB0
S31580E28408456E7669726F6E6D656E742073697A658C
S31580E284183A2025642F256C642062797465730A0094
S31580E284282323204572726F723A2022257322206EA8
S31580E284386F7420646566696E65640A002323205733
S31580E2844861726E696E673A2064656661756C746995
S31580E284586E6720746F207465787420666F726D61BA
S31580E28468740A00232320496E666F3A20696E707516
S31580E284787420646174612073697A65203D20257A67
S31580E2848875203D203078257A580A002323204572C4
S31580E28498726F723A20626164204352432C20696D7E
S31580E284A8706F7274206661696C65640A004552521F
S31580E284B84F523A20456E7669726F6E6D656E74209C
S31580E284C8696D706F7274206661696C65643A20655D
S31580E284D872726E6F203D2025640A0A6174202573C4
S31580E284E83A25642F257328290A00636D645F6E76C0
S31580E284F8656469742E630023232025733A206F6EA0
S31580E285086C79206F6E65206F6620222D62222C2080
S31580E28518222D6322206F7220222D742220616C6CB8
S31580E285286F7765640A002323205761726E696E67E6
S31580E285383A20496E70757420646174612065786347
S31580E2854865656473202564206279746573202D20BD
S31580E285587472756E63617465640A002323205265BA
S31580E2856873657474696E6720746F20646566617575
S31580E285786C7420656E7669726F6E6D656E740A00CC
S31580E285882323204572726F723A20696C6C65676143
S31580E285986C2063686172616374657220273D27691E
S31580E285A86E207661726961626C65206E616D6520A6
S31580E285B8222573220A0023232043616E2774206DC5
S31580E285C8616C6C6F632025642062797465730A0036
S31580E285D82323204572726F7220696E73657274699D
S31580E285E86E672022257322207661726961626C65E4
S31580E285F82C206572726E6F3D25640A007365746518
S31580E286086E7600256C78004552524F523A20436185
S31580E286186E6E6F74206578706F727420656E766997
S31580E28628726F6E6D656E743A206572726E6F203DFA
S31580E286382025640A0A61742025733A25642F2573F6
S31580E2864828290A00257A5800656E765F6275662063
S31580E286585B25642062797465735D20746F6F20731D
S31580E286686D616C6C20666F722076616C7565206FC1
S31580E286786620222573220A0072756E0072756E2054
S31580E28688636F6D6D616E647320696E20616E2065BD
S31580E286986E7669726F6E6D656E74207661726961E7
S31580E286A8626C6500766172205B2E2E2E5D0A202032
S31580E286B820202D2072756E2074686520636F6D6D3B
S31580E286C8616E647320696E2074686520656E76696A
S31580E286D8726F6E6D656E74207661726961626C65C1
S31580E286E82873292027766172270073657420656E60
S31580E286F87669726F6E6D656E742076617269616293
S31580E287086C6573005B2D665D206E616D65207661B2
S31580E287186C7565202E2E2E0A202020202D205B6661
S31580E287286F726369626C795D2073657420656E76B3
S31580E2873869726F6E6D656E74207661726961626C5C
S31580E287486520276E616D652720746F202776616CB8
S31580E287587565202E2E2E270A736574656E76205BE4
S31580E287682D665D206E616D650A202020202D205BB6
S31580E28778666F726369626C795D2064656C6574653F
S31580E2878820656E7669726F6E6D656E74207661723B
S31580E287986961626C6520276E616D65270070726912
S31580E287A86E74656E76007072696E7420656E76692F
S31580E287B8726F6E6D656E74207661726961626C65E0
S31580E287C873005B2D615D0A202020202D207072695E
S31580E287D86E74205B616C6C5D2076616C7565732066
S31580E287E86F6620616C6C20656E7669726F6E6D65F8
S31580E287F86E74207661726961626C65730A707269F9
S31580E288086E74656E76206E616D65202E2E2E0A2038
S31580E288182020202D207072696E742076616C7565D1
S31580E28828206F6620656E7669726F6E6D656E7420EE
S31580E288387661726961626C6520276E616D65270073
S31580E28848656E7669726F6E6D656E742068616E6448
S31580E288586C696E6720636F6D6D616E6473006465C3
S31580E288686C657465006578706F727400696D706F97
S31580E288787274007072696E740073617665007361F2
S31580E288887665656E76007361766520656E76697261
S31580E288986F6E6D656E74207661726961626C6573FE
S31580E288A820746F2070657273697374656E74207351
S31580E288B8746F72616765005B25733A25645D20662D
S31580E288C861696C65640A005B25735D2025642025F1
S31580E288D864200A0070726F67726573735F77696482
S31580E288E87468203D2025642077203D202564207702
S31580E288F86569676874733D25642C746F74616C204E
S31580E289083D2025640A005341545F45504F53007316
S31580E28918645F7570726164655F696D616765003011
S31580E289287834303030005B25733A25645D6E6F7437
S31580E289382066696E64207570726164652066696C0A
S31580E2894865206E616D653A25730A006C6F616420F5
S31580E2895866696C65206661696C6564203A25730A86
S31580E2896800233C757067726164655F62696E5F76E3
S31580E28978657273696F6E3D0066696C6520657272B1
S31580E289886F723A25730A007570726164655F696D04
S31580E289986167655F76657273696F6E002D2D2D2D21
S31580E289A82D2D2D757067617264652076657273699F
S31580E289B86F6E3A2573206375722076657273696F76
S31580E289C86E3A25730A0076657273696F6E206368FC
S31580E289D865636B3A203D3D25640A000A23203C2DD7
S31580E289E8207468697320697320656E64206F6620D7
S31580E289F8696D616765207061727474696F6E0A0069
S31580E28A085B25733A25645D2073645F75706772616E
S31580E28A1864655F66696C655F7061727474696F6E4E
S31580E28A2873206661696C65640A00555549445F53EB
S31580E28A38455249414C006C63646C6F61646164645D
S31580E28A48720073662070726F6265005B25733A25E1
S31580E28A58645D2025733A20696D67652066696C6571
S31580E28A682073697A6528256429203E20656E7620FA
S31580E28A78706172746974696F6E73282564290A0055
S31580E28A880A45726173653A25732061646472657317
S31580E28A983A25642C706172746974696F6E207369A1
S31580E28AA87A653A256420696D6167652066696C65D1
S31580E28AB82073697A653A25640A007366206572616D
S31580E28AC8736520307825782030782578007366209B
S31580E28AD87772697465203078257820307825782011
S31580E28AE830782578000A7061727474696F6E2075C1
S31580E28AF870646174652066696E6973680A0066697E
S31580E28B086C652076657273696F6E203A25730A0002
S31580E28B1830783130303030303000696D6761676582
S31580E28B283A25732025642025640A00646174612EDF
S31580E28B386A6666733200747579612E6A666673321E
S31580E28B48006170702E7371736834007573722E7358
S31580E28B587173683400636F6E6669672E6A666673D8
S31580E28B683200726F6F742E73717368340065705F4A
S31580E28B786C6F676F2E7267620075496D6167650013
S31580E28B884556425F4342444D5F414B333736304523
S31580E28B985F56312E302E315F45502E647462006501
S31580E28BA86E765F616B33373630655F6E6F722E69CC
S31580E28BB86D6700752D626F6F742E62696E007364DD
S31580E28BC85F75706772616465007570677261646506
S31580E28BD82066696C652066726F6D206120646F73AA
S31580E28BE82066696C6573797374656D004661696C34
S31580E28BF8656420746F20696E697469616C697A65E7
S31580E28C082053504920666C6173682061742025750B
S31580E28C183A25750A0025642025733A20256420744E
S31580E28C2869636B732C202564204B69422F73202558
S31580E28C38642E25303364204D6270730A0057726958
S31580E28C487474656E0052656164004E6F20535049B4
S31580E28C5820666C6173682073656C65637465642EDF
S31580E28C6820506C656173652072756E20607366202C
S31580E28C7870726F6265270A00757064617465004672
S31580E28C8861696C656420746F206D617020706879A3
S31580E28C98736963616C206D656D6F72790A006572BE
S31580E28CA8726F723A20757064617465206C656E20A5
S31580E28CB86D6F7265207468616E2070617274697412
S31580E28CC8696F6E2073697A650A007370696E616E80
S31580E28CD8645F726561645F706172746974696F6E8C
S31580E28CE8206661696C2C206F66667365743A3078A3
S31580E28CF825782C20706172746974696F6E5F736906
S31580E28D087A653A25640D0A00657261736520706139
S31580E28D1872742073656374696F6E206F66667365B5
S31580E28D28743A307825782C20706172746974696F28
S31580E28D386E5F73697A653A25642C206661696C652B
S31580E28D48640A006572617365207061727469746918
S31580E28D586F6E2073697A65206F6B0D0A000A534637
S31580E28D683A20257A75206279746573204020252316
S31580E28D78782025733A2025730A004552524F523A93
S31580E28D8820617474656D7074696E672025732070CE
S31580E28D9861737420666C6173682073697A652028CA
S31580E28DA8252378290A0053463A20257A752062795E
S31580E28DB87465732040202523782045726173656443
S31580E28DC83A2025730A0043616E6E6F7420616C6C7B
S31580E28DD86F63617465206D656D6F72790A005350B1
S31580E28DE84920666C61736820746573743A0A007404
S31580E28DF8657374204572617365206661696C656422
S31580E28E080A0074657374204572617365204F4B0A54
S31580E28E18007465737420436865636B207265616468
S31580E28E28206661696C65640A0074657374204368B8
S31580E28E3865636B2072656164204F4B0A00436865FF
S31580E28E48636B206661696C65642061742025640AB7
S31580E28E58007465737420457261736520436865633F
S31580E28E686B2072656164204F4B0A007465737420C7
S31580E28E785772697465206661696C65640A0074650F
S31580E28E887374205772697465204F4B0A0074657350
S31580E28E9874206261636B2052656164206661696CE5
S31580E28EA865640A0074657374206261636B20526537
S31580E28EB86164204F4B0A005665726966792066615D
S31580E28EC8696C65642061742025642C20676F6F6401
S31580E28ED820646174613A0A00426164206461746163
S31580E28EE83A0A002323233D3D3D546573742070611D
S31580E28EF8737365643D3D3D2323230A002323233D83
S31580E28F083D3D54657374206661696C65643D3D3D9B
S31580E28F182323230A0073660073706920666C617383
S31580E28F2868207375622D73797374656D3A00707211
S31580E28F386F6265205B5B6275733A5D63735D205B26
S31580E28F48687A5D205B6D6F64655D092D20696E695F
S31580E28F587420666C61736820646576696365206FE0
S31580E28F686E20676976656E20535049206275730A6A
S31580E28F78090909092020616E642063686970207393
S31580E28F88656C6563740A73662072656164206164E0
S31580E28F986472206F6666736574206C656E092D202F
S31580E28FA87265616420606C656E2720627974657388
S31580E28FB8207374617274696E672061740A0909099B
S31580E28FC8092020606F66667365742720746F206D4A
S31580E28FD8656D6F7279206174206061646472270AB4
S31580E28FE873662077726974652061646472206F663D
S31580E28FF866736574206C656E092D2077726974656F
S31580E2900820606C656E272062797465732066726F5C
S31580E290186D206D656D6F72790A09090909202061EB
S31580E29028742060616464722720746F20666C617351
S31580E290386820617420606F6666736574270A736652
S31580E29048206572617365206F6666736574205B2B33
S31580E290585D6C656E09092D20657261736520606CA9
S31580E29068656E272062797465732066726F6D2060FB
S31580E290786F6666736574270A090909092020602BD9
S31580E290886C656E2720726F756E6420757020606CD1
S31580E29098656E2720746F20626C6F636B2073697AC2
S31580E290A8650A7366207570646174652061646472AA
S31580E290B8206F6666736574206C656E092D2065720D
S31580E290C861736520616E6420777269746520606C6D
S31580E290D8656E272062797465732066726F6D206D7E
S31580E290E8656D6F72790A0909090920206174206021
S31580E290F8616464722720746F20666C61736820618C
S31580E291087420606F6666736574270A736620746571
S31580E291187374206F6666736574206C656E09092DB3
S31580E291282072756E20612076657279206261736934
S31580E291386320646573747275637469766520746591
S31580E2914873740073706920636D64202523782073B5
S31580E29158656E64206661696C65640A00737069206D
S31580E2916872656164206A6564656320696420666104
S31580E29178696C65640A00666C6173682069643A3072
S31580E29188782530327825303278253032780A006A86
S31580E291986564656320696420636865636B206661DC
S31580E291A8696C65640A00737069207265616420750A
S31580E291B86E69717565206964206661696C65640AA1
S31580E291C8007575696420636865636B206661696C9E
S31580E291D80A00546865206368697020616E64206657
S31580E291E869726D7761726520617265206C656769FF
S31580E291F874696D61746520616E642077696C6C2030
S31580E2920870726F6365656420746F20746865206E1A
S31580E292186578742073746570206F66206F706572E6
S31580E292286174696F6E2E0A002B38363133333432E5
S31580E2923835343134343100757569645F63686563E2
S31580E292486B000A25730A0061726D2D616E796B6116
S31580E29258763530302D6C696E75782D75636C6962FA
S31580E2926863676E75656162692D6763632E62725F95
S31580E292787265616C20284275696C64726F6F7420BE
S31580E29288323031382E30322E375F56312E302E300C
S31580E29298332D67396666333337312920342E392EB2
S31580E292A8340A00474E55206C642028474E552042A2
S31580E292B8696E7574696C732920322E32392E310AB9
S31580E292C8007072696E74206D6F6E69746F722C208D
S31580E292D8636F6D70696C657220616E64206C696E0D
S31580E292E86B65722076657273696F6E002573202DC1
S31580E292F82025730A0A0055736167653A0A25732041
S31580E29308002D204E6F206164646974696F6E616CAA
S31580E293182068656C7020617661696C61626C652E25
S31580E293280A00252D2A732D2025730A00556E6B6E49
S31580E293386F776E20636F6D6D616E64202725732764
S31580E29348202D20747279202768656C7027207769CA
S31580E2935874686F757420617267756D656E74732053
S31580E29368666F72206C697374206F6620616C6C20FC
S31580E293786B6E6F776E20636F6D6D616E64730A0ACA
S31580E29388000A616E796B612400556E6B6E6F776E3B
S31580E2939820636F6D6D616E642027257327202D20EB
S31580E293A8747279202768656C70270A007374646919
S31580E293B86E007374646F7574007374646572720098
S31580E293C8496E3A20202020004E6F20696E707574AF
S31580E293D8206465766963657320617661696C61622A
S31580E293E86C65210A004F75743A202020004E6F2062
S31580E293F86F757470757420646576696365732061C8
S31580E294087661696C61626C65210A004572723A20FE
S31580E294182020004E6F206572726F722064657669CD
S31580E2942863657320617661696C61626C65210A00A5
S31580E29438636F6E736F6C65002E63616C6C626163D9
S31580E294486B733A63616C6C6261636B732C2E666CC8
S31580E294586167733A666C6167732C6261756472617F
S31580E2946874653A62617564726174652C626F6F7451
S31580E2947866696C653A626F6F7466696C652C6C6F47
S31580E294886164616464723A6C6F6164616464722C6B
S31580E29498737464696E3A636F6E736F6C652C7374FA
S31580E294A8646F75743A636F6E736F6C652C737464EC
S31580E294B86572723A636F6E736F6C652C002E6361A8
S31580E294C86C6C6261636B73005573696E6720646561
S31580E294D86661756C7420656E7669726F6E6D656E9F
S31580E294E8740A00656E765F636F6D6D6F6E2E6300CC
S31580E294F87265616420656E76626B20646174610A66
S31580E29508007265616420656E76626B20646174615F
S31580E29518206661696C0A00777269746520656E7681
S31580E29528626B206461746120746F20656E760A00CE
S31580E295386572726F723A657261736520656E7620BE
S31580E29548706172746974696F6E206661696C2C20C9
S31580E29558675F636F6E6669675F656E765F73697A02
S31580E29568653A25642C202564006572726F723A77B3
S31580E295787269746520656E76207061727469746941
S31580E295886F6E206661696C2C20675F636F6E6669B1
S31580E29598675F656E765F73697A653A25642C2025FE
S31580E295A864007573652064656675616C7420656EA2
S31580E295B8760A002162616420435243006364683A12
S31580E295C825732C202168696D706F72745F722045ED
S31580E295D8525220656E765F68746162210A0045524E
S31580E295E8524F523A2043616E6E6F7420696D706F86
S31580E295F8727420656E7669726F6E6D656E743A20E6
S31580E296086572726E6F203D2025640A0A6174202590
S31580E29618733A25642F257328290A0021696D706FAC
S31580E296287274206661696C656400657468616464F5
S31580E29638723A6D6F2C73657269616C233A736F2C1B
S31580E29648002323205761726E696E673A20556E6BE6
S31580E296586E6F776E20656E7669726F6E6D656E7403
S31580E29668207661726961626C6520747970652027FB
S31580E296782563270A002323205761726E696E673A4B
S31580E2968820556E6B6E6F776E20656E7669726F6E39
S31580E296986D656E74207661726961626C652061635C
S31580E296A863657373206D6574686F64202725632705
S31580E296B80A002E666C616773002323204572726FF7
S31580E296C8723A20666C616773207479706520636884
S31580E296D865636B206661696C75726520666F722058
S31580E296E822257322203C3D20222573222028747964
S31580E296F870653A202563290A002323204572726F12
S31580E29708723A2043616E27742064656C65746520BD
S31580E29718222573220A002323204572726F723A2029
S31580E2972843616E2774206F766572777269746520F5
S31580E29738222573220A006F6C6476616C3A2025735F
S31580E29748202064656676616C3A2025730A002323B5
S31580E29758204572726F723A2043616E277420637273
S31580E297686561746520222573220A00656E765F73C9
S31580E29778662E63004552524F523A205361766520EF
S31580E29788656E7669726F6E6D656E74206265796FE5
S31580E297986E6420646566696E6520454E5620534937
S31580E297A85A453A206572726E6F203D2025640A0A10
S31580E297B861742025733A25642F257328290A005770
S31580E297C8726974696E6720746F2053504920666C9B
S31580E297D86173682E2E2E0053504920466C61736859
S31580E297E80023616464726573732D63656C6C7300C0
S31580E297F82373697A652D63656C6C73002F63686F72
S31580E2980873656E006664745F696E697472643A2021
S31580E2981825730A006C696E75782C696E6974726450
S31580E298282D7374617274005741524E494E473A20FD
S31580E29838636F756C64206E6F7420736574206C69CF
S31580E298486E75782C696E697472642D73746172743C
S31580E298582025732E0A006C696E75782C696E697498
S31580E2986872642D656E64005741524E494E473A20DE
S31580E29878636F756C64206E6F7420736574206C698F
S31580E298886E75782C696E697472642D656E642025AE
S31580E29898732E0A006664745F63686F73656E3A2036
S31580E298A825730A005741524E494E473A20636F75EF
S31580E298B86C64206E6F7420637265617465202F63B1
S31580E298C8686F73656E2025732E0A005741524E499A
S31580E298D84E473A20636F756C64206E6F74207365A9
S31580E298E87420626F6F74617267732025732E0A0023
S31580E298F8556E61626C6520746F20757064617465FB
S31580E299082070726F70657274792025733A25732C8C
S31580E29918206572723D25730A0025733A206E756D4D
S31580E299282062616E6B732025642065786365656461
S31580E29938732068617264636F646564206C696D69BB
S31580E29948742025642E205265636F6D70696C65207C
S31580E299587769746820686967686572204D454D4FF6
S31580E2996852595F42414E4B535F4D41583F0A002F51
S31580E299786D656D6F7279005741524E494E473A206E
S31580E29988636F756C64206E6F74206372656174654B
S31580E29998202F6D656D6F72793A2025732E0A0064E1
S31580E299A865766963655F74797065005741524E4999
S31580E299B84E473A20636F756C64206E6F74207365C8
S31580E299C8742025732025732E0A00726567002F613D
S31580E299D86C69617365730065746861646472006555
S31580E299E8746865726E657425640065746825646159
S31580E299F8646472006C6F63616C2D6D61632D616462
S31580E29A0864726573730025733A20426164206365E4
S31580E29A186C6C20636F756E7420666F722025730A8C
S31580E29A280072616E676573006C696E75782C706812
S31580E29A38616E646C650043616E2774207365742079
S31580E29A487068616E646C652025753A2025730A0014
S31580E29A586F6B61790073746174757300646973619D
S31580E29A68626C6564006661696C006661696C2D2565
S31580E29A786400496E76616C696420666474207374E6
S31580E29A88617475733A2025780A00656469640043CF
S31580E29A98616E2774206164642070726F7065727477
S31580E29AA8793A2025730A0043616E277420696E63CA
S31580E29AB8726561736520626C6F622073697A653A52
S31580E29AC82025730A005761726E696E673A2064656B
S31580E29AD876696365207472656520616C6961732055
S31580E29AE82725732720706F696E747320746F2069D7
S31580E29AF86E76616C6964206E6F64652025732E0AC2
S31580E29B08005761726E696E673A2064657669636545
S31580E29B182074726565206E6F646520272573272019
S31580E29B28686173206E6F20616464726573732E0A4E
S31580E29B38005761726E696E673A20552D426F6F746F
S31580E29B4820636F6E66696775726564206465766997
S31580E29B58636520257320617420616464726573731A
S31580E29B6820256C6C782C0A206275742074686520CE
S31580E29B7864657669636520747265652068617320B9
S31580E29B886974206164647265737320256C6C782EBF
S31580E29B980A0054696D656F75742077726974696EA7
S31580E29BA86720746F20466C6173680A00466C61733D
S31580E29BB868206E6F74204572617365640A0043613A
S31580E29BC86E277420777269746520746F2070726F5D
S31580E29BD874656374656420466C6173682073656333
S31580E29BE8746F72730A004F7574736964652061765F
S31580E29BF861696C61626C6520466C6173680A0053C0
S31580E29C087461727420616E642F6F7220656E64204F
S31580E29C1861646472657373206E6F74206F6E2073ED
S31580E29C286563746F7220626F756E646172790A0019
S31580E29C38556E6B6E6F776E2056656E646F72206FA7
S31580E29C486620466C6173680A00556E6B6E6F776E36
S31580E29C582054797065206F6620466C6173680A00C5
S31580E29C6847656E6572616C20466C617368205072D6
S31580E29C786F6772616D6D696E67204572726F720A7F
S31580E29C8800466C6173682050726F6772616D6D69A8
S31580E29C986E672041626F727465640A0025735B257C
S31580E29CA8645D204649584D453A2072633D25640AEB
S31580E29CB800666C6173682E63004552524F523A20B1
S31580E29CC800202D206D7573742052455345542074B7
S31580E29CD8686520626F61726420746F207265636F53
S31580E29CE87665722E0A00202020726573657276691F
S31580E29CF86E6720666474206D656D6F727920726511
S31580E29D0867696F6E3A20616464723D256C6C78206F
S31580E29D1873697A653D256C6C780A00696D61676559
S31580E29D28206973206E6F74206120666474006664AD
S31580E29D38745F68696768004661696C6564207573F3
S31580E29D48696E67206664745F686967682076616CA5
S31580E29D58756520666F7220446576696365205472FC
S31580E29D686565006465766963652074726565202D2C
S31580E29D7820616C6C6F636174696F6E206572726F55
S31580E29D88720A002020204C6F6164696E6720446500
S31580E29D9876696365205472656520746F2025702C18
S31580E29DA820656E64202570202E2E2E20006664742F
S31580E29DB8206D6F7665206661696C65640023232071
S31580E29DC8466C617474656E6564204465766963651C
S31580E29DD820547265652066726F6D204C6567616393
S31580E29DE87920496D616765206174202530386C7801
S31580E29DF80A006664742068656164657220636865D2
S31580E29E08636B73756D20696E76616C6964006664EE
S31580E29E187420636865636B73756D20696E76616CB1
S31580E29E2869640075496D616765206973206E6F7430
S31580E29E382061206664740075496D6167652069737F
S31580E29E4820636F6D707265737365640075496D61C1
S31580E29E5867652064617461206973206E6F7420611E
S31580E29E682066647400666474206F766572777269B8
S31580E29E787474656E002020204C6F6164696E672079
S31580E29E884644542066726F6D2030782530386C7877
S31580E29E9820746F2030782530386C780A0045525223
S31580E29EA84F523A20446964206E6F742066696E6404
S31580E29EB8206120636D646C696E6520466C6174749A
S31580E29EC8656E656420446576696365205472656566
S31580E29ED80A00232320466C617474656E65642044A7
S31580E29EE8657669636520547265652066726F6D2052
S31580E29EF86D756C746920636F6D706F6E656E7420B4
S31580E29F08496D616765206174202530386C580A008E
S31580E29F18202020426F6F74696E67207573696E6759
S31580E29F2820746865206664742061742030782570B0
S31580E29F380A006664742073697A6520213D20696D1A
S31580E29F486167652073697A650025732C206C696E72
S31580E29F58653A25642C207573652075626F6F742067
S31580E29F68626F6F7461726773210A004552524F526B
S31580E29F783A202F63686F73656E206E6F646520631F
S31580E29F887265617465206661696C656400626F6F8B
S31580E29F98746D5F6C6F7700626F6F746D5F73697AE9
S31580E29FA86500626F6F746D5F6D617073697A650063
S31580E29FB82564204279746573203D2000556E6B6E68
S31580E29FC86F776E204F5300556E6B6E6F776E2041BA
S31580E29FD8726368697465637475726500556E6B6ED3
S31580E29FE86F776E20496D61676500556E6B6E6F7728
S31580E29FF86E20436F6D7072657373696F6E00257339
S31580E2A008496D616765204E616D653A202020252E6F
S31580E2A0182A730A002573496D6167652054797065EC
S31580E2A0283A202020002573202573202573202825B1
S31580E2A03873290A002573446174612053697A653A03
S31580E2A048202020200025734C6F616420416464726D
S31580E2A0586573733A20253038780A002573456E741D
S31580E2A068727920506F696E743A2020253038780AE2
S31580E2A078002573436F6E74656E74733A0A002573AE
S31580E2A088202020496D6167652025643A2000257382
S31580E2A098202020204F6666736574203D203078251F
S31580E2A0A830386C780A002D002323204C6F6164696E
S31580E2A0B86E6720696E69742052616D6469736B207C
S31580E2A0C866726F6D204C656761637920496D616759
S31580E2A0D865206174202530386C78202E2E2E0A0071
S31580E2A0E84E6F204C696E75782025732052616D64B7
S31580E2A0F869736B20496D6167650A0057726F6E678F
S31580E2A1082052616D6469736B20496D61676520468B
S31580E2A1186F726D61740A002323204C6F6164696EE5
S31580E2A1286720696E69742052616D6469736B206613
S31580E2A138726F6D206D756C746920636F6D706F6E6A
S31580E2A148656E74204C656761637920496D616765E0
S31580E2A158206174202530386C78202E2E2E0A0069EC
S31580E2A1686E697472645F686967680072616D646952
S31580E2A178736B202D20616C6C6F636174696F6E20DE
S31580E2A1886572726F720A002020204C6F6164696E74
S31580E2A198672052616D6469736B20746F202530384D
S31580E2A1A86C782C20656E64202530386C78202E2ECB
S31580E2A1B82E20006E6F6E6500756E636F6D707265C8
S31580E2A1C87373656400627A69703200627A697032A2
S31580E2A1D820636F6D7072657373656400677A697000
S31580E2A1E800677A697020636F6D70726573736564F0
S31580E2A1F8006C7A6D61006C7A6D6120636F6D707246
S31580E2A2086573736564006C7A6F006C7A6F20636F2E
S31580E2A2186D7072657373656400616973696D616790
S31580E2A2286500446176696E63692041495320696DA8
S31580E2A2386167650046696C6573797374656D2049F3
S31580E2A2486D616765006669726D77617265004669F8
S31580E2A258726D7761726500666C61745F64740046DC
S31580E2A2686C6174204465766963652054726565001D
S31580E2A2786B65726E656C004B65726E656C20496DB6
S31580E2A288616765006B65726E656C5F6E6F6C6F6138
S31580E2A29864004B65726E656C20496D61676520283E
S31580E2A2A86E6F206C6F6164696E6720646F6E652974
S31580E2A2B8006B7762696D616765004B69726B776F70
S31580E2A2C86F6420426F6F7420496D61676500696DBE
S31580E2A2D878696D61676500467265657363616C6509
S31580E2A2E820692E4D5820426F6F7420496D616765EB
S31580E2A2F800496E76616C696420496D616765006DB7
S31580E2A308756C7469004D756C74692D46696C652047
S31580E2A318496D616765006F6D6170696D616765003A
S31580E2A3285449204F4D41502053504C205769746808
S31580E2A3382047502043480070626C696D616765000A
S31580E2A348467265657363616C652050424C20426F44
S31580E2A3586F7420496D6167650052414D4469736B3C
S31580E2A36820496D616765007363726970740053632F
S31580E2A37872697074007374616E64616C6F6E650085
S31580E2A3885374616E64616C6F6E652050726F67722A
S31580E2A398616D0075626C696D6167650044617669B5
S31580E2A3A86E63692055424C20696D616765006D78F8
S31580E2A3B873696D61676500467265657363616C652D
S31580E2A3C8204D585320426F6F7420496D616765004E
S31580E2A3D8496E76616C6964204F53006C696E757854
S31580E2A3E8004C696E7578006E6574627364004E65BA
S31580E2A3F874425344006F736500456E6561204F531E
S31580E2A4084500706C616E3900506C616E203900725D
S31580E2A41874656D73005254454D5300752D626F6FA6
S31580E2A4287400552D426F6F7400496E76616C69646B
S31580E2A438204152434800616C70686100416C7068E3
S31580E2A448610061726D0041524D00496E74656C20FF
S31580E2A45878383600696136340049413634006D36DB
S31580E2A468386B004D36384B006D6963726F626C618A
S31580E2A4787A65004D6963726F426C617A65006D69CF
S31580E2A4887073004D495053006D6970733634004DD0
S31580E2A49849505320363420426974006E696F7332AC
S31580E2A4A8004E494F5320494900706F776572706351
S31580E2A4B800506F776572504300707063007333396A
S31580E2A4C8300049424D2053333930005375706572F6
S31580E2A4D8480073706172630053504152430073704F
S31580E2A4E861726336340053504152432036342042F7
S31580E2A4F8697400626C61636B66696E00426C616363
S31580E2A5086B66696E00617672333200415652333237
S31580E2A518006E64733332004E44533332006F7231C5
S31580E2A5286B004F70656E52495343203130303000AC
S31580E2A53873616E64626F780053616E64626F7800ED
S31580E2A54865726F723A6C636420696E6974206764B7
S31580E2A5582D3E66625F62617365203D3D20300A006A
S31580E2A56865726F723A726561645F6C6F676F5F641A
S31580E2A578617461206661696C0A006C636400756265
S31580E2A5886F6F7420646973706C6179206C63642080
S31580E2A5986C6F676F210A00636C7300636C65617226
S31580E2A5A82073637265656E00252E2A7300252A73E9
S31580E2A5B8002A2A20546F6F206D616E792061726756
S31580E2A5C87320286D61782E20256429202A2A0A009C
S31580E2A5D8232320436F6D6D616E6420746F6F206CE8
S31580E2A5E86F6E67210A0076657200626F6F746465C2
S31580E2A5F86C617900626F6F74636D64006B65726E0D
S31580E2A608656C2D6F6666736574006B65726E6164E0
S31580E2A618647200726F6F746469736B2D6F666673AA
S31580E2A628657400726F6F746164647200626F6F74CE
S31580E2A638736563757265002323204572726F723A79
S31580E2A6482053656375726520626F6F7420636F6DE0
S31580E2A6586D616E64206E6F74207370656369666976
S31580E2A66865640A002323204572726F723A20222596
S31580E2A67873222072657475726E65642028636F64CE
S31580E2A68865202564290A000A48697420616E792062
S31580E2A6986B657920746F2073746F70206175746F3F
S31580E2A6A8626F6F743A20253264200A00080808200F
S31580E2A6B8300008080825326420003C494E54455249
S31580E2A6C8525550543E0A006A70673A773D25642CA3
S31580E2A6D8683D2564200A006C6F676F206A70672080
S31580E2A6E86465636F6465206661696C6564200A00E7
S31580E2A6F86C6F676F206A70672070726570617265C9
S31580E2A708206661696C6564200A0073657269616CAA
S31580E2A71800436B73756D0078797A4D6F64656D2049
S31580E2A7282D202573206D6F64652C20256428534F70
S31580E2A73848292F256428535458292F2564284341CC
S31580E2A7484E29207061636B6574732C2025642072B0
S31580E2A7586574726965730A00556E6B6E6F776E20E3
S31580E2A7686572726F7200426C6F636B207365717586
S31580E2A778656E6365206572726F72004352432F631A
S31580E2A7886865636B73756D206572726F7200496E68
S31580E2A79876616C6964206672616D696E6700436191
S31580E2A7A86E63656C6C656400456E64206F662066D0
S31580E2A7B8696C650054696D6564206F757400536FC2
S31580E2A7C87272792C207A4D6F64656D206E6F742073
S31580E2A7D8617661696C61626C652079657400436152
S31580E2A7E86E2774206163636573732066696C65009E
S31580E2A7F82825643A2564292056656E646F723A2064
S31580E2A80825732050726F642E3A202573205265761E
S31580E2A8183A2025730A004D6F64656C3A20257320C9
S31580E2A8284669726D3A20257320536572233A20254C
S31580E2A838730A0056656E646F723A202573205265F4
S31580E2A848763A2025732050726F643A2025730A007F
S31580E2A858646576696365207479706520444F430A36
S31580E2A86800646576696365207479706520756E6BB8
S31580E2A8786E6F776E0A00556E68616E646C656420E9
S31580E2A88864657669636520747970653A2025690A14
S31580E2A898002020202020202020202020205479708B
S31580E2A8A8653A200052656D6F7661626C6520004874
S31580E2A8B8617264204469736B00434420524F4D00B1
S31580E2A8C84F70746963616C20446576696365005488
S31580E2A8D8617065002320253032582023002020200D
S31580E2A8E82020202020202020204361706163697423
S31580E2A8F8793A20256C642E256C64204D42203D20D1
S31580E2A908256C642E256C642047422028256C6420B9
S31580E2A9187820256C64290A00202020202020202007
S31580E2A9282020202043617061636974793A206E6FD2
S31580E2A9387420617661696C61626C650A000A5061AD
S31580E2A94872746974696F6E204D617020666F7220C9
S31580E2A9580049444500534154410053435349004119
S31580E2A968544150490055534200444F4300554E4B9B
S31580E2A9784E4F574E002064657669636520256420CC
S31580E2A988202D2D202020506172746974696F6E20A3
S31580E2A998547970653A2025730A0A00444F53002396
S31580E2A9A82320556E6B6E6F776E2070617274697450
S31580E2A9B8696F6E207461626C650A002A2A20426198
S31580E2A9C86420646576696365207370656369666920
S31580E2A9D8636174696F6E202573202573202A2A0A9B
S31580E2A9E8002A2A20426164206465766963652025A7
S31580E2A9F873202573202A2A0A0053616E64626F786F
S31580E2AA0820686F737400626F6F74646576696365D4
S31580E2AA18002A2A204E6F2064657669636520737002
S31580E2AA2865636966696564202A2A0A006175746FB6
S31580E2AA38002A2A2042616420706172746974696F9F
S31580E2AA486E2073706563696669636174696F6E2087
S31580E2AA582573202573202A2A0A002A2A204261643D
S31580E2AA68206465766963652073697A65202D202579
S31580E2AA7873202573202A2A0A002A2A204E6F2070FC
S31580E2AA886172746974696F6E207461626C65202D77
S31580E2AA98202573202573202A2A0A0057686F6C6559
S31580E2AAA8204469736B002A2A20496E76616C696450
S31580E2AAB820706172746974696F6E202564202A2A0F
S31580E2AAC80A002A2A204E6F2076616C6964207061BA
S31580E2AAD872746974696F6E7320666F756E64202A04
S31580E2AAE82A0A002A2A20496E76616C696420706196
S31580E2AAF872746974696F6E20747970652022252E66
S31580E2AB083332732220286578706563742022552D46
S31580E2AB18426F6F7422290A006364683A74657374B3
S31580E2AB285F706172745F646F7320444F535F504104
S31580E2AB3852545F4D414749435F4F464653455420F9
S31580E2AB486661696C210A006364683A746573745F46
S31580E2AB58706172745F646F7320444F535F504152E1
S31580E2AB68545F4D414749435F4F4646534554206FAC
S31580E2AB786B210A006364683A746573745F70617204
S31580E2AB88745F646F7320444F535F5042525F4653FB
S31580E2AB98545950455F4F4646534554206F6B210AB8
S31580E2ABA800464154004641543332006364683A644D
S31580E2ABB86F7320666174210A006364683A646F730E
S31580E2ABC8206661743332210A006364683A74657375
S31580E2ABD8745F706172745F646F7320444F535F5021
S31580E2ABE842525F4653545950455F4F464653455401
S31580E2ABF8206661696C210A002045787464002042E7
S31580E2AC086F6F74002A2A2043616E27742072656109
S31580E2AC186420706172746974696F6E207461626CA3
S31580E2AC2865206F6E2025643A2564202A2A0A000A5E
S31580E2AC383D3D3D3D3D3D3D3D3D3D3D3D3D3D3D3DD4
S31580E2AC483D3D3D3D3D3D3D3D6D6D63206D627220EE
S31580E2AC5873746172743D3D3D3D3D3D3D3D3D3D3DB7
S31580E2AC683D3D3D3D3D3D3D3D3D3D3D3D3D3D3D3DA4
S31580E2AC783D3D3D3D3D3D3D3D0A003078257820000D
S31580E2AC880A3D3D3D3D3D3D3D3D3D3D3D3D3D3D3DB7
S31580E2AC983D3D3D3D3D3D3D3D3D6D6D63206D627281
S31580E2ACA82073746F703D3D3D3D3D3D3D3D3D3D3DAF
S31580E2ACB83D3D3D3D3D3D3D3D3D3D3D3D3D3D3D3D54
S31580E2ACC83D3D3D3D3D3D3D3D0A00626164204D424C
S31580E2ACD85220736563746F72207369676E617475E7
S31580E2ACE8726520307825303278253032780A002528
S31580E2ACF8336409252D31306409252D3130640925DF
S31580E2AD083038782D25303278092530327825732502
S31580E2AD18730A006864256325640073642563256481
S31580E2AD2800757362642563256400646F63642563D2
S31580E2AD38256400787825632564006364683A7465D7
S31580E2AD4873745F706172745F646F73207265616435
S31580E2AD58206661696C210A006364683A7465737473
S31580E2AD685F706172745F646F732072656164206F6D
S31580E2AD786B210A006364683A746573745F70617202
S31580E2AD88745F646F7320444F535F4D42522066610D
S31580E2AD98696C210A006364683A746573745F7061EA
S31580E2ADA872745F646F7320444F535F4D4252206FD3
S31580E2ADB86B210A005061727409537461727420536C
S31580E2ADC86563746F72094E756D20536563746F722D
S31580E2ADD87309555549440909547970650A006572BB
S31580E2ADE8722C20696E766C616964206770696F2C53
S31580E2ADF8206973206770692C206E6F74206F757472
S31580E2AE08707574210A006572722C20696E766C619F
S31580E2AE186964206770696F210A00636667207075C6
S31580E2AE285F656E61626C6520696E76616C696421C4
S31580E2AE380A006366672070755F73656C20696E7653
S31580E2AE48616C6964210A006366672070645F656E77
S31580E2AE5861626C6520696E76616C6964210A006359
S31580E2AE6866672070645F73656C20696E76616C696B
S31580E2AE7864210A00636667206770696F2073686178
S31580E2AE88726570696E206173206770696F20696E7A
S31580E2AE9876616C6964210A0053746174757320451E
S31580E2AEA872726F723A203078253038580A005469BF
S31580E2AEB86D656F75742077616974696E6720636101
S31580E2AEC872642072656164790A004D4D4320446557
S31580E2AED876696365202564206E6F7420666F756E69
S31580E2AEE8640A004D4D433A20626C6F636B206E753F
S31580E2AEF86D626572203078256C7820657863656541
S31580E2AF086473206D6178283078256C78290A006D1B
S31580E2AF186D63206661696C20746F2073656E642048
S31580E2AF2873746F7020636D640A006364683A4D4D8A
S31580E2AF38435F434D445F414C4C5F53454E445F43C8
S31580E2AF48494420457272210A006364683A4D4D434A
S31580E2AF585F434D445F53454E445F435344204572B5
S31580E2AF6872210A006364683A6D6D632D3E76657276
S31580E2AF7873696F6E203D3D204D4D435F5645525372
S31580E2AF88494F4E5F554E4B4E4F574E210A006364EA
S31580E2AF98683A6E6F206D6D632D3E686967685F6398
S31580E2AFA861706163697479210A006364683A7364DB
S31580E2AFB820636172642C206D6D632D3E63617061DE
S31580E2AFC8636974795F757365723A3078256C6C78E3
S31580E2AFD820626C6F636B73210A006364683A4D4D35
S31580E2AFE8435F434D445F53454C4543545F43415227
S31580E2AFF84420457272210A006364683A4D4D435F84
S31580E2B008434D445F5345545F424C4F434B4C454E08
S31580E2B01820457272210A006364683A6D6D632D3E3B
S31580E2B02863617061636974793A3078256C6C7820EB
S31580E2B038210A006364683A6D6D635F73656E645F67
S31580E2B0486578745F637364210A006364683A706141
S31580E2B05872745F6E756D3A25642C206D6D635F73CD
S31580E2B06865745F6361706163697479204572722180
S31580E2B0780A006364683A53445F5357495443485FC6
S31580E2B088535749544348206661696C210A006364D0
S31580E2B098683A6D6D632D3E636172645F6361707356
S31580E2B0A83A307825782C204D4F44452048532066FF
S31580E2B0B861696C210A004D616E202530367820530D
S31580E2B0C86E722025303478253034780025632563FE
S31580E2B0D82563256325632563004D4D433A206E6FCC
S31580E2B0E820636172642070726573656E740A004DBE
S31580E2B0F84D433A20646574656374206361726420A3
S31580E2B10870726573656E740A004D4D433A206861C4
S31580E2B1187320696E697420646F6E652C207265741B
S31580E2B12875726E210A004D4D433A20616B206D6D32
S31580E2B138632064726976657220696E6974204572E5
S31580E2B14872210A004D4D433A20616B206D6D632072
S31580E2B15864726D6D635F676F5F69646C6520457263
S31580E2B16872210A004D4D433A20616B206D6D632052
S31580E2B1786D6D635F73656E645F69665F636F6E64E8
S31580E2B18820457272210A004D4D433A20616B206D4B
S31580E2B1986D63206D6D635F73656E645F69665F6319
S31580E2B1A86F6E64204F4B210A004D4D433A20616B06
S31580E2B1B8206D6D632073645F73656E645F6F705F25
S31580E2B1C8636F6E6420457272210A0025733A20699C
S31580E2B1D86E6974204F4B210A0025733A2025640054
S31580E2B1E82563200063645F636C6B006E6F6E5F72CB
S31580E2B1F8656D6F7665007364206465746563742033
S31580E2B2082573206D6F6465210A0073642064657412
S31580E2B218656374206770696F206D6F64653A25642B
S31580E2B228210A00445442206E6F206D6D6320696E58
S31580E2B238666F0A006D6D635F7770006D6D635F633D
S31580E2B248640073656E6420636D642025642065728C
S31580E2B258726F722C20737461747573203D20257821
S31580E2B2680A006572726F72207265717565736574AC
S31580E2B278210A007364312073686172652070696E91
S31580E2B288210A0073657420736432206F70656E20BC
S31580E2B298636C6B210A00736574207364322072656D
S31580E2B2A8736574210A00736432207368617265205B
S31580E2B2B870696E210A00736433207368617265204F
S31580E2B2C870696E210A0025733A20457272206E6F84
S31580E2B2D820737563682064657620696E6465783A5A
S31580E2B2E82564210A0025733A45727220737973744C
S31580E2B2F8656D20636C6B20636667210A00736574EB
S31580E2B30820746865206E756D626572206F66207737
S31580E2B3187269746520626C6F636B7320746F2062E6
S31580E2B32865207072652D65726173656420666169F0
S31580E2B3386C6564210A00626C6F636B2072772063A6
S31580E2B3486F6D6D616E64202564206973206661691C
S31580E2B3586C6564210A00637263206572726F72207B
S31580E2B3686F722074696D656F75742C20737461745D
S31580E2B37875732069732025780A0025733A726561A8
S31580E2B388642064617461206661696C6564210A007F
S31580E2B39825733A777269746520646174612066619F
S31580E2B3A8696C6564210A0025733A207364206361B7
S31580E2B3B872642063666720627573207769646520A4
S31580E2B3C8657272210A006364683A6D6D632D3E691F
S31580E2B3D86F737365745F666C6167206E6F207661E2
S31580E2B3E86C6964210A006D6D635F736400666474D8
S31580E2B3F85F636865636B5F686561646572206572C1
S31580E2B408723A25640A00666474206572723A256423
S31580E2B4180A006361702D73642D6869676873706565
S31580E2B4286564006361702D7364696F2D697271005A
S31580E2B438706F7765722D70696E7300646574656383
S31580E2B448742D6770696F006E6F6E2D72656D6F769B
S31580E2B45861626C65000A0A43617574696F6E2120C0
S31580E2B468596F757220646576696365732045726182
S31580E2B47873652067726F75702069732030782578D6
S31580E2B4880A5468652065726173652072616E6765C4
S31580E2B49820776F756C64206265206368616E676584
S31580E2B4A820746F203078256C787E3078256C780A1F
S31580E2B4B80A006D6D63206572617365206661696CE9
S31580E2B4C865640A006D6D63207772697465206661CA
S31580E2B4D8696C65640A00552D426F6F742042554740
S31580E2B4E82061742025733A2564210A006D746463A9
S31580E2B4F86F72652E630052656D6F76696E67204D51
S31580E2B508544420646576696365202325642028256A
S31580E2B518732920776974682075736520636F756E01
S31580E2B528742025640A006D656D6F727920616C6C92
S31580E2B5386F636174696F6E206572726F7220776865
S31580E2B548696C65206372656174696E672070617281
S31580E2B558746974696F6E7320666F7220222573220E
S31580E2B5680A006D74643A20706172746974696F6EE8
S31580E2B5782022257322206973206F7574206F6620D6
S31580E2B5887265616368202D2D2064697361626C65DA
S31580E2B598640A006D74643A20706172746974696FC2
S31580E2B5A86E202225732220657874656E6473206224
S31580E2B5B865796F6E642074686520656E64206F664F
S31580E2B5C8206465766963652022257322202D2D20E5
S31580E2B5D873697A65207472756E63617465642074C2
S31580E2B5E86F2025236C6C780A006D746470617274BE
S31580E2B5F82E63006D74643A20706172746974696F3F
S31580E2B6086E202225732220646F65736E27742073F9
S31580E2B61874617274206F6E20616E206572617365E3
S31580E2B62820626C6F636B20626F756E6461727920DB
S31580E2B6382D2D20666F72636520726561642D6F6E4B
S31580E2B6486C790A006D74643A2070617274697469FF
S31580E2B6586F6E202225732220646F65736E277420AD
S31580E2B668656E64206F6E20616E20657261736520F7
S31580E2B678626C6F636B202D2D20666F726365207214
S31580E2B6886561642D6F6E6C790A0053463A2046618D
S31580E2B698696C656420746F20736574207570207395
S31580E2B6A86C6176650A0053463A204661696C656440
S31580E2B6B820746F20636C61696D20535049206275EE
S31580E2B6C8733A2025640A0053463A204661696C65D6
S31580E2B6D86420746F20676574206964636F64657338
S31580E2B6E80A006572726F722072656164696E67209C
S31580E2B6F84A454445432056455253494F4E0A0063CC
S31580E2B7086F6E66696720737069666C6173682071AB
S31580E2B718756164206D6F6465206661696C2E20743C
S31580E2B72872616E73666572207573652031207769FA
S31580E2B73872652E0A006E6F72300053463A20666151
S31580E2B748696C20746F2077726974652034627974C3
S31580E2B7586520616464722072656769737465720ACA
S31580E2B7680053463A203462797465206164647220B3
S31580E2B7786D6F64650A0053463A20556E737570702C
S31580E2B7886F7274656420666C617368204944733AA3
S31580E2B79820006D616E756620253032782C206A65C8
S31580E2B7A864656320253034782C206578745F6A6511
S31580E2B7B864656320253034780A00617432356673AD
S31580E2B7C830313000617432356673303430006174FA
S31580E2B7D83235646630343161006174323564663696
S31580E2B7E83431006174323666303034006174323610
S31580E2B7F86466303831610061743236646631363176
S31580E2B8086100617432366466333231006D7832357E
S31580E2B8186C3332303564006B6832356C3634006BA3
S31580E2B8286832356C313238006D7832356C3132387F
S31580E2B83835356500733235736C3030346100733276
S31580E2B84835736C3030386100733235736C3031362B
S31580E2B8586100733235736C3033326100733235731B
S31580E2B8686C3036346100733235736C31323830304D
S31580E2B87800733235736C3132383031007332356663
S31580E2B8886C313239703000733235666C31323970E8
S31580E2B898310073737432357666303430620073738E
S31580E2B8A87432357666303830620073737432357640
S31580E2B8B86630313662007373743235766630333287
S31580E2B8C86200737374323577663531320073737416
S31580E2B8D83235776630313000737374323577663055
S31580E2B8E832300073737432357766303430006D32B5
S31580E2B8F835703035006D3235703130006D323570E5
S31580E2B9083230006D3235703430006D323570383011
S31580E2B918006D3235703136006D3235703332006DF6
S31580E2B9283235703634006D323570313238006D34E6
S31580E2B9383570653130006D343570653830006D3478
S31580E2B9483570653136006D323570653830006D3266
S31580E2B9583570653136007732357831300077323571
S31580E2B9687832300077323578343000773235783845
S31580E2B97830007732357831360077323578333200AF
S31580E2B98877323578363400773235713634667600F2
S31580E2B9987732357136346A760077323571313238B4
S31580E2B9A800676432357136346200676432357136DF
S31580E2B9B83463006764323571313238007762323502
S31580E2B9C87132353600676432357132353600786DD4
S31580E2B9D83235716836346100786D32357168313264
S31580E2B9E8386100504E32366636344200786D3235EA
S31580E2B9F8716836346300786D32357168313238630E
S31580E2BA0800425932355136344153534947004259F7
S31580E2BA18323551313238415353494700464D3235F2
S31580E2BA2851363400464D3235513132380044532D41
S31580E2BA38464D323551363441005A423235565133C3
S31580E2BA4832005A42323556513634005A42323556E7
S31580E2BA5851313238005854323546363442005854D9
S31580E2BA6832354631323842006E6D3235713634655A
S31580E2BA787662006E6D32357131323865766200658E
S31580E2BA886E32350065726173653A207370695F66F6
S31580E2BA986C6173685F636D645F77726974652066EB
S31580E2BAA861696C0D0A006765745F666561747572B3
S31580E2BAB8652074696D656F757420737461747573C6
S31580E2BAC83A25780A007370695F6E616E645F6572A3
S31580E2BAD8617365207370696E616E64206E6F74201F
S31580E2BAE8696E69740D0A00776169745F636D645F74
S31580E2BAF866696E697368206661696C2073746174BD
S31580E2BB087573203D3D205354415455535F455F46F6
S31580E2BB1841494C0D0A006572726F723A206572610C
S31580E2BB287365206F6666736574206D6F64206572CF
S31580E2BB386173655F73697A6520213D20300D0A005D
S31580E2BB486572726F723A206572617365206C656E92
S31580E2BB58206D6F642065726173655F73697A6520AB
S31580E2BB68213D20300D0A006572726F723A20737039
S31580E2BB78695F6E616E645F6572617365206661692D
S31580E2BB886C2C20616464723A25640D0A00657261E0
S31580E2BB9873653A2072656164207370695F666C6169
S31580E2BBA873685F636D645F777269746520666169DD
S31580E2BBB86C0D0A00776169745F636D645F66696EAE
S31580E2BBC8697368206572726F722C20706167653A54
S31580E2BBD825640A0065726173653A207370695F66E7
S31580E2BBE86C6173685F636D645F72656164206661C8
S31580E2BBF8696C0D0A007370695F6E616E645F726567
S31580E2BC0861645F6E6F65636320736574206E6F200F
S31580E2BC18656363206661696C0D0A007220656363F9
S31580E2BC28206765745F6665617475726520666169A9
S31580E2BC386C200D0A007220656363206572726F72EA
S31580E2BC482073723A25780D0A00636865636B5F45EF
S31580E2BC5843435F737461747573206572726F722C75
S31580E2BC6820706167653A25640A006572726F723A76
S31580E2BC787370696E616E645F666C6173685F7265C4
S31580E2BC8861645F70616765206D6F72652074686153
S31580E2BC986E20706167652073697A650D0A00657240
S31580E2BCA8726F723A7370695F6E616E645F726561B4
S31580E2BCB864206661696C2C20706167653A25640D3B
S31580E2BCC80A007370695F6E616E645F777269746524
S31580E2BCD8207370696E616E64206E6F7420696E6916
S31580E2BCE8740D0A0077726974653A207772697465A9
S31580E2BCF8207370695F666C6173685F636D645F7792
S31580E2BD0872697465206661696C0D0A006661696CA0
S31580E2BD1820737461747573203D3D205354415455A4
S31580E2BD28535F505F4641494C0D0A006572726F72E5
S31580E2BD383A666C617368203D3D204E554C4C0D0A3F
S31580E2BD48006572726F723A7370695F6E616E645F74
S31580E2BD587772697465206661696C2C2070616765A3
S31580E2BD683A25640D0A004E616E645F4973426164E6
S31580E2BD78426C6F636B207772697465206F6F62209D
S31580E2BD886661696C206E416273506167653A256CBB
S31580E2BD98640A0074686520626C6F636B20256C6444
S31580E2BDA82069732062616420626C6F636B2C206EFB
S31580E2BDB86F206E656564207365740A007365745FC7
S31580E2BDC866656174757265206661696C2C20616E40
S31580E2BDD864206E6F207772697465200D0A0053506D
S31580E2BDE8494E414E440071756164206765745F66A9
S31580E2BDF8656174757265206661696C200D0A0071E9
S31580E2BE08756164207365745F6665617475726520B1
S31580E2BE186661696C200D0A006E616E643000657237
S31580E2BE28726F723A206E6F742066696E64206D61F5
S31580E2BE38746368207370696E616E64666C61736838
S31580E2BE48207370696E616E64666C61736869643A60
S31580E2BE5825780A0074686520626C6F636B20697363
S31580E2BE682062616420626C6F636B203D2025640AE0
S31580E2BE78006572726F723A206572617365206661D7
S31580E2BE88696C2C2073657420626164626C636F6B83
S31580E2BE983A2073746172745F706F73203D202564F3
S31580E2BEA80A006572726F723A20616C6C20626C6FFE
S31580E2BEB8636B206973206261642C20706C732063E3
S31580E2BEC8686B0A006572726F723A206D6F726520CE
S31580E2BED87468616E20706172746974696F6E2073BA
S31580E2BEE8697A652C2073617665645F73697A652001
S31580E2BEF83D2025642C2077726974655F73697A655B
S31580E2BF083A25640A006572726F723A207370696EB6
S31580E2BF18616E645F666C6173685F726561642C20CA
S31580E2BF28706F733A25640A006572726F723A20629C
S31580E2BF3875665F6C656E206D6F642028666C6173CA
S31580E2BF48682D3E706167655F73697A65202B206626
S31580E2BF586C6173682D3E6F6F625F73697A652920BB
S31580E2BF68213D20303A25642C2025642C2025640A3C
S31580E2BF78006572726F723A207370696E616E6420C0
S31580E2BF887772697465206661696C2C20616E6420BB
S31580E2BF9873657420626164626C6F636B2C2077725E
S31580E2BFA8697465206E65787420626C6F636B2C2089
S31580E2BFB8706F733A25640A006572726F723A20620C
S31580E2BFC875665F6C656E3A25642C202028666C61FE
S31580E2BFD873682D3E706167655F73697A65202B2089
S31580E2BFE8666C6173682D3E6F6F625F73697A6529E5
S31580E2BFF820213D20303A25642C2025640A004744D6
S31580E2C00835473147513455004744354732475134ED
S31580E2C01855004744354734475134550050535531D6
S31580E2C028475134550041465331475134554141577A
S31580E2C038433200504E32364730314157534955479D
S31580E2C048004D5833354C46314745344142004744E2
S31580E2C0583546324751345542004744354631475191
S31580E2C06834554200464D32355330314100464D32E1
S31580E2C0783553303241004744354631475135554587
S31580E2C0885949470047443546324751355545594916
S31580E2C09847005854323647313042005732354E30AF
S31580E2C0A8314756005732354E30324B560058543265
S31580E2C0B836473031410058543236473032410046AD
S31580E2C0C85333354E4430314700465333354E443048
S31580E2C0D83247005854323647303245005854323661
S31580E2C0E847303143004D5833354C46324745344123
S31580E2C0F844002020200D4572617365696E672C20A5
S31580E2C108257A75252520256C7520422F7300436193
S31580E2C1186E6E6F742066696E6420636F6E736F6C81
S31580E2C128650A00232320426175647261746520255D
S31580E2C1386420627073206E6F7420737570706F728C
S31580E2C1487465640A002323204261756472617465AA
S31580E2C158206D6179206E6F742062652064656C65F6
S31580E2C1687465640A00535049206572726F723A2088
S31580E2C178756E737570706F727465642062757320FC
S31580E2C18825692E20090909537570706F7274656482
S31580E2C198206275737365732030202D20310A00532F
S31580E2C1A85049206572726F723A20756E7375707037
S31580E2C1B86F72746564206672657175656E637920DF
S31580E2C1C8256920487A2E200909094D617820667208
S31580E2C1D8657175656E63792069732025642F3130C0
S31580E2C1E83030303030204D687A0A00535049206525
S31580E2C1F872726F723A206D616C6C6F63206F662023
S31580E2C20853504920737472756374757265206661DA
S31580E2C218696C65640A0072656164207761736E276A
S31580E2C228742066696E69736865642E0A007370693C
S31580E2C238206D6173746572207472616E736665725D
S31580E2C2482064617461206572726F72210A006D6181
S31580E2C258737465722077726974652064617461208B
S31580E2C26874696D656F75742E0A00776169742066E4
S31580E2C2786F72207772697465206461746120666979
S31580E2C2886E6973682074696D656F75742E2E0A00FF
S31580E2C2987772697465207761736E27742066696E32
S31580E2C2A869736865642E0A0025733A206C325F6387
S31580E2C2B86F6D6275665F776169745F646D615F668B
S31580E2C2C8696E697368206661696C6564210A00250E
S31580E2C2D8733A20776169745F666F725F7370695FBC
S31580E2C2E8636E745F746F5F7A65726F206661696C7C
S31580E2C2F86564210A0025733A207761697420666F3E
S31580E2C308722073706920636F756E7420746F207AF9
S31580E2C31865726F206661696C6564210A0025733AE5
S31580E2C328206C325F616C6C6F63206661696C6564F0
S31580E2C338210A00736F7272792C206E6F742073757E
S31580E2C34870706F7274206475706C6578206D6F6436
S31580E2C35865206E6F772E0A0070616E656C2D696E48
S31580E2C36869742D6C69737400616B5F66623A2066E4
S31580E2C37864746465635F707265706172655F6664D2
S31580E2C38874206572726F720A00616B5F66623A2028
S31580E2C39843616E2774206765742064657669636590
S31580E2C3A8206E6F64650A00616B5F66623A2043615C
S31580E2C3B86E277420676574206C63642070616E6E84
S31580E2C3C8656C206E6F646520666F722066696D643F
S31580E2C3D80A00636F6D70617469626C650070616E84
S31580E2C3E8656C2D69660072657365742D70696E7306
S31580E2C3F800636F756C64206E6F7420676574206D58
S31580E2C4086970692070616E6E656C206465766963B1
S31580E2C418652072657365742070696E0A00636F754C
S31580E2C4286C64206E6F7420676574206D697069200C
S31580E2C43870616E6E656C2064657669636520726587
S31580E2C4487365742070696E20706F6C617269747935
S31580E2C4580A00636F756C64206E6F7420676574205A
S31580E2C4687267622070616E6E656C20646576696358
S31580E2C478652072657365742070696E0A00636F75EC
S31580E2C4886C64206E6F7420676574207267622070B0
S31580E2C498616E6E656C206465766963652072657324
S31580E2C4A865742070696E20706F6C61726974790A3E
S31580E2C4B800636F756C64206E6F7420676574206C98
S31580E2C4C863642064657669636520706F7765722038
S31580E2C4D870696E0A00636F756C64206E6F7420678C
S31580E2C4E86574206C63642064657669636520706F21
S31580E2C4F87765722070696E20706F6C617269747983
S31580E2C5080A006C63642D66622D74797065006C63CB
S31580E2C518642D6C6F676F2D7769647468006C6364E9
S31580E2C5282D6C6F676F2D686569676874006C6364E4
S31580E2C5382D6C6F676F2D666D7430006C63642D6C3D
S31580E2C5486F676F2D666D7431006C63642D6C6F67EF
S31580E2C5586F2D7267622D736571006C63642D6C6FE3
S31580E2C568676F2D612D6C6F636174696F6E006C63A2
S31580E2C578642D616C61726D2D656D707479006C6382
S31580E2C588642D616C61726D2D66756C6C006C63648A
S31580E2C5982D646D612D6D6F6465006C63642D6475C1
S31580E2C5A86D6D792D736571006C63642D7267622D8A
S31580E2C5B87365712D73656C006C63642D7267622D89
S31580E2C5C86F64642D736571006C63642D7267622D86
S31580E2C5D86576656E2D736571006C63642D7267622C
S31580E2C5E82D7470672D73656C006C63642D7670614B
S31580E2C5F867652D656E006C63642D626C616E6B2D6A
S31580E2C60873656C006C63642D6E65672D626C616E12
S31580E2C6186B2D6C6576656C006C63642D706F732D1B
S31580E2C628626C616E6B2D6C6576656C006C63642DED
S31580E2C6387267622D62672D636F6C6F72006C6364DA
S31580E2C6482D76682D64656C61792D656E006C636400
S31580E2C6582D76682D64656C61792D6379636C6500E6
S31580E2C6686C63642D762D756E6974006C63642D61D6
S31580E2C6786C6572742D6C696E6500646F6F72312DAC
S31580E2C6887077722D6770696F00646F6F72322D7082
S31580E2C69877722D6770696F0070616E656C2D72674F
S31580E2C6A8622D7365710070616E656C2D776964744D
S31580E2C6B8680070616E656C2D68656967687400707C
S31580E2C6C8616E656C2D70636C6B2D64697600706142
S31580E2C6D86E656C2D6473692D6E756D2D6C616E65F4
S31580E2C6E80070616E656C2D6473692D7478643000B0
S31580E2C6F870616E656C2D6473692D7478643100702F
S31580E2C708616E656C2D6473692D747864320070612C
S31580E2C7186E656C2D6473692D747864330070616E0E
S31580E2C728656C2D6473692D747864340070616E6506
S31580E2C7386C2D6473692D6E6F6E636F6E74696E7538
S31580E2C7486F75732D636C6B0070616E656C2D6473A7
S31580E2C758692D742D7072650070616E656C2D6473D7
S31580E2C768692D742D706F73740070616E656C2D64BB
S31580E2C77873692D74782D6761700070616E656C2DB2
S31580E2C7886473692D6175746F696E736572742D65EC
S31580E2C7986F74700070616E656C2D6473692D687450
S31580E2C7A8782D746F2D636F756E740070616E656C2B
S31580E2C7B82D6473692D6C72782D746F2D636F756E27
S31580E2C7C8740070616E656C2D6473692D6274612D77
S31580E2C7D8746F2D636F756E740070616E656C2D640F
S31580E2C7E873692D742D77616B6575700070616E65FE
S31580E2C7F86C2D6473692D7069782D6669666F2D7301
S31580E2C808656E642D6C6576656C0070616E656C2DFF
S31580E2C8186473692D69662D636F6C6F722D636F64BD
S31580E2C828696E670070616E656C2D6473692D7069D7
S31580E2C838782D666F726D61740070616E656C2D64B9
S31580E2C84873692D7673796E632D706F6C0070616E85
S31580E2C858656C2D6473692D6873796E632D706F6C60
S31580E2C8680070616E656C2D6473692D766964656F97
S31580E2C8782D6D6F64650070616E656C2D6473692DCC
S31580E2C8886866700070616E656C2D6473692D686286
S31580E2C898700070616E656C2D6473692D68736100D2
S31580E2C8A870616E656C2D6473692D6D756C742D700F
S31580E2C8B86B74732D656E0070616E656C2D64736939
S31580E2C8C82D7662700070616E656C2D6473692D7663
S31580E2C8D866700070616E656C2D6473692D7673611E
S31580E2C8E80070616E656C2D6473692D626C6C702D57
S31580E2C8F86D6F64650070616E656C2D6473692D7504
S31580E2C90873652D6E756C6C2D706B742D626C6C70A4
S31580E2C9180070616E656C2D6473692D766300706153
S31580E2C9286E656C2D6473692D636D642D747970659B
S31580E2C9380070616E656C2D6473692D636C6B007033
S31580E2C948616E656C2D746870770070616E656C2DAA
S31580E2C9587468620070616E656C2D746866007061D9
S31580E2C9686E656C2D747670770070616E656C2D7469
S31580E2C97876620070616E656C2D7476660070616EA3
S31580E2C988656C2D70636C6B2D706F6C0070616E6573
S31580E2C9986C2D6873796E632D706F6C0070616E654D
S31580E2C9A86C2D7673796E632D706F6C0070616E652F
S31580E2C9B86C2D766F676174652D706F6C0070616E31
S31580E2C9C8656C2D6275732D776964746800616C6C29
S31580E2C9D86F63206C63646320696E666F2062756636
S31580E2C9E8666572206572726F720A00616C6C6F633B
S31580E2C9F8206C63646320696E666F2062756666651D
S31580E2CA087232206572726F720A006572722C2067C2
S31580E2CA1865742064746220616E64207061727365E5
S31580E2CA28206C636420706172616D65746572210A37
S31580E2CA38004572723A6E6F206C6364207368617225
S31580E2CA486570696E20706172616D65746572210ABE
S31580E2CA5800616C6C6F63206C636463206473692025
S31580E2CA68696E666F20627566666572206572726F38
S31580E2CA78720A006173696320706C6C206973202581
S31580E2CA88644D487A210A004572723A6E6F206D705B
S31580E2CA987520736861726570696E20706172616D06
S31580E2CAA865746572210A0070616E656C2D646174C5
S31580E2CAB8612D77696474680070616E656C2D636F49
S31580E2CAC86C6F722D6D6F64650070616E656C2D7228
S31580E2CAD8732D706F6C61726974790070616E656CC2
S31580E2CAE82D77722D6379636C650070616E656C2D46
S31580E2CAF877722D6C6F770070616E656C2D646972E2
S31580E2CB08656374696F6E004D50552050414E454CB1
S31580E2CB182049442025780A006D707520706978204E
S31580E2CB28666F726D6174203D2025780A00646973A8
S31580E2CB38706C6179206F6B210A006C63645F64694B
S31580E2CB487361626C650D0A0068656172746265611B
S31580E2CB5874203D2025780A004641543A204D69736F
S31580E2CB68616C69676E656420627566666572206166
S31580E2CB7864647265737320282570290A00464154D5
S31580E2CB88333220202000464154313220202000468C
S31580E2CB984154313620202000496E76616C696420E2
S31580E2CBA846415420656E7472790A0055AA002A2A8B
S31580E2CBB820506172746974696F6E202564206E6F85
S31580E2CBC8742076616C6964206F6E20646576696329
S31580E2CBD865202564202A2A0A004572726F723A20F5
S31580E2CBE846415420736563746F722073697A65204F
S31580E2CBF86D69736D61746368202866733D2568750F
S31580E2CC082C206465763D256C75290A002020202033
S31580E2CC182020202020202020257325630A00202535
S31580E2CC28386C64202020257325630A000A2564204F
S31580E2CC3866696C652873292C2025642064697228C4
S31580E2CC4873290A0A004572726F7220726561646995
S31580E2CC586E6720636C75737465720A004E6F206323
S31580E2CC68757272656E74206465766963650A0049D1
S31580E2CC786E746572666163653A202000556E6B6EE6
S31580E2CC886F776E000A20204465766963652025649D
S31580E2CC983A20000A4E6F2076616C696420464154D8
S31580E2CCA820667320666F756E640A0046696C6573E2
S31580E2CCB8797374656D3A20257320222573220A00DA
S31580E2CCC872656164696E672025730A002A2A20558F
S31580E2CCD86E61626C6520746F207265616420666934
S31580E2CCE86C65202573202A2A0A0043616E27742000
S31580E2CCF86C6973742066696C657320776974686F8A
S31580E2CD08757420612066696C6573797374656D21C3
S31580E2CD180A0025732F25730043616E2774206C6F92
S31580E2CD2861642066696C6520776974686F757420BA
S31580E2CD38612066696C6573797374656D210A002A68
S31580E2CD482A20556E7265636F676E697A65642066B6
S31580E2CD58696C6573797374656D2074797065202A58
S31580E2CD682A0A002A2A20556E61626C6520746F2031
S31580E2CD7877726974652066696C65202573202A2A2C
S31580E2CD880A00626F6F7466696C65002A2A204E6FA4
S31580E2CD9820626F6F742066696C6520646566696E69
S31580E2CDA86564202A2A0A002A2A2045727220646F3C
S31580E2CDB8206C6F6164206164647265737320626556
S31580E2CDC8796F6E642075626F6F742072616E6765C3
S31580E2CDD8202A2A0A0025642062797465732072659E
S31580E2CDE8616420696E20256C75206D7300202800A9
S31580E2CDF82564206279746573207772697474656EC6
S31580E2CE0820696E20256C75206D73003C76616C69AD
S31580E2CE1864206F66667365742F6C656E6774683EA8
S31580E2CE28003C6E6F206572726F723E003C756E6B67
S31580E2CE386E6F776E206572726F723E004644545FFB
S31580E2CE484552525F4E4F54464F554E4400464454DF
S31580E2CE585F4552525F455849535453004644545F9E
S31580E2CE684552525F4E4F5350414345004644545FC4
S31580E2CE784552525F4241444F4646534554004644E2
S31580E2CE88545F4552525F42414450415448004644B9
S31580E2CE98545F4552525F4241445354415445004699
S31580E2CEA844545F4552525F5452554E434154454429
S31580E2CEB8004644545F4552525F4241444D41474998
S31580E2CEC843004644545F4552525F42414456455276
S31580E2CED853494F4E004644545F4552525F4241445D
S31580E2CEE8535452554354555245004644545F45522D
S31580E2CEF8525F4241444C41594F555400256C6C75FA
S31580E2CF08204279746573257300256C75002E256C2D
S31580E2CF18640020256369422573002025302A78003B
S31580E2CF282020202025730A00252E2A732564004EA8
S31580E2CF386F2076616C69642046445420666F756E0C
S31580E2CF4864202D20706C6561736520617070656EF2
S31580E2CF5864206F6E6520746F20552D426F6F742042
S31580E2CF6862696E6172792C2075736520752D626FA0
S31580E2CF786F742D6474622E62696E206F72206465A6
S31580E2CF8866696E6520434F4E4649475F4F465F4521
S31580E2CF984D4245442E20466F722073616E64626FFD
S31580E2CFA8782C20757365202D64203C66696C652E25
S31580E2CFB86474623E0A002F636F6E666967003C6E30
S31580E2CFC86F6E653E00616E796B612C616B33376596
S31580E2CFD82D6C63642D6374726C00616E796B612C5F
S31580E2CFE8616B3337652D6D6D633000616E796B6188
S31580E2CFF82C616B3337652D6D6D633100616E796BAC
S31580E2D008612C616B3337652D6D6D633200616E79A4
S31580E2D0186B612C616B3337652D65746865726E65F5
S31580E2D0287400616E796B612C616B3337652D65743B
S31580E2D0386865726E657431006E76696469612C74AE
S31580E2D0486567726132302D65686369006E766964F8
S31580E2D05869612C746567726133302D65686369002E
S31580E2D0686E76696469612C74656772613131342DD3
S31580E2D07865686369006E76696469612C746567724E
S31580E2D088613131342D693263006E76696469612C67
S31580E2D098746567726132302D693263006E766964CF
S31580E2D0A869612C746567726132302D6932632D64E9
S31580E2D0B87663006E76696469612C7465677261323B
S31580E2D0C8302D656D63006E76696469612C74656777
S31580E2D0D8726132302D656D632D7461626C65006EA6
S31580E2D0E876696469612C746567726132302D6B6228
S31580E2D0F863006E76696469612C7465677261323041
S31580E2D1082D6E616E64006E76696469612C746567FA
S31580E2D118726132302D70776D006E76696469612C42
S31580E2D128746567726132302D6463006E766964690C
S31580E2D138612C746567726133302D73646863690044
S31580E2D1486E76696469612C746567726132302D73B3
S31580E2D15864686369006E76696469612C746567726E
S31580E2D1686132302D73666C617368006E76696469C4
S31580E2D178612C746567726132302D736C696E6B00EF
S31580E2D1886E76696469612C74656772613131342DB2
S31580E2D19873706900736D73632C6C616E39323135E5
S31580E2D1A80073616D73756E672C6578796E6F732D12
S31580E2D1B873726F6D630073616D73756E672C73330B
S31580E2D1C863323434302D6932630073616D73756E00
S31580E2D1D8672C6578796E6F732D736F756E640077D9
S31580E2D1E86F6C66736F6E2C776D383939342D636F51
S31580E2D1F86465630073616D73756E672C6578796EA5
S31580E2D2086F732D73706900676F6F676C652C6372D5
S31580E2D2186F732D656300676F6F676C652C63726FDA
S31580E2D228732D65632D6B6579620073616D73756EB7
S31580E2D238672C6578796E6F732D65686369007361AB
S31580E2D2486D73756E672C6578796E6F732D757362FB
S31580E2D2582D7068790073616D73756E672C65787960
S31580E2D2686E6F732D746D750073616D73756E672C51
S31580E2D2786578796E6F732D66696D640073616D7317
S31580E2D288756E672C6578796E6F73352D6470007369
S31580E2D298616D73756E672C6578796E6F7335323525
S31580E2D2A8302D64776D6D630073616D73756E672C6F
S31580E2D2B86578796E6F73343231302D7561727400A8
S31580E2D2C86D6178696D2C6D617837373638365F707F
S31580E2D2D86D6963007370692D666C617368006D6150
S31580E2D2E878696D2C6D617839383039352D636F649C
S31580E2D2F8656300696E66696E656F6E2C736C6239FA
S31580E2D3083633352D74706D00696E66696E656F6E3B
S31580E2D3182C736C62393634352D74706D0073616D99
S31580E2D32873756E672C6578796E6F73352D68736958
S31580E2D338326300232323204552524F52202323234C
S31580E2D34820506C6561736520524553455420746854
S31580E2D3586520626F617264202323230A00232320D7
S31580E2D3684552524F523A20756E737570706F727469
S31580E2D3786564206D61746368206D6574686F643A6C
S31580E2D388203078253032780A00456E7620657870C6
S31580E2D3986F72742062756666657220746F6F207329
S31580E2D3A86D616C6C3A20257A752C20627574206ED4
S31580E2D3B865656420257A750A0068696D706F72748E
S31580E2D3C85F723A2063616E277420696E7365727440
S31580E2D3D8202225733D25732220696E746F20686149
S31580E2D3E87368207461626C650A005741524E494EF1
S31580E2D3F8473A2027257327206E6569746865722007
S31580E2D408696E2072756E6E696E67206E6F722069BC
S31580E2D4186E20696D706F7274656420656E76210A16
S31580E2D428005741524E494E473A2027257327206EA8
S31580E2D4386F7420696E20696D706F72746564206599
S31580E2D4486E762C2064656C6574696E6720697421D2
S31580E2D4580A004552524F523A204661696C65642009
S31580E2D468746F20616C6C6F63617465203078256CAB
S31580E2D478782062797465732062656C6F772030787C
S31580E2D488256C782E0A002E2530336C64003C4E5586
S31580E2D4984C4C3E0025733A25753A2025733A20414D
S31580E2D4A87373657274696F6E20602573272066616F
S31580E2D4B8696C65642E00252A6C6C750023232057D7
S31580E2D4C861726E696E67313A2067617465776179F0
S31580E2D4D86970206E656564656420627574206E6F16
S31580E2D4E874207365740A002323205761726E696E0D
S31580E2D4F867323A20676174657761796970206E650B
S31580E2D5086564656420627574206E6F7420736574D1
S31580E2D5180A002323205761726E696E67333A206761
S31580E2D5286174657761796970206E65656465642082
S31580E2D538627574206E6F74207365740A000A4152AC
S31580E2D5485020526574727920636F756E742065789F
S31580E2D5586365656465643B207374617274696E673A
S31580E2D56820616761696E0A00626164206C656E6734
S31580E2D5787468202564203C2025640A002A2A2A2009
S31580E2D5885741524E494E473A202573206973207493
S31580E2D5986F6F206C6F6E6720282564202D206D6161
S31580E2D5A8783A20256429202D207472756E63617419
S31580E2D5B865640A00486F7374204E616D6500526F28
S31580E2D5C86F742050617468004E495320446F6D61D0
S31580E2D5D8696E204E616D6500424F4F5450206272EB
S31580E2D5E86F6164636173742025640A000A52657404
S31580E2D5F8727920636F756E74206578636565646594
S31580E2D608643B207374617274696E672061676169CD
S31580E2D6186E0A006574686163740025704D0025732F
S31580E2D628256461646472002573616464720065745A
S31580E2D638682E630065746825646D6163736B6970CF
S31580E2D648006574686D6163736B6970000A5761720D
S31580E2D6586E696E673A202573204D41432061646482
S31580E2D66872657373657320646F6E2774206D617457
S31580E2D67863683A0A004164647265737320696E204E
S31580E2D68853524F4D206973202020202020202020CD
S31580E2D69825704D0A004164647265737320696E2051
S31580E2D6A8656E7669726F6E6D656E74206973202019
S31580E2D6B825704D0A00426F617264204E6574204976
S31580E2D6C86E697469616C697A6174696F6E204661A4
S31580E2D6D8696C65640A00435055204E657420496E2C
S31580E2D6E8697469616C697A6174696F6E2046616989
S31580E2D6F86C65640A004E657420496E697469616C6A
S31580E2D708697A6174696F6E20536B69707065640AB1
S31580E2D718006574687072696D65002C2000205B5024
S31580E2D72852494D455D000A5761726E696E673A20C5
S31580E2D73865746820646576696365206E616D6520C7
S31580E2D7486861732061207370616365210A0065747C
S31580E2D75868000A5761726E696E673A206661696C1B
S31580E2D768656420746F20736574204D41432061643B
S31580E2D77864726573730A00657468726F746174653E
S31580E2D78800547279696E672025730A00756E6B6E2E
S31580E2D7986F776E006175746F6C6F6164006E657425
S31580E2D7A87265747279006F6E6365002049434D50E5
S31580E2D7B820486F7374205265646972656374207455
S31580E2D7C86F2025704934200025642E25642E256431
S31580E2D7D82E2564006E766C616E002A2A2A204552CE
S31580E2D7E8524F523A2070696E67206164647265733B
S31580E2D7F873206E6F7420676976656E0A002A2A2A14
S31580E2D808204552524F523A20607365727665726944
S31580E2D8187027206E6F74207365740A002A2A2A207C
S31580E2D8284552524F523A2060697061646472272089
S31580E2D8386E6F74207365740A002A2A2A204552522A
S31580E2D8484F523A204E6F2065746865726E65742011
S31580E2D858666F756E642E0A002A2A2A204552524F2E
S31580E2D868523A20606574686164647227206E6F74C8
S31580E2D878207365740A002A2A2A204552524F523A60
S31580E2D888206065746825646164647227206E6F74AB
S31580E2D898207365740A000A41626F72740A004279DB
S31580E2D8A8746573207472616E7366657272656420DC
S31580E2D8B83D20256C642028256C7820686578290ABD
S31580E2D8C80066696C6561646472005573696E672087
S31580E2D8D82573206465766963650A006F6374657487
S31580E2D8E800626C6B73697A652563256425630046F5
S31580E2D8F8696C6520746F6F206C6172676500466932
S31580E2D9086C652068617320626164206D6167696312
S31580E2D91800626C6B73697A65000A544654502065D6
S31580E2D92872726F723A20466972737420626C6F63A0
S31580E2D9386B206973206E6F7420626C6F636B203123
S31580E2D9482028256C64290A5374617274696E67208B
S31580E2D958616761696E0A0A006364683A0A092000A7
S31580E2D9680A646F6E650A000A5446545020657272DC
S31580E2D9786F723A202725732720282564290A004EC4
S31580E2D9886F74207265747279696E672E2E2E0A001C
S31580E2D9980A25733B207374617274696E67206167C6
S31580E2D9A861696E0A00526574727920636F756E7466
S31580E2D9B820657863656564656400542000746674DE
S31580E2D9C870626C6F636B73697A650074667470747F
S31580E2D9D8696D656F757400544654502074696D6537
S31580E2D9E86F75742028256C64206D732920746F6F97
S31580E2D9F8206C6F772C20736574206D696E696D75FE
S31580E2DA086D203D2031303030206D730A002530326A
S31580E2DA18582530325825303258253032582E696D9D
S31580E2DA2867002A2A2A205761726E696E673A206EE3
S31580E2DA386F20626F6F742066696C65206E616D65B2
S31580E2DA483B207573696E6720272573270A0054463B
S31580E2DA585450202573207365727665722025704945
S31580E2DA68343B206F75722049502061646472657315
S31580E2DA787320697320257049340A0066726F6D00D7
S31580E2DA883B2073656E64696E67207468726F75672A
S31580E2DA986820676174657761792025704934004624
S31580E2DAA8696C656E616D6520272573272E0A0020CD
S31580E2DAB853697A65206973203078257820427974AB
S31580E2DAC86573203D20004C6F6164206164647265F1
S31580E2DAD873733A203078256C780A004C6F616469F2
S31580E2DAE86E673A202A0800204500524F20002020FF
S31580E2DAF853697A653A20256C64204B4220696E2008
S31580E2DB08256420536563746F72730A002020536517
S31580E2DB1863746F72205374617274204164647265AF
S31580E2DB28737365733A000A20202000202530386C0A
S31580E2DB385825732573002D206E6F20736563746F85
S31580E2DB48727320746F2065726173650A002D20579F
S31580E2DB5861726E696E673A2025642070726F7465A9
S31580E2DB686374656420736563746F72732077696C16
S31580E2DB786C206E6F742062652065726173656421BC
S31580E2DB880A0053463A206572617365206661696C5C
S31580E2DB9865640A0053463A2077726974652066613D
S31580E2DBA8696C65640A0077616974207265616420CC
S31580E2DBB8262077726974652069646C652074696D5C
S31580E2DBC8656F7574210A0077616974206566757375
S31580E2DBD86520726561642066696E69736820746916
S31580E2DBE86D656F7574210A006E6F20706172746953
S31580E2DBF874696F6E7320666F722064657669636591
S31580E2DC08282573290A006E6F2066696E642025735B
S31580E2DC182C706C7320636865636B0D0A0025733A12
S31580E2DC282073697A653A30782530386C6C782C209E
S31580E2DC386F66667365743A30782530386C6C780A24
S31580E2DC48006E6F2066696E6420256C642C706C7336
S31580E2DC5820636865636B0D0A004C4F474F00657217
S31580E2DC686F723A676574206C6F676F207061727441
S31580E2DC786974696F6E20696E666F206661696C0A7F
S31580E2DC880025733A207370695F666C6173682070E9
S31580E2DC98726F6265206572726F722E0A0025733A18
S31580E2DCA8207370695F666C6173682072656164204F
S31580E2DCB86572726F722E0A006664745F63686F7348
S31580E2DCC8656E3A206572726F720A00626F6F74616E
S31580E2DCD87267733D006D746470617274733D6D74BE
S31580E2DCE86470617274733D006D746470617274738A
S31580E2DCF8313D006D656D3D6D656D3D006D656D739C
S31580E2DD08697A653D6D656D73697A653D00574152FD
S31580E2DD184E494E473A20636F756C64206E6F742065
S31580E2DD2873657420626F6F74617267732E0A00720C
S31580E2DD38616973653A205369676E616C2023202591
S31580E2DD4864206361756768740A0020202020202099
S31580E2DD58202000552D426F6F7420323031332E31B8
S31580E2DD68302E302D56332E312E333220284F63749F
S31580E2DD782032392032303235202D2030393A333448
S30A80E2DD883A3433290064
S31580E2DD900100000003000000000000000000000017
S30D80E2DDA0000000000000000013
S31580E2DDA800010000010100000201000003010000F9
S31580E2DDB804010000050100000601000007010000D9
S31580E2DDC800000000FF00000001000000FF000000E4
S31580E2DDD802000000FF00000003000000FF000000D0
S31580E2DDE804000000FF00000005000000FF000000BC
S31580E2DDF802000000FF00000007000000FF000000AC
S31580E2DE0808000000FF00000009000000FF00000093
S31580E2DE1802000000FF00000002000000FF00000090
S31580E2DE2802000000FF00000002000000FF00000080
S31580E2DE380E000000FF00000002000000FF00000064
S31580E2DE4802000000FF0000006013E080B413E08067
S31580E2DE583CD6E1806C2EE2806803E080F0CAE080FE
S31580E2DE688813E080C86DE1805CACE0806813E0806E
S31580E2DE78942EE280000000005B61646472205B613C
S31580E2DE887267202E2E2E5D5D0A202020202D2062AC
S31580E2DE986F6F74206170706C69636174696F6E20EC
S31580E2DEA8696D6167652073746F72656420696E2037
S31580E2DEB86D656D6F72790A0970617373696E672031
S31580E2DEC8617267756D656E74732027617267202E3D
S31580E2DED82E2E273B207768656E20626F6F74696E97
S31580E2DEE8672061204C696E7578206B65726E656C09
S31580E2DEF82C0A0927617267272063616E2062652092
S31580E2DF087468652061646472657373206F662061E4
S31580E2DF186E20696E6974726420696D6167650A0943
S31580E2DF285768656E20626F6F74696E672061204CF0
S31580E2DF38696E7578206B65726E656C207768696341
S31580E2DF4868207265717569726573206120666C6195
S31580E2DF5874206465766963652D747265650A0961FC
S31580E2DF6820746869726420617267756D656E742063
S31580E2DF786973207265717569726564207768696309
S31580E2DF886820697320746865206164647265737356
S31580E2DF98206F66207468650A096465766963652D0B
S31580E2DFA87472656520626C6F622E20546F20626F90
S31580E2DFB86F742074686174206B65726E656C207705
S31580E2DFC86974686F757420616E20696E69747264AB
S31580E2DFD820696D6167652C0A09757365206120275A
S31580E2DFE82D2720666F7220746865207365636F6E6D
S31580E2DFF86420617267756D656E742E204966207934
S31580E2E0086F7520646F206E6F742070617373206100
S31580E2E0182074686972640A09612062645F696E665F
S31580E2E0286F207374727563742077696C6C2062658D
S31580E2E0382070617373656420696E73746561640ABE
S31580E2E0480A5375622D636F6D6D616E647320746FAA
S31580E2E05820646F2070617274206F66207468652010
S31580E2E068626F6F746D2073657175656E63652E2058
S31580E2E07820546865207375622D636F6D6D616E6479
S31580E2E08873206D7573742062650A69737375656446
S31580E2E09820696E20746865206F7264657220626595
S31580E2E0A86C6F77202869742773206F6B20746F20D2
S31580E2E0B86E6F7420697373756520616C6C207375F5
S31580E2E0C8622D636F6D6D616E6473293A0A097374A2
S31580E2E0D8617274205B61646472205B617267202E70
S31580E2E0E82E2E5D5D0A096C6F61646F7320202D2088
S31580E2E0F86C6F6164204F5320696D6167650A0972A6
S31580E2E108616D6469736B202D2072656C6F636174CF
S31580E2E1186520696E697472642C2073657420656EF5
S31580E2E1287620696E697472645F73746172742F693A
S31580E2E1386E697472645F656E640A09666474202027
S31580E2E1482020202D2072656C6F6361746520666C71
S31580E2E15861742064657669636520747265650A0907
S31580E2E168636D646C696E65202D204F5320737065EC
S31580E2E178636966696320636F6D6D616E64206C693D
S31580E2E1886E652070726F63657373696E672F7365E8
S31580E2E1987475700A0962647420202020202D204F2D
S31580E2E1A8532073706563696669632062645F74206D
S31580E2E1B870726F63657373696E670A0970726570E8
S31580E2E1C8202020202D204F5320737065636966696D
S31580E2E1D8632070726570206265666F72652072650B
S31580E2E1E86C6F636174696F6E206F7220676F0A095C
S31580E2E1F8676F2020202020202D207374617274207E
S31580E2E2084F5300002998E2800000000001000000D8
S31580E2E21801000000EEDAE280EEDAE2800000000039
S31580E2E2284C66E28000000000010000000800000061
S31580E2E238EEDAE280EEDAE280000000005366E280FF
S31580E2E248000000000100000010000000EEDAE28023
S31580E2E258EEDAE28000000000699EE28000000000BB
S31580E2E2680100000020000000EEDAE280EEDAE280C9
S31580E2E278000000005B66E28000000000010000000A
S31580E2E28840000000EEDAE280EEDAE280000000008A
S31580E2E2986366E28000000000010000008000000062
S31580E2E2A8EEDAE280EEDAE280000000006766E2807B
S31580E2E2B8000000000100000000010000EEDAE280C2
S31580E2E2C8EEDAE280000000006C66E2800000000080
S31580E2E2D80100000000020000EEDAE280EEDAE28077
S31580E2E2E800000000E961E280000000000100000011
S31580E2E2F800040000EEDAE280EEDAE2800000000056
S31580E2E308090909090909090909090909090909090D
S31580E2E31809090909090909090909090909090909FD
S31580E2E328002F0061646472205B2D635D20203C616E
S31580E2E3386464723E205B3C6C656E6774683E5D2001
S31580E2E34820202D2053657420746865205B636F6E88
S31580E2E35874726F6C5D20666474206C6F6361746935
S31580E2E3686F6E20746F203C616464723E0A666474E0
S31580E2E378206D6F76652020203C6664743E203C6E74
S31580E2E3886577616464723E203C6C656E6774683E4C
S31580E2E398202D20436F707920746865206664742026
S31580E2E3A8746F203C616464723E20616E64206D61A4
S31580E2E3B86B65206974206163746976650A6664743C
S31580E2E3C820726573697A652020202020202020200B
S31580E2E3D820202020202020202020202020202020CD
S31580E2E3E8202D20526573697A652066647420746F7D
S31580E2E3F82073697A65202B2070616464696E672070
S31580E2E408746F20346B20616464720A666474207067
S31580E2E41872696E7420203C706174683E205B3C7041
S31580E2E428726F703E5D202020202020202020202D23
S31580E2E43820526563757273697665207072696E7447
S31580E2E448207374617274696E67206174203C7061AE
S31580E2E45874683E0A666474206C6973742020203C72
S31580E2E468706174683E205B3C70726F703E5D2020FE
S31580E2E47820202020202020202D205072696E7420B2
S31580E2E4886F6E65206C6576656C20737461727469EB
S31580E2E4986E67206174203C706174683E0A666474B3
S31580E2E4A8206765742076616C7565203C7661723E7C
S31580E2E4B8203C706174683E203C70726F703E20200A
S31580E2E4C8202D20476574203C70726F70657274796E
S31580E2E4D83E20616E642073746F726520696E203C9B
S31580E2E4E87661723E0A66647420676574206E616D31
S31580E2E4F865203C7661723E203C706174683E203CC1
S31580E2E508696E6465783E2020202D20476574206EEA
S31580E2E518616D65206F66206E6F6465203C696E6406
S31580E2E52865783E20616E642073746F726520696EC9
S31580E2E538203C7661723E0A6664742067657420615F
S31580E2E548646472203C7661723E203C706174683EF7
S31580E2E558203C70726F703E202020202D2047657403
S31580E2E5682073746172742061646472657373206F58
S31580E2E57866203C70726F70657274793E20616E6453
S31580E2E5882073746F726520696E203C7661723E0AEA
S31580E2E598666474206765742073697A65203C76615F
S31580E2E5A8723E203C706174683E205B3C70726F708C
S31580E2E5B83E5D20202D204765742073697A65206F39
S31580E2E5C866205B3C70726F70657274793E5D206F0F
S31580E2E5D872206E756D206E6F64657320616E64203D
S31580E2E5E873746F726520696E203C7661723E0A6644
S31580E2E5F8647420736574202020203C706174683EC0
S31580E2E608203C70726F703E205B3C76616C3E5D208A
S31580E2E6182020202D20536574203C70726F706572BD
S31580E2E62874793E205B746F203C76616C3E5D0A6647
S31580E2E6386474206D6B6E6F6465203C706174683EAD
S31580E2E648203C6E6F64653E202020202020202020FA
S31580E2E6582020202D204372656174652061206E65D5
S31580E2E66877206E6F6465206166746572203C70619E
S31580E2E67874683E0A66647420726D20202020203CED
S31580E2E688706174683E205B3C70726F703E5D2020DC
S31580E2E69820202020202020202D2044656C6574656A
S31580E2E6A820746865206E6F6465206F72203C707294
S31580E2E6B86F70657274793E0A66647420686561640F
S31580E2E6C86572202020202020202020202020202043
S31580E2E6D82020202020202020202020202D20446950
S31580E2E6E873706C61792068656164657220696E66AB
S31580E2E6F86F0A66647420626F6F74637075203C6912
S31580E2E708643E202020202020202020202020202037
S31580E2E7182020202020202D2053657420626F6F747C
S31580E2E7282063707569640A666474206D656D6F72BC
S31580E2E73879203C616464723E203C73697A653E2046
S31580E2E74820202020202020202020202D20416464A3
S31580E2E7582F557064617465206D656D6F7279206E70
S31580E2E7686F64650A666474207273766D656D20706F
S31580E2E77872696E74202020202020202020202020EC
S31580E2E78820202020202020202D2053686F772063A8
S31580E2E798757272656E74206D656D207265736572C9
S31580E2E7A87665730A666474207273766D656D206128
S31580E2E7B86464203C616464723E203C73697A653E97
S31580E2E7C820202020202020202D20416464206120E2
S31580E2E7D86D656D20726573657276650A6664742006
S31580E2E7E87273766D656D2064656C657465203C69C7
S31580E2E7F86E6465783E20202020202020202020205C
S31580E2E8082D2044656C6574652061206D656D207286
S31580E2E818657365727665730A6664742063686F7376
S31580E2E828656E205B3C73746172743E203C656E64EF
S31580E2E8383E5D202020202020202020202D2041649B
S31580E2E848642F75706461746520746865202F6368C7
S31580E2E8586F73656E206272616E636820696E20747A
S31580E2E868686520747265650A202020202020202091
S31580E2E8782020202020202020202020202020202028
S31580E2E8882020202020202020202020202020202018
S31580E2E8983C73746172743E2F3C656E643E202D2013
S31580E2E8A8696E697472642073746172742F656E64BA
S31580E2E8B820616464720A4E4F54453A204465726513
S31580E2E8C8666572656E636520616C696173657320DE
S31580E2E8D86279206F6D6974696E6720746865206CE9
S31580E2E8E8656164696E6720272F272C20652E672E3F
S31580E2E8F820666474207072696E74206574686572C5
S31580E2E9086E6574302E00000040000000FFFFFFFFB6
S31580E2E9180A202020202D206C69737420706172741D
S31580E2E9286974696F6E207461626C650A6D7464706D
S31580E2E938617274732064656C616C6C0A2020202095
S31580E2E9482D2064656C65746520616C6C20706172DB
S31580E2E958746974696F6E730A6D74647061727473C4
S31580E2E9682064656C20706172742D69640A202020A7
S31580E2E978202D2064656C6574652070617274697493
S31580E2E988696F6E2028652E672E20706172742D69F4
S31580E2E99864203D206E616E64302C31290A6D746480
S31580E2E9A8706172747320616464203C6D74642D6452
S31580E2E9B865763E203C73697A653E5B403C6F666667
S31580E2E9C87365743E5D205B3C6E616D653E5D205B82
S31580E2E9D8726F5D0A202020202D2061646420706198
S31580E2E9E872746974696F6E0A6D7464706172747335
S31580E2E9F82064656661756C740A202020202D207259
S31580E2EA086573657420706172746974696F6E207457
S31580E2EA1861626C6520746F2064656661756C747377
S31580E2EA280A0A2D2D2D2D2D0A0A7468697320636FC3
S31580E2EA386D6D616E64207573657320746872656541
S31580E2EA4820656E7669726F6E6D656E742076617218
S31580E2EA586961626C65733A0A0A27706172746974CD
S31580E2EA68696F6E27202D206B6565707320637572DA
S31580E2EA7872656E7420706172746974696F6E2069EA
S31580E2EA8864656E7469666965720A0A706172746928
S31580E2EA9874696F6E20203A3D203C706172742D69EC
S31580E2EAA8643E0A3C706172742D69643E20203A3D68
S31580E2EAB8203C6465762D69643E2C706172745F6E63
S31580E2EAC8756D0A0A276D746469647327202D206C34
S31580E2EAD8696E7578206B65726E656C206D746420DC
S31580E2EAE8646576696365206964203C2D3E20752DD0
S31580E2EAF8626F6F7420646576696365206964206DE8
S31580E2EB08617070696E670A0A6D74646964733D3C04
S31580E2EB1869646D61703E5B2C3C69646D61703E2C04
S31580E2EB282E2E2E5D0A0A3C69646D61703E20202095
S31580E2EB38203A3D203C6465762D69643E3D3C6D74A1
S31580E2EB48642D69643E0A3C6465762D69643E2020BC
S31580E2EB58203A3D20276E616E64277C276E6F722786
S31580E2EB687C276F6E656E616E64273C6465762D6E72
S31580E2EB78756D3E0A3C6465762D6E756D3E20203A4B
S31580E2EB883D206D746420646576696365206E756D73
S31580E2EB986265722C20302E2E2E0A3C6D74642D69A5
S31580E2EBA8643E2020203A3D20756E69717565206441
S31580E2EBB8657669636520746167207573656420622A
S31580E2EBC879206C696E7578206B65726E656C2074D7
S31580E2EBD86F2066696E64206D746420646576696305
S31580E2EBE86520286D74642D3E6E616D65290A0A2753
S31580E2EBF86D7464706172747327202D2070617274EB
S31580E2EC086974696F6E206C6973740A0A6D746470CC
S31580E2EC18617274733D6D746470617274733D3C6D38
S31580E2EC2874642D6465663E5B3B3C6D74642D6465F5
S31580E2EC38663E2E2E2E5D0A0A3C6D74642D646566E8
S31580E2EC483E20203A3D203C6D74642D69643E3A3C10
S31580E2EC58706172742D6465663E5B2C3C7061727479
S31580E2EC682D6465663E2E2E2E5D0A3C6D74642D6992
S31580E2EC78643E2020203A3D20756E69717565206470
S31580E2EC886576696365207461672075736564206259
S31580E2EC9879206C696E7578206B65726E656C207406
S31580E2ECA86F2066696E64206D746420646576696334
S31580E2ECB86520286D74642D3E6E616D65290A3C7007
S31580E2ECC86172742D6465663E203A3D203C73697AAA
S31580E2ECD8653E5B403C6F66667365743E5D5B3C6E23
S31580E2ECE8616D653E5D5B3C726F2D666C61673E5D0C
S31580E2ECF80A3C73697A653E20202020203A3D2073BB
S31580E2ED0874616E64617264206C696E7578206D6573
S31580E2ED186D73697A65204F5220272D2720746F20DC
S31580E2ED2864656E6F746520616C6C2072656D61696D
S31580E2ED386E696E672073706163650A3C6F66667397
S31580E2ED4865743E2020203A3D207061727469746948
S31580E2ED586F6E207374617274206F66667365742051
S31580E2ED6877697468696E2074686520646576696314
S31580E2ED78650A3C6E616D653E20202020203A3D2062
S31580E2ED88272827204E414D45202729270A3C726F9E
S31580E2ED982D666C61673E20203A3D207768656E2055
S31580E2EDA873657420746F2027726F27206D616B6597
S31580E2EDB87320706172746974696F6E2072656164BA
S31580E2EDC82D6F6E6C7920286E6F7420757365642C4E
S31580E2EDD82070617373656420746F206B65726E65EB
S31580E2EDE86C290064656661756C74205B2D665D20AE
S31580E2EDF82D61202D205B666F726369626C795D2076
S31580E2EE0872657365742064656661756C7420656E77
S31580E2EE187669726F6E6D656E740A656E7620646564
S31580E2EE286661756C74205B2D665D20766172205B07
S31580E2EE382E2E2E5D202D205B666F726369626C7959
S31580E2EE485D207265736574207661726961626C654C
S31580E2EE5828732920746F20746865697220646566F0
S31580E2EE6861756C742076616C7565730A656E762059
S31580E2EE7864656C657465205B2D665D2076617220BB
S31580E2EE885B2E2E2E5D202D205B666F726369626C27
S31580E2EE98795D2064656C6574652076617269616204
S31580E2EEA86C652873290A656E76206578706F727448
S31580E2EEB8205B2D74207C202D62207C202D635D20B2
S31580E2EEC85B2D732073697A655D2061646472205B69
S31580E2EED8766172202E2E2E5D202D206578706F72D7
S31580E2EEE87420656E7669726F6E6D656E740A656E8C
S31580E2EEF87620696D706F7274205B2D645D205B2D60
S31580E2EF0874207C202D62207C202D635D20616464E0
S31580E2EF1872205B73697A655D202D20696D706F72E8
S31580E2EF287420656E7669726F6E6D656E740A656E4B
S31580E2EF3876207072696E74205B2D61207C206E610A
S31580E2EF486D65202E2E2E5D202D207072696E7420BE
S31580E2EF58656E7669726F6E6D656E740A656E762019
S31580E2EF6872756E20766172205B2E2E2E5D202D20A4
S31580E2EF7872756E20636F6D6D616E647320696E2043
S31580E2EF88616E20656E7669726F6E6D656E742076D7
S31580E2EF9861726961626C650A656E7620736176650F
S31580E2EFA8202D207361766520656E7669726F6E6D47
S31580E2EFB8656E740A656E7620736574205B2D665D70
S31580E2EFC8206E616D65205B617267202E2E2E5D0A4A
S31580E2EFD800000000010000000F80E28001000000CE
S31580E2EFE800000000847FE080EEDAE280EEDAE280FA
S31580E2EFF8000000006688E280200000000000000031
S31580E2F008A07AE080EEDAE280EEDAE28000000000C2
S31580E2F0186D88E2800400000000000000BC82E08087
S31580E2F028EEDAE280EEDAE280000000007488E280BE
S31580E2F03805000000000000003C7DE080EEDAE28018
S31580E2F048EEDAE280000000007B88E28020000000A1
S31580E2F05801000000747CE080EEDAE280EEDAE2809B
S31580E2F068000000008086E2802000000001000000A7
S31580E2F0783CFBE080EEDAE280EEDAE2800000000035
S31580E2F0888188E28001000000000000003C7BE0808D
S31580E2F098EEDAE280EEDAE28000000000CC61E2801D
S31580E2F0A82000000000000000E481E080EEDAE280E1
S31580E2F0B8EEDAE280000000000000000000000000B6
S31580E2F0C8C0F0E280C0F0E280C8F0E280C8F0E28078
S31580E2F0D8D0F0E280D0F0E280D8F0E280D8F0E28028
S31580E2F0E8E0F0E280E0F0E280E8F0E280E8F0E280D8
S31580E2F0F8F0F0E280F0F0E280F8F0E280F8F0E28088
S31580E2F10800F1E28000F1E28008F1E28008F1E28033
S31580E2F11810F1E28010F1E28018F1E28018F1E280E3
S31580E2F12820F1E28020F1E28028F1E28028F1E28093
S31580E2F13830F1E28030F1E28038F1E28038F1E28043
S31580E2F14840F1E28040F1E28048F1E28048F1E280F3
S31580E2F15850F1E28050F1E28058F1E28058F1E280A3
S31580E2F16860F1E28060F1E28068F1E28068F1E28053
S31580E2F17870F1E28070F1E28078F1E28078F1E28003
S31580E2F18880F1E28080F1E28088F1E28088F1E280B3
S31580E2F19890F1E28090F1E28098F1E28098F1E28063
S31580E2F1A8A0F1E280A0F1E280A8F1E280A8F1E28013
S31580E2F1B8B0F1E280B0F1E280B8F1E280B8F1E280C3
S31580E2F1C8C0F1E280C0F1E280C8F1E280C8F1E28073
S31580E2F1D8D0F1E280D0F1E280D8F1E280D8F1E28023
S31580E2F1E8E0F1E280E0F1E280E8F1E280E8F1E280D3
S31580E2F1F8F0F1E280F0F1E280F8F1E280F8F1E28083
S31580E2F20800F2E28000F2E28008F2E28008F2E2802E
S31580E2F21810F2E28010F2E28018F2E28018F2E280DE
S31580E2F22820F2E28020F2E28028F2E28028F2E2808E
S31580E2F23830F2E28030F2E28038F2E28038F2E2803E
S31580E2F24840F2E28040F2E28048F2E28048F2E280EE
S31580E2F25850F2E28050F2E28058F2E28058F2E2809E
S31580E2F26860F2E28060F2E28068F2E28068F2E2804E
S31580E2F27870F2E28070F2E28078F2E28078F2E280FE
S31580E2F28880F2E28080F2E28088F2E28088F2E280AE
S31580E2F29890F2E28090F2E28098F2E28098F2E2805E
S31580E2F2A8A0F2E280A0F2E280A8F2E280A8F2E2800E
S31580E2F2B8B0F2E280B0F2E280B8F2E280B8F2E280BE
S31580E2F2C8C0F2E280C0F2E280C8F2E280C8F2E2806E
S31580E2F2D8D0F2E280D0F2E280D8F2E280D8F2E2801E
S31580E2F2E8E0F2E280E0F2E280E8F2E280E8F2E280CE
S31580E2F2F8F0F2E280F0F2E280F8F2E280F8F2E2807E
S31580E2F30800F3E28000F3E28008F3E28008F3E28029
S31580E2F31810F3E28010F3E28018F3E28018F3E280D9
S31580E2F32820F3E28020F3E28028F3E28028F3E28089
S31580E2F33830F3E28030F3E28038F3E28038F3E28039
S31580E2F34840F3E28040F3E28048F3E28048F3E280E9
S31580E2F35850F3E28050F3E28058F3E28058F3E28099
S31580E2F36860F3E28060F3E28068F3E28068F3E28049
S31580E2F37870F3E28070F3E28078F3E28078F3E280F9
S31580E2F38880F3E28080F3E28088F3E28088F3E280A9
S31580E2F39890F3E28090F3E28098F3E28098F3E28059
S31580E2F3A8A0F3E280A0F3E280A8F3E280A8F3E28009
S31580E2F3B8B0F3E280B0F3E280B8F3E280B8F3E280B9
S31580E2F3C8C0F3E280C0F3E280C8F3E280C8F3E28069
S31580E2F3D8D0F3E280D0F3E280D8F3E280D8F3E28019
S31580E2F3E8E0F3E280E0F3E280E8F3E280E8F3E280C9
S31580E2F3F8F0F3E280F0F3E280F8F3E280F8F3E28079
S31580E2F40800F4E28000F4E28008F4E28008F4E28024
S31580E2F41810F4E28010F4E28018F4E28018F4E280D4
S31580E2F42820F4E28020F4E28028F4E28028F4E28084
S31580E2F43830F4E28030F4E28038F4E28038F4E28034
S31580E2F44840F4E28040F4E28048F4E28048F4E280E4
S31580E2F45850F4E28050F4E28058F4E28058F4E28094
S31580E2F46860F4E28060F4E28068F4E28068F4E28044
S31580E2F47870F4E28070F4E28078F4E28078F4E280F4
S31580E2F48880F4E28080F4E28088F4E28088F4E280A4
S31580E2F49890F4E28090F4E28098F4E28098F4E28054
S31580E2F4A8A0F4E280A0F4E280A8F4E280A8F4E28004
S31580E2F4B8B0F4E280B0F4E280B8F4E280B8F4E280B4
S31580E2F4C8FFFFFFFF000002000000000000000000CE
S31580E2F4D8000000009CC5E08000800082FFFFFFFFFD
S31580E2F4E8B493E280BA93E280C193E2800000070097
S31580E2F4F8010000005C01000800000000010307002B
S31580E2F508010000005C010008000000000206070016
S31580E2F518010000005C010008000000000309070002
S31580E2F528010000005C01000800000000040C0700EE
S31580E2F538010000005C01000800000000050F0700DA
S31580E2F548010000005C0100080000000006120700C6
S31580E2F558010000005C0100080000000007150700B2
S31580E2F568010000005C01000800000000081807009E
S31580E2F578010000005C01000800000000091B07008A
S31580E2F588010000005C010008000000000A00070094
S31580E2F5980100000060010008000000000B0307007C
S31580E2F5A80100000060010008000000000C06070068
S31580E2F5B80100000060010008000000000D09070054
S31580E2F5C80100000060010008000000000E0C070040
S31580E2F5D80100000060010008000000000F0F07002C
S31580E2F5E80100000060010008000000001012070018
S31580E2F5F80100000060010008000000001115070004
S31580E2F60801000000600100080000000012180700EF
S31580E2F618010000006001000800000000131B0700DB
S31580E2F62801000000600100080000000014000700E5
S31580E2F63801000000640100080000000015030700CD
S31580E2F64801000000640100080000000016060700B9
S31580E2F65801000000640100080000000017090700A5
S31580E2F668010000006401000800000000180C070091
S31580E2F678010000006401000800000000190F07007D
S31580E2F6880100000064010008000000001A12070069
S31580E2F6980100000064010008000000001B15070055
S31580E2F6A80100000064010008000000001C18070041
S31580E2F6B80100000064010008000000001D1B07002D
S31580E2F6C80100000064010008000000001E00070037
S31580E2F6D80100000068010008000000001F0307001F
S31580E2F6E8010000006801000800000000200607000B
S31580E2F6F801000000680100080000000021090700F7
S31580E2F708010000006801000800000000220C0700E2
S31580E2F718010000006801000800000000230F0700CE
S31580E2F72801000000680100080000000024120700BA
S31580E2F73801000000680100080000000025150700A6
S31580E2F7480100000068010008000000002618070092
S31580E2F758010000006801000800000000271B07007E
S31580E2F7680100000068010008000000002800070088
S31580E2F778010000006C010008000000002903070070
S31580E2F788010000006C010008000000002A0607005C
S31580E2F798010000006C010008000000002B09070048
S31580E2F7A8010000006C010008000000002C0C070034
S31580E2F7B8010000006C010008000000002D0F070020
S31580E2F7C8010000006C010008000000002E1207000C
S31580E2F7D8010000006C010008000000002F150700F8
S31580E2F7E8010000006C0100080000000030180700E4
S31580E2F7F8010000006C01000800000000311B0700D0
S31580E2F808010000006C0100080000000032000700D9
S31580E2F81801000000700100080000000033030700C1
S31580E2F82801000000700100080000000034060700AD
S31580E2F8380100000070010008000000003509070099
S31580E2F848010000007001000800000000360C070085
S31580E2F858010000007001000800000000370F070071
S31580E2F868010000007001000800000000381207005D
S31580E2F8780100000070010008000000003915070049
S31580E2F8880100000070010008000000003A18070035
S31580E2F8980100000070010008000000003B1B070021
S31580E2F8A80100000070010008000000003C0007002B
S31580E2F8B80100000074010008000000003D03070013
S31580E2F8C80100000074010008000000003E060700FF
S31580E2F8D80100000074010008000000003F090700EB
S31580E2F8E8010000007401000800000000400C0700D7
S31580E2F8F8010000007401000800000000410F0700C3
S31580E2F90801000000740100080000000042120700AE
S31580E2F918010000007401000800000000431507009A
S31580E2F9280100000074010008000000004418070086
S31580E2F938010000007401000800000000451B070072
S31580E2F948010000007401000800000000460007007C
S31580E2F9580100000078010008000000004703070064
S31580E2F9680100000078010008000000004806070050
S31580E2F978010000007801000800000000490907003C
S31580E2F9880100000078010008000000004A0C070028
S31580E2F9980100000078010008000000004B0F070014
S31580E2F9A80100000078010008000000004C12070000
S31580E2F9B80100000078010008000000004D150700EC
S31580E2F9C80100000078010008000000004E180700D8
S31580E2F9D80100000078010008000000004F1B0700C4
S31580E2F9E801000000780100080000000050000000D5
S31580E2F9F80100000000000000000000005100000045
S31580E2FA080100000000000000000000005206070026
S31580E2FA18010000007C01000800000000530907008D
S31580E2FA28010000007C01000800000000340C070099
S31580E2FA38010000007C01000800000000550F070065
S31580E2FA48010000007C010008000000005612070051
S31580E2FA58010000007C0100080000000000000000B0
S31580E2FA680000000000000000000000000000000026
S31580E2FA780000000000000000000000000000000016
S31580E2FA880000000000000000000000000000000006
S31580E2FA9800000000000000000000000000000000F6
S31580E2FAA800000000000000000000000000000000E6
S31580E2FAB800000000000000000000000000000000D6
S31580E2FAC800000000000000000000000000000000C6
S31580E2FAD800000000000000000000000000000000B6
S31580E2FAE800000000000000000000000000000000A6
S31580E2FAF80000000000000000000000000000000096
S31580E2FB080000000000000000000000000000000085
S31580E2FB180000000000000000000000000000000075
S31580E2FB280000000000000000000000000000000065
S31580E2FB380000000000000000000000000000000055
S31580E2FB480000000000000000000000000000000045
S31580E2FB580000000000000000000000000000000035
S31580E2FB680000000000000000000000000000000025
S31580E2FB780000000000000000000000000000000015
S31580E2FB880000000000000000000000000000000005
S31580E2FB9800000000000000000000000000000000F5
S31580E2FBA800000000000000000000000000000000E5
S31580E2FBB800000000000000000000000000000000D5
S31580E2FBC800000000000000000000000000000000C5
S31580E2FBD800000000000000000000000000000000B5
S31580E2FBE800000000000000000000000000000000A5
S31580E2FBF80000000000000000000000000000000095
S31580E2FC080000000000000000000000000000000084
S31580E2FC180000000000000000000000000000000074
S31580E2FC280000000000000000000000000000000064
S31580E2FC380000000000000000000000000000000054
S31580E2FC480000000000000000000000000000000044
S31580E2FC580000000000000000000000000000000034
S31580E2FC680000000000000000000000000000000024
S31580E2FC780000000000000000000000000000000014
S31580E2FC880000000000000000000000000000000004
S31580E2FC98000000000000000000000000FFFFFFFFF8
S31580E2FCA81820C20000001032547060000000000084
S31580E2FCB87C63E180E05DE1801720C20000001032BB
S31580E2FCC854706000000000007C63E180E05DE180C2
S31580E2FCD817702000000010325470600000000000A7
S31580E2FCE85464E180B85EE18018702000000010322A
S31580E2FCF854706000000000005464E180B85EE180E0
S31580E2FD081740200000001032547698EA0F0000006F
S31580E2FD187C63E180685DE180184020000000103253
S31580E2FD28547698EA0F0000007C63E180685DE180A2
S31580E2FD3817701C000000103254706000000000004A
S31580E2FD487C63E180E05DE1801840C8000000103203
S31580E2FD58547698EA0F0000007C63E180685DE18072
S31580E2FD681740C80000001032547698EA0F00000067
S31580E2FD787C63E180685DE1801640EF000000103226
S31580E2FD88547698EB0F0000007C63E180D85FE180CF
S31580E2FD981740EF0000001032547698EB0F0000000F
S31580E2FDA87C63E180D85FE1801840EF000000103282
S31580E2FDB8547698EB0F0000007C63E180D85FE1809F
S31580E2FDC81940EF0000001032547698EB0F110100CB
S31580E2FDD87C63E180D85FE1801732F8000000103258
S31580E2FDE8047098EA0F0000007C63E180685DE18038
S31580E2FDF81740A10000001032047098EA0F00000054
S31580E2FE087C63E180685DE1801840A10000001032E1
S31580E2FE18047098EA0F0000007C63E180685DE18007
S31580E2FE281840680000001032547698EA0F00000005
S31580E2FE387C63E180685DE1801740680000001032EB
S31580E2FE48547698EA0F0000007C63E180685DE18081
S31580E2FE581840680000001032547698EA0F000000D5
S31580E2FE687C63E180685DE1801740680000001032BB
S31580E2FE78547698EA0F0000007C63E180685DE18051
S31580E2FE8816405E0000001032047098E00F00000011
S31580E2FE987C63E180685DE18017405E000000103295
S31580E2FEA8047098E00F0000007C63E180685DE18081
S31580E2FEB818405E0000001032047098E00F000000DF
S31580E2FEC87C63E180685DE18017400B0000001032B8
S31580E2FED8547698EA0F0000007C63E180E05DE18079
S31580E2FEE818400B0000001032547698EA0F000000A2
S31580E2FEF87C63E180E05DE1801722520000001032E7
S31580E2FF085486A970000000007C63E180685DE18028
S31580E2FF1818215200000010325486A97000000000B1
S31580E2FF287C63E180E05DE1801940C8000000103220
S31580E2FF3854006000000000007C63E180E05DE180BF
S31580E2FF480000000000001032547698EA0F000000A4
S31580E2FF587C63E180685DE180F4C8F4C80000100043
S31580E2FF68547689EA2F030000F2C8F2C8000010002E
S31580E2FF78547689EA2F030000F1C8F1C80000100020
S31580E2FF88547689EA2F030000D1C8D1C80000100050
S31580E2FF98547689EA2F030000D2C8D2C8000010003E
S31580E2FFA8547689EA2F030000B1C848B100001000F0
S31580E2FFB8547689EA2F0300007F7F21C8000010006B
S31580E2FFC8547689EA2F03000031C831C80000100050
S31580E2FFD8547689EA2F030000E1A1E1A1000010002E
S31580E2FFE8547689EA2F03000012C212C2000010007A
S31580E2FFF8547689EA2F0300000000000000001032E0
S31580E30008547698EA0F000000616B736572300000DE
S31580E3001800000000000000009069E1800000000015
S31580E30028A469E180646AE180346BE180E46AE18013
S31580E30038846BE18000000000616B736572310000B8
S31580E3004800000000000000009869E18000000000DD
S31580E30058A069E1806C6AE1803C6BE180EC6AE180CF
S31580E300688C6BE18000000000000520030005200377
S31580E30078000000000000050000000000000000000A
S31580E3008800000000000000000000000000000000FF
S31580E3009800000000000000000000000000000000EF
S31580E300A800000000000000000000000000000000DF
S31580E300B800000000000000000000000000000000CF
S31580E300C800000000000000000000000000000000BF
S31580E300D8000000000100000020A3E1802CB0E1804D
S31580E300E884B0E18000000000C0B0E1800000000039
S31580E300F8C4B0E180DCB0E180E4B0E180ECB0E180DB
S31580E30108F4B0E18001000000FFFFFFFFFFFFFFFF80
S31580E30118FFFF00000A0000000A000000BC0500009B
S30B80E3012850C30000000253
S31180E301300000000000000000000000005A
S31580E3013C6674E28002000000010000005C46E08009
S31580E3014C6B74E2808774E280000000002366E280B1
S31580E3015C20000000010000003825E0802966E2805B
S31580E3016C80DEE28000000000A483E28003000000CE
S31580E3017C01000000D879E080AA83E2807A83E2806A
S31580E3018C000000003A82E2800200000000000000DA
S31580E3019C5470E0804182E2805982E2800000000064
S31580E301AC9FA5E2800100000001000000ACE7E0803F
S31580E301BCA3A5E280EEDAE280000000005275E280CD
S31580E301CC04000000010000008047E0805675E28061
S31580E301DC6575E280000000008475E280040000000F
S31580E301EC01000000B44AE0808775E2809375E28073
S31580E301FC00000000F674E2800400000001000000B9
S31580E3020CE44BE080FC74E2801175E2800000000030
S31580E3021C1A72E2802000000001000000507BE0802F
S31580E3022C4888E280EBEDE28000000000C766E2805E
S31580E3023C0300000001000000D026E080CF66E28058
S31580E3024CF266E28000000000DF67E28007000000D0
S31580E3025C00000000A026E080E767E2800E68E2807B
S31580E3026C000000005067E2800400000001000000FB
S31580E3027CB826E0805667E2807C67E2800000000067
S31580E3028C699EE280FF00000000000000902AE08077
S31580E3029C5B6FE2802BE3E280000000003AC8E280E9
S31580E302AC02000000010000003C46E0800E72E28012
S31580E302BC0572E28000000000E961E2802000000024
S31580E302CC01000000241CE080EC61E2801062E28095
S31580E302DC00000000956FE280200000000100000022
S31580E302ECD43AE0809A6FE280BA6FE2800000000035
S31580E302FCDD72E2800400000000000000B03DE08087
S31580E3030CE372E2804E72E28000000000BB70E28012
S31580E3031C0400000000000000B03DE080AD72E28096
S31580E3032C4E72E280000000007670E28004000000EA
S31580E3033C00000000B03DE0801E72E2804E72E280E7
S31580E3034C000000001B74E280030000000100000043
S31580E3035CDC48E0802074E2803F74E2800000000099
S31580E3036C01A6E2800300000001000000C849E0809A
S31580E3037C5476E2806376E280000000002776E280A2
S31580E3038C0200000001000000104EE0802A76E28035
S31580E3039C1276E28000000000ACD2E2800600000018
S31580E303AC01000000204EE080E778E280F678E28078
S31580E303BC00000000E079E28001000000000000000C
S31580E303CCBC52E080E879E280F979E28000000000B3
S31580E303DCF25DE28006000000000000002871E080F8
S31580E303EC1D82E28018E9E28000000000B475E280A9
S31580E303FC04000000010000009C46E080B775E280B3
S31580E3040CCB75E28000000000EE75E280020000000E
S31580E3041C01000000184EE080F175E2801276E280EE
S31580E3042C000000000E83E280020000000100000061
S31580E3043C247AE0801383E2803A83E2800000000032
S31580E3044CA587E2802000000001000000747CE08038
S31580E3045CAE87E280CA87E28078A2E080826FE28010
S31580E3046C2000000001000000D43AE080846FE28033
S31580E3047CEEDAE28000000000CA61E280010000004F
S31580E3048C00000000681BE080D061E280EEDAE28057
S31580E3049C000000008086E28020000000010000005E
S31580E304AC3CFBE0808486E280AC86E28078A2E080C6
S31580E304BC8688E28001000000000000003C7BE0803F
S31580E304CC8E88E280EEDAE28000000000C68BE28062
S31580E304DC0700000000000000148AE080D18BE280E4
S31580E304EC0E68E280000000000486E28020000000B3
S31580E304FC00000000E481E080F286E2800C87E280F3
S31580E3050C78A2E0801D8FE2800600000001000000E7
S31580E3051C8894E080208FE280368FE28000000000B2
S31580E3052C4683E2800300000001000000E479E0806A
S31580E3053C4F83E2807A83E280000000003F92E28080
S31580E3054C0700000000000000709CE080D18BE28005
S31580E3055C0E68E28000000000EC92E280010000006D
S31580E3056C01000000949FE080C992E280EEDAE2809B
S31580E3057C00000000AA5DE280F06DE1808ACDE28026
S31580E3058C6C1EE280C694E280ACBCE0803894E28058
S31580E3059C9CABE080BB96E28050C3E080418AE280EC
S30980E305AC1CDCE0808A
S31580E305B02000E080170000002400E08017000000A0
S31580E305C02800E080170000002C00E0801700000080
S31580E305D03000E080170000003400E0801700000060
S31580E305E03800E08017000000BC08E08017000000B8
S31580E305F0E40BE08017000000600DE0801700000048
S31580E30600B80EE080170000000810E08017000000B5
S31580E306100C10E08017000000F010E0801700000067
S31580E30620F810E08017000000FC10E080170000005F
S31580E306305C11E080170000006011E0801700000085
S31580E306406411E080170000006811E0801700000065
S31580E306507C11E080170000009411E0801700000011
S31580E30660C811E08017000000F811E0801700000051
S31580E30670F012E08017000000F412E080170000001B
S31580E30680F812E080170000005013E08017000000A6
S31580E306905413E080170000005813E0801700000031
S31580E306A05C13E080170000008013E08017000000F1
S31580E306B08413E08017000000B013E0801700000089
S31580E306C02015E080170000002815E0801700000061
S31580E306D03415E080170000003815E080170000002D
S31580E306E03C15E080170000006C16E08017000000E0
S31580E306F07016E080170000007816E080170000008F
S31580E307007C16E080170000008016E080170000006A
S31580E307108416E080170000008816E080170000004A
S31580E307208C16E080170000009416E0801700000026
S31580E307309816E080170000009C16E0801700000002
S31580E30740A016E08017000000A416E08017000000E2
S31580E307504C17E080170000005017E0801700000078
S31580E307605417E080170000005817E0801700000058
S31580E307705C17E080170000007C18E080170000001B
S31580E307808018E080170000008418E08017000000DE
S31580E307908C18E080170000002419E0801700000021
S31580E307A02819E080170000002C19E080170000006C
S31580E307B06819E08017000000801AE08017000000C7
S31580E307C0841AE08017000000881AE0801700000092
S31580E307D08C1AE08017000000901AE0801700000072
S31580E307E0941AE08017000000981AE0801700000052
S31580E307F09C1AE08017000000A01AE0801700000032
S31580E30800A41AE08017000000C41AE08017000000F5
S31580E30810E41AE08017000000041BE0801700000064
S31580E30820241BE08017000000441BE08017000000D3
S31580E30830641BE08017000000941BE0801700000033
S31580E30840881CE080170000008C1CE0801700000005
S31580E30850A424E08017000000A824E08017000000AD
S31580E30860AC24E08017000000B024E080170000008D
S31580E30870B824E08017000000BC24E0801700000065
S31580E30880C024E08017000000C424E0801700000045
S31580E30890C824E08017000000CC24E0801700000025
S31580E308A0D024E08017000000D424E0801700000005
S31580E308B0D824E08017000000DC24E08017000000E5
S31580E308C0E024E08017000000E424E08017000000C5
S31580E308D0E824E08017000000EC24E08017000000A5
S31580E308E0F024E08017000000F424E0801700000085
S31580E308F0F824E08017000000FC24E0801700000065
S31580E309000025E080170000000425E0801700000042
S31580E309100825E080170000000C25E0801700000022
S31580E309201025E080170000001425E0801700000002
S31580E309301825E080170000001C25E08017000000E2
S31580E309402025E080170000002425E08017000000C2
S31580E309502825E080170000002C25E08017000000A2
S31580E309603025E080170000003425E0801700000082
S31580E309701826E080170000001C26E08017000000A0
S31580E309802026E080170000009026E0801700000014
S31580E309909426E080170000009826E0801700000088
S31580E309A09C26E080170000005827E08017000000AF
S31580E309B05C27E080170000004428E08017000000F1
S31580E309C04828E080170000004C28E08017000000EC
S31580E309D05028E080170000005428E08017000000CC
S31580E309E0EC28E08017000000482AE080170000002A
S31580E309F04C2AE08017000000502AE08017000000B0
S31580E30A00542AE08017000000582AE080170000008F
S31580E30A105C2AE08017000000602AE080170000006F
S31580E30A20642AE08017000000682AE080170000004F
S31580E30A306C2AE08017000000702AE080170000002F
S31580E30A40882AE080170000008C2AE08017000000E7
S31580E30A500C33E080170000001033E08017000000BD
S31580E30A601433E080170000001833E080170000009D
S31580E30A701C33E080170000002033E080170000007D
S31580E30A802433E080170000002833E080170000005D
S31580E30A902C33E08017000000D839E080170000008F
S31580E30AA0DC39E08017000000E039E08017000000C1
S31580E30AB0E439E08017000000E839E08017000000A1
S31580E30AC0EC39E08017000000F039E0801700000081
S31580E30AD0F439E08017000000F839E0801700000061
S31580E30AE0FC39E08017000000003AE0801700000040
S31580E30AF0043AE08017000000083AE080170000001F
S31580E30B000C3AE08017000000103AE08017000000FE
S31580E30B10143AE08017000000183AE08017000000DE
S31580E30B201C3AE08017000000203AE08017000000BE
S31580E30B30243AE08017000000283AE080170000009E
S31580E30B402C3AE08017000000303AE080170000007E
S31580E30B50343AE08017000000383AE080170000005E
S31580E30B603C3AE08017000000403AE080170000003E
S31580E30B70443AE08017000000483AE080170000001E
S31580E30B804C3AE08017000000503AE08017000000FE
S31580E30B90543AE08017000000583AE08017000000DE
S31580E30BA05C3AE08017000000603AE08017000000BE
S31580E30BB0643AE08017000000683AE080170000009E
S31580E30BC06C3AE08017000000703AE080170000007E
S31580E30BD0743AE08017000000783AE080170000005E
S31580E30BE07C3AE08017000000803AE080170000003E
S31580E30BF0843AE08017000000883AE080170000001E
S31580E30C008C3AE08017000000903AE08017000000FD
S31580E30C10943AE08017000000983AE08017000000DD
S31580E30C209C3AE08017000000A03AE08017000000BD
S31580E30C30A43AE08017000000A83AE080170000009D
S31580E30C40AC3AE08017000000B03AE080170000007D
S31580E30C50B43AE08017000000B83AE080170000005D
S31580E30C60BC3AE08017000000C03AE080170000003D
S31580E30C70C43AE08017000000C83AE080170000001D
S31580E30C80CC3AE08017000000D03AE08017000000FD
S31580E30C90103BE08017000000143BE0801700000063
S31580E30CA03C3BE08017000000403BE08017000000FB
S31580E30CB0443BE080170000007C3BE08017000000A7
S31580E30CC0803BE08017000000843BE0801700000053
S31580E30CD0883BE080170000008C3BE0801700000033
S31580E30CE0903BE08017000000C83BE08017000000DF
S31580E30CF0CC3BE08017000000D03BE080170000008B
S31580E30D00D43BE08017000000D83BE080170000006A
S31580E30D10DC3BE08017000000D83CE0801700000051
S31580E30D20DC3CE08017000000E03CE0801700000038
S31580E30D30E43CE080170000002C3DE08017000000D3
S31580E30D40303DE080170000005C3DE0801700000046
S31580E30D50A43DE08017000000A83DE0801700000076
S31580E30D60AC3DE080170000001045E08017000000EE
S31580E30D701845E080170000001C45E080170000005E
S31580E30D802045E080170000002445E080170000003E
S31580E30D902845E080170000002C45E080170000001E
S31580E30DA03045E080170000003445E08017000000FE
S31580E30DB03845E080170000003C45E08017000000DE
S31580E30DC04045E080170000004445E08017000000BE
S31580E30DD04845E080170000004C45E080170000009E
S31580E30DE05045E080170000005445E080170000007E
S31580E30DF05845E080170000005C45E080170000005E
S31580E30E006045E080170000006445E080170000003D
S31580E30E106845E080170000006C45E080170000001D
S31580E30E207045E080170000007445E08017000000FD
S31580E30E307845E080170000007C45E08017000000DD
S31580E30E408045E080170000008845E08017000000B9
S31580E30E502846E080170000002C46E080170000005B
S31580E30E603446E080170000003846E0801700000033
S31580E30E705846E080170000009446E08017000000A3
S31580E30E809846E080170000007447E0801700000072
S31580E30E907847E080170000007C47E0801700000079
S31580E30EA0C448E08017000000C848E08017000000CF
S31580E30EB0CC48E08017000000D048E08017000000AF
S31580E30EC0D448E08017000000D848E080170000008F
S31580E30ED0A44AE08017000000A84AE08017000000DB
S31580E30EE0AC4AE08017000000B04AE08017000000BB
S31580E30EF0D44BE08017000000D84BE0801700000059
S31580E30F00DC4BE08017000000E04BE0801700000038
S31580E30F10784CE080170000007C4CE08017000000EE
S31580E30F20E44DE08017000000E84DE0801700000004
S31580E30F30EC4DE08017000000F04DE08017000000E4
S31580E30F40F44DE08017000000F84DE08017000000C4
S31580E30F50FC4DE08017000000004EE08017000000A3
S31580E30F60044EE08017000000084EE0801700000082
S31580E30F700C4EE080170000006052E080170000000E
S31580E30F806452E080170000006852E080170000009A
S31580E30F906C52E080170000007052E080170000007A
S31580E30FA07452E080170000007852E080170000005A
S31580E30FB07C52E080170000008052E080170000003A
S31580E30FC08452E080170000008852E080170000001A
S31580E30FD08C52E080170000009052E08017000000FA
S31580E30FE09452E080170000009852E08017000000DA
S31580E30FF09C52E08017000000A052E08017000000BA
S31580E31000A452E08017000000A852E0801700000099
S31580E31010AC52E08017000000B052E0801700000079
S31580E31020B452E08017000000B852E0801700000059
S31580E310301C54E080170000002054E0801700000075
S31580E310402454E080170000002854E0801700000055
S31580E310502C54E080170000003054E0801700000035
S31580E310603454E080170000003854E0801700000015
S31580E310703C54E080170000004054E08017000000F5
S31580E310804454E080170000004854E08017000000D5
S31580E310904C54E080170000005054E08017000000B5
S31580E310A05454E080170000005854E0801700000095
S31580E310B05C54E080170000006054E0801700000075
S31580E310C06454E080170000006854E0801700000055
S31580E310D0AC55E08017000000B455E08017000000AF
S31580E310E0BC55E08017000000C055E0801700000083
S31580E310F0B458E08017000000B858E080170000007D
S31580E31100BC58E08017000000C458E0801700000058
S31580E31110C858E080170000002C59E08017000000D3
S31580E311209459E080170000009859E080170000008A
S31580E311309C59E08017000000A059E080170000006A
S31580E31140A459E08017000000E45CE080170000000B
S31580E31150E85CE08017000000EC5CE08017000000AC
S31580E31160F05CE08017000000F45CE080170000008C
S31580E31170F85CE08017000000FC5CE080170000006C
S31580E31180005DE08017000000045DE080170000004A
S31580E31190505DE08017000000585EE0801700000095
S31580E311A05C5EE08017000000605EE0801700000070
S31580E311B0645EE08017000000685EE0801700000050
S31580E311C06C5EE08017000000F85EE08017000000A8
S31580E311D0FC5EE08017000000005FE08017000000FF
S31580E311E0045FE080170000009860E080170000004D
S31580E311F09C60E08017000000A060E080170000009C
S31580E31200A460E08017000000A860E080170000007B
S31580E31210AC60E08017000000B060E080170000005B
S31580E31220B460E080170000006061E0801700000092
S31580E312306461E080170000006861E08017000000C9
S31580E312406C61E080170000007061E08017000000A9
S31580E312501062E080170000001462E080170000004F
S31580E312601862E080170000001C62E080170000002F
S31580E312702062E080170000002462E080170000000F
S31580E312802862E080170000002C62E08017000000EF
S31580E312905462E080170000005862E0801700000087
S31580E312A0CC62E08017000000D062E0801700000087
S31580E312B0D462E08017000000E863E0801700000056
S31580E312C0EC63E08017000000F063E0801700000025
S31580E312D08069E080170000008469E08017000000E1
S31580E312E08C69E080170000009069E08017000000B9
S31580E312F09469E080170000009869E0801700000099
S31580E313009C69E08017000000A069E0801700000078
S31580E31310A469E08017000000A869E0801700000058
S31580E31320AC69E08017000000B069E0801700000038
S31580E31330B469E08017000000B869E0801700000018
S31580E31340BC69E08017000000C069E08017000000F8
S31580E31350C469E08017000000C869E08017000000D8
S31580E31360CC69E08017000000D069E08017000000B8
S31580E31370D469E08017000000D869E0801700000098
S31580E31380E06FE08017000000E46FE0801700000064
S31580E31390E86FE08017000000EC6FE0801700000044
S31580E313A0F06FE08017000000F46FE0801700000024
S31580E313B0F86FE08017000000FC6FE0801700000004
S31580E313C00070E080170000000470E08017000000E2
S31580E313D00870E080170000000C70E08017000000C2
S31580E313E01070E080170000001470E08017000000A2
S31580E313F01870E080170000001C70E0801700000082
S31580E314002070E080170000002470E0801700000061
S31580E314102870E080170000002C70E0801700000041
S31580E314203070E080170000003470E0801700000021
S31580E314303870E080170000003C70E0801700000001
S31580E314404070E080170000004470E08017000000E1
S31580E314504870E080170000004C70E08017000000C1
S31580E314605070E080170000000C71E08017000000E8
S31580E314701071E080170000001471E080170000000F
S31580E314801871E080170000001C71E08017000000EF
S31580E314902071E080170000002471E08017000000CF
S31580E314A09876E080170000009C76E08017000000C5
S31580E314B0A076E08017000000A476E08017000000A5
S31580E314C0A876E08017000000AC76E0801700000085
S31580E314D0B076E08017000000B476E0801700000065
S31580E314E0B876E08017000000BC76E0801700000045
S31580E314F0C076E08017000000C476E0801700000025
S31580E31500C876E08017000000CC76E0801700000004
S31580E31510D076E08017000000D476E08017000000E4
S31580E31520D876E08017000000DC76E08017000000C4
S31580E31530E076E08017000000E476E08017000000A4
S31580E31540E876E08017000000EC76E0801700000084
S31580E31550F076E08017000000F476E0801700000064
S31580E31560F876E08017000000FC76E0801700000044
S31580E315700077E080170000000477E0801700000022
S31580E315800877E080170000000C77E0801700000002
S31580E315901077E080170000008479E0801700000070
S31580E315A08879E080170000008C79E08017000000DE
S31580E315B09079E080170000009479E08017000000BE
S31580E315C09879E080170000009C79E080170000009E
S31580E315D0A079E08017000000A479E080170000007E
S31580E315E0A879E08017000000AC79E080170000005E
S31580E315F0B079E08017000000B479E080170000003E
S31580E31600B879E08017000000BC79E080170000001D
S31580E31610C079E08017000000C479E08017000000FD
S31580E31620C879E08017000000CC79E08017000000DD
S31580E31630D079E08017000000D479E08017000000BD
S31580E31640947AE08017000000987AE0801700000023
S31580E316509C7AE08017000000347BE080170000006E
S31580E31660387BE08017000000B07BE0801700000045
S31580E31670687CE080170000006C7CE0801700000047
S31580E31680707CE08017000000347DE0801700000066
S31580E31690387DE08017000000587FE0801700000067
S31580E316A05C7FE08017000000607FE0801700000029
S31580E316B0647FE08017000000687FE0801700000009
S31580E316C06C7FE08017000000707FE08017000000E9
S31580E316D0747FE08017000000787FE08017000000C9
S31580E316E07C7FE080170000002880E0801700000000
S31580E316F0CC81E08017000000D081E08017000000F5
S31580E31700D481E08017000000D881E08017000000D4
S31580E31710DC81E08017000000E081E08017000000B4
S31580E317200C82E080170000006482E08017000000EE
S31580E31730B882E08017000000FC84E0801700000098
S31580E317400085E080170000000485E0801700000034
S31580E317500885E080170000000C85E0801700000014
S31580E317601085E080170000001885E08017000000F0
S31580E317701C85E080170000005886E0801700000093
S31580E31780D086E08017000000E488E0801700000040
S31580E31790E888E08017000000EC88E080170000000E
S31580E317A0F088E08017000000F888E08017000000EA
S31580E317B00889E08017000000108AE08017000000A7
S31580E317C0488FE080170000004C8FE0801700000010
S31580E317D0508FE08017000000548FE08017000000F0
S31580E317E0588FE080170000005C8FE08017000000D0
S31580E317F0608FE08017000000648FE08017000000B0
S31580E31800688FE080170000006C8FE080170000008F
S31580E31810708FE08017000000748FE080170000006F
S31580E31820788FE080170000007C8FE080170000004F
S31580E31830808FE08017000000848FE080170000002F
S31580E31840888FE080170000008C8FE080170000000F
S31580E31850948FE08017000000988FE08017000000E7
S31580E318609C8FE08017000000A08FE08017000000C7
S31580E31870A48FE08017000000A88FE08017000000A7
S31580E31880B08FE08017000000B48FE080170000007F
S31580E31890B88FE08017000000C08FE080170000005B
S31580E318A0C48FE08017000000C88FE0801700000037
S31580E318B0D08FE08017000000D48FE080170000000F
S31580E318C0D88FE08017000000FC90E08017000000CE
S31580E318D00091E080170000001091E080170000007F
S31580E318E02091E080170000003091E080170000002F
S31580E318F04091E080170000005091E08017000000DF
S31580E319006091E080170000007091E080170000008E
S31580E319108091E080170000009091E080170000003E
S31580E31920A091E08017000000B091E08017000000EE
S31580E31930C091E080170000004493E0801700000028
S31580E319404893E080170000003C94E0801700000095
S31580E319504094E08017000000D89BE08017000000E9
S31580E31960DC9BE08017000000E09BE080170000002E
S31580E31970E49BE08017000000E89BE080170000000E
S31580E31980EC9BE08017000000F09BE08017000000EE
S31580E31990F49BE08017000000F89BE08017000000CE
S31580E319A0FC9BE08017000000009CE08017000000AD
S31580E319B0049CE08017000000089CE080170000008C
S31580E319C00C9CE08017000000109CE080170000006C
S31580E319D0149CE08017000000189CE080170000004C
S31580E319E01C9CE08017000000209CE080170000002C
S31580E319F0289CE080170000002C9CE0801700000004
S31580E31A00309CE08017000000349CE08017000000E3
S31580E31A10389CE080170000003C9CE08017000000C3
S31580E31A20409CE08017000000449CE08017000000A3
S31580E31A30489CE080170000004C9CE0801700000083
S31580E31A40509CE08017000000549CE0801700000063
S31580E31A50589CE080170000005C9CE0801700000043
S31580E31A60609CE08017000000649CE0801700000023
S31580E31A70689CE080170000006C9CE0801700000003
S31580E31A80689FE080170000006C9FE08017000000ED
S31580E31A90709FE08017000000749FE08017000000CD
S31580E31AA0789FE080170000007C9FE08017000000AD
S31580E31AB0809FE08017000000849FE080170000008D
S31580E31AC0889FE080170000008C9FE080170000006D
S31580E31AD0909FE08017000000BC9FE0801700000025
S31580E31AE0C09FE08017000000C49FE08017000000DD
S31580E31AF0C89FE080170000008CA0E08017000000FC
S31580E31B0090A0E08017000000ECA0E08017000000C2
S31580E31B10F0A0E08017000000F4A0E080170000004A
S31580E31B2070A2E0801700000074A2E0801700000036
S31580E31B30ECA2E08017000000F0A2E080170000002E
S31580E31B403CA7E0801700000040A7E0801700000074
S31580E31B5044A7E0801700000048A7E0801700000054
S31580E31B604CA7E0801700000050A7E0801700000034
S31580E31B7054A7E080170000005CA7E0801700000010
S31580E31B8060A7E08017000000BCA7E0801700000094
S31580E31B9078A8E0801700000018A9E080170000000D
S31580E31BA01CA9E0801700000040A9E0801700000030
S31580E31BB064A9E08017000000DCA9E080170000003C
S31580E31BC00CAAE08017000000E8AAE0801700000076
S31580E31BD0ECAAE0801700000004ABE0801700000069
S31580E31BE014ABE0801700000028ABE080170000000C
S31580E31BF04CACE0801700000050ACE080170000009A
S31580E31C0054ACE0801700000058ACE0801700000079
S31580E31C10FCACE0801700000000ADE0801700000018
S31580E31C2004ADE0801700000008ADE08017000000F7
S31580E31C300CADE0801700000010ADE08017000000D7
S31580E31C4014ADE0801700000018ADE08017000000B7
S31580E31C50F4ADE08017000000F8ADE08017000000E7
S31580E31C6060AEE0801700000064AEE08017000000FD
S31580E31C7068AEE08017000000A0AEE08017000000A9
S31580E31C80A4AEE08017000000A8AEE0801700000055
S31580E31C906CAFE0801700000070AFE08017000000B3
S31580E31CA074AFE080170000009CB1E080170000006D
S31580E31CB0A0B1E08017000000A4B1E0801700000027
S31580E31CC094B7E0801700000098B7E0801700000023
S31580E31CD09CB7E08017000000A4B7E08017000000FF
S31580E31CE0A8B7E08017000000ACB7E08017000000DB
S31580E31CF0B0B7E08017000000B4B7E08017000000BB
S31580E31D0088B8E0801700000030BCE0801700000050
S31580E31D10A4BCE08017000000A8BCE08017000000A8
S31580E31D20E4BCE08017000000E8BCE0801700000018
S31580E31D30ECBCE08017000000F0BCE08017000000F8
S31580E31D4084BDE0801700000020BEE080170000001D
S31580E31D5024BEE0801700000050BEE080170000003C
S31580E31D6090BEE0801700000090BFE080170000007F
S31580E31D7094BFE0801700000098BFE0801700000062
S31580E31D80A0BFE08017000000A4BFE080170000003A
S31580E31D90A8BFE08017000000ACBFE080170000001A
S31580E31DA0DCBFE08017000000E4BFE080170000009E
S31580E31DB07CC1E0801700000080C1E080170000004E
S31580E31DC084C1E0801700000088C1E080170000002E
S31580E31DD08CC1E0801700000090C1E080170000000E
S31580E31DE094C1E0801700000098C1E08017000000EE
S31580E31DF09CC1E08017000000A0C1E08017000000CE
S31580E31E00A4C1E08017000000A8C1E08017000000AD
S31580E31E10ACC1E08017000000B0C1E080170000008D
S31580E31E20B4C1E08017000000E4C1E0801700000041
S31580E31E30C4C2E08017000000C8C2E080170000003B
S31580E31E40CCC2E080170000003CC3E08017000000AE
S31580E31E5088C3E080170000008CC3E0801700000091
S31580E31E6090C3E0801700000094C3E0801700000071
S31580E31E70E0C3E08017000000E4C3E08017000000C1
S31580E31E8038C4E080170000003CC4E08017000000FF
S31580E31E90E4C4E08017000000E8C4E0801700000097
S31580E31EA08CC5E0801700000090C5E0801700000035
S31580E31EB094C5E0801700000098C5E0801700000015
S31580E31EC0E8C5E08017000000ECC5E080170000005D
S31580E31ED0F0C5E08017000000F4C5E080170000003D
S31580E31EE0F8C5E08017000000FCC5E080170000001D
S31580E31EF0A0C8E08017000000A4C8E08017000000B7
S31580E31F00A8C8E08017000000ACC8E0801700000096
S31580E31F10B0C8E08017000000B4C8E0801700000076
S31580E31F20B8C8E0801700000014CAE08017000000FC
S31580E31F301CCAE0801700000024CAE0801700000076
S31580E31F4028CAE080170000002CCAE0801700000052
S31580E31F5030CAE0801700000034CAE0801700000032
S31580E31F6038CAE0801700000040CAE080170000000E
S31580E31F7044CAE0801700000048CAE08017000000EA
S31580E31F80E4CAE08017000000E8CAE080170000009A
S31580E31F90ECCAE0801700000008CBE0801700000061
S31580E31FA05CCCE0801700000060CCE0801700000086
S31580E31FB064CCE0801700000068CCE0801700000066
S31580E31FC06CCCE0801700000070CCE0801700000046
S31580E31FD074CCE0801700000078CCE0801700000026
S31580E31FE07CCCE0801700000080CCE0801700000006
S31580E31FF084CCE0801700000088CCE08017000000E6
S31580E320008CCCE0801700000090CCE08017000000C5
S31580E3201094CCE0801700000098CCE08017000000A5
S31580E320209CCCE08017000000A0CCE0801700000085
S31580E32030A4CCE08017000000C8CEE0801700000043
S31580E32040CCCEE08017000000D0CEE0801700000001
S31580E32050D4CEE08017000000D8CEE08017000000E1
S31580E32060DCCEE08017000000D4CFE08017000000CC
S31580E32070D8CFE08017000000DCCFE08017000000B7
S31580E32080E0CFE08017000000E4CFE0801700000097
S31580E32090E8CFE0801700000018D2E0801700000048
S31580E320A01CD2E0801700000020D2E08017000000F9
S31580E320B024D2E0801700000028D2E08017000000D9
S31580E320C02CD2E0801700000030D2E08017000000B9
S31580E320D034D2E0801700000038D2E0801700000099
S31580E320E03CD2E0801700000040D2E0801700000079
S31580E320F0B8D3E08017000000D0D5E0801700000059
S31580E32100D4D5E08017000000D8D5E0801700000022
S31580E32110DCD5E08017000000E0D5E0801700000002
S31580E32120E4D5E08017000000E8D5E08017000000E2
S31580E32130ECD5E08017000000F0D5E08017000000C2
S31580E32140F4D5E08017000000F8D5E08017000000A2
S31580E3215020D6E0801700000024D6E0801700000038
S31580E32160ACD6E0801700000020D8E080170000009E
S31580E3217024D8E0801700000028D8E080170000000C
S31580E321802CD8E0801700000030D8E08017000000EC
S31580E3219034D8E0801700000038D8E08017000000CC
S31580E321A0C8DAE08017000000CCDAE0801700000090
S31580E321B0D0DAE08017000000D4DAE0801700000070
S31580E321C0D8DAE08017000000DCDAE0801700000050
S31580E321D0E0DAE08017000000E4DAE0801700000030
S31580E321E0E8DAE08017000000ECDAE0801700000010
S31580E321F0F0DAE08017000000F4DAE08017000000F0
S31580E32200F8DAE08017000000FCDAE08017000000CF
S31580E3221000DBE0801700000008DCE08017000000A8
S31580E3222010DCE0801700000014DCE080170000007B
S31580E3223018DCE0801700000050DCE0801700000027
S31580E3224004DEE080170000005CDEE080170000001B
S31580E3225060DEE0801700000090DEE080170000007B
S31580E32260C8DEE08017000000CCDEE08017000000C7
S31580E322700CDFE0801700000010DFE080170000002D
S31580E3228024DFE0801700000028DFE08017000000ED
S31580E322903CDFE0801700000040DFE08017000000AD
S31580E322A054DFE0801700000058DFE080170000006D
S31580E322B0E4E0E08017000000E8E0E080170000003B
S31580E322C0ECE0E08017000000F0E0E080170000001B
S31580E322D0F4E0E08017000000F8E0E08017000000FB
S31580E322E0FCE0E0801700000000E1E08017000000DA
S31580E322F004E1E0801700000008E1E08017000000B9
S31580E323009CE3E08017000000A0E3E0801700000074
S31580E32310A4E3E08017000000ACE3E0801700000050
S31580E32320B0E3E08017000000B4E3E080170000002C
S31580E32330B8E3E08017000000BCE3E080170000000C
S31580E32340C0E3E08017000000C4E3E08017000000EC
S31580E32350E8E4E08017000000ECE4E080170000008A
S31580E32360F0E4E08017000000F4E4E080170000006A
S31580E32370C4E5E0801700000000E6E0801700000077
S31580E3238004E6E0801700000000E7E0801700000025
S31580E3239008E7E080170000000CE7E0801700000004
S31580E323A010E7E0801700000014E7E08017000000E4
S31580E323B018E7E080170000001CE7E08017000000C4
S31580E323C020E7E0801700000024E7E08017000000A4
S31580E323D088E7E080170000008CE7E08017000000C4
S31580E323E094E7E0801700000098E7E080170000009C
S31580E323F09CE7E08017000000A0E7E080170000007C
S31580E32400A4E7E08017000000A8E7E080170000005B
S31580E32410FCE7E08017000000C8E8E08017000000D2
S31580E32420CCE8E08017000000B4E9E0801700000004
S31580E3243040ECE0801700000044ECE08017000000E9
S31580E3244048ECE080170000004CECE08017000000C9
S31580E3245050ECE0801700000054ECE08017000000A9
S31580E3246058ECE080170000005CECE0801700000089
S31580E324702CF3E0801700000030F3E08017000000C3
S31580E3248034F3E0801700000038F3E08017000000A3
S31580E324903CF3E0801700000040F3E0801700000083
S31580E324A044F3E080170000004CF3E080170000005F
S31580E324B050F3E0801700000054F3E080170000003B
S31580E324C05CF3E0801700000060F3E0801700000013
S31580E324D064F3E0801700000068F3E08017000000F3
S31580E324E07CF3E0801700000004F4E080170000002E
S31580E324F048F7E08017000000E0FAE080170000006C
S31580E32500E4FAE08017000000E8FAE08017000000B4
S31580E32510ECFAE08017000000F0FAE0801700000094
S31580E32520F4FAE08017000000FCFAE0801700000070
S31580E3253000FBE0801700000004FBE080170000004A
S31580E3254008FBE080170000000CFBE080170000002A
S31580E3255010FBE0801700000014FBE080170000000A
S31580E3256018FBE080170000001CFBE08017000000EA
S31580E3257028FBE080170000002CFBE08017000000BA
S31580E3258030FBE0801700000034FBE080170000009A
S31580E3259038FBE08017000000B0FBE0801700000006
S31580E325A004FEE0801700000008FEE08017000000CC
S31580E325B00CFEE0801700000010FEE08017000000AC
S31580E325C014FEE0801700000020FEE0801700000084
S31580E325D07CFEE08017000000F0FEE080170000003C
S31580E325E06CFFE0801700000070FFE08017000000BA
S31580E325F074FFE0801700000078FFE080170000009A
S31580E326007CFFE0801700000080FFE0801700000079
S31580E326103403E180170000003803E18017000000EF
S31580E326203C03E180170000004003E18017000000CF
S31580E326304403E180170000004803E18017000000AF
S31580E326404C03E180170000005003E180170000008F
S31580E326505403E180170000005803E180170000006F
S31580E326605C03E180170000006003E180170000004F
S31580E326706403E180170000006803E180170000002F
S31580E326806C03E180170000007003E180170000000F
S31580E326907403E180170000007803E18017000000EF
S31580E326A07C03E180170000008003E18017000000CF
S31580E326B08403E180170000008803E18017000000AF
S31580E326C08C03E180170000009003E180170000008F
S31580E326D09403E180170000009803E180170000006F
S31580E326E09C03E18017000000A003E180170000004F
S31580E326F0A403E18017000000A803E180170000002F
S31580E32700D408E18017000000D808E18017000000B4
S31580E32710F414E180170000000815E180170000003B
S31580E327209C17E18017000000A417E18017000000E2
S31580E32730A817E18017000000AC17E18017000000BE
S31580E32740B017E18017000000B417E180170000009E
S31580E32750E819E18017000000EC19E180170000001A
S31580E32760481CE18017000000901CE1801700000000
S31580E32770941CE18017000000981CE180170000009C
S31580E327809C1CE180170000002C1DE18017000000EF
S31580E327904C1DE18017000000501DE180170000000A
S31580E327A0C41DE18017000000F41DE18017000000DE
S31580E327B0F81DE18017000000FC1DE1801700000092
S31580E327C0001EE18017000000041EE1801700000070
S31580E327D0081EE180170000000C1EE1801700000050
S31580E327E0101EE18017000000141EE1801700000030
S31580E327F0B01EE18017000000B41EE18017000000E0
S31580E32800B81EE18017000000BC1EE18017000000BF
S31580E32810C01EE18017000000C41EE180170000009F
S31580E32820C81EE18017000000CC1EE180170000007F
S31580E328309C1FE18017000000A01FE18017000000C5
S31580E32840A41FE18017000000A81FE18017000000A5
S31580E32850AC1FE18017000000B01FE1801700000085
S31580E32860B41FE18017000000B81FE1801700000065
S31580E32870BC1FE18017000000C01FE1801700000045
S31580E32880C41FE18017000000C81FE1801700000025
S31580E32890CC1FE18017000000D01FE1801700000005
S31580E328A0D41FE18017000000D81FE18017000000E5
S31580E328B0DC1FE180170000003020E1801700000074
S31580E328C03420E180170000003820E1801700000003
S31580E328D03C20E180170000004020E18017000000E3
S31580E328E04420E180170000004820E18017000000C3
S31580E328F04C20E18017000000B420E180170000003F
S31580E32900B820E18017000000BC20E18017000000BA
S31580E32910C020E18017000000C420E180170000009A
S31580E32920C820E18017000000CC20E180170000007A
S31580E32930D020E18017000000D420E180170000005A
S31580E32940D820E18017000000DC20E180170000003A
S31580E32950E020E180170000008821E1801700000075
S31580E329608C21E180170000008C25E18017000000B0
S31580E329709025E180170000009425E1801700000090
S31580E329809825E180170000009C25E1801700000070
S31580E32990A025E18017000000A425E1801700000050
S31580E329A0A825E18017000000AC25E1801700000030
S31580E329B0B025E18017000000C025E1801700000004
S31580E329C0C425E18017000000C825E18017000000D8
S31580E329D0CC25E18017000000AC26E18017000000DB
S31580E329E0B026E18017000000B426E18017000000DE
S31580E329F0B826E18017000000BC26E18017000000BE
S31580E32A00C026E18017000000C426E180170000009D
S31580E32A10C826E180170000006429E18017000000E2
S31580E32A206829E180170000006C29E1801700000027
S31580E32A307029E180170000007429E1801700000007
S31580E32A407829E180170000007C29E18017000000E7
S31580E32A508029E180170000008429E18017000000C7
S31580E32A608829E18017000000742BE18017000000BD
S31580E32A70782BE180170000007C2BE18017000000B3
S31580E32A80802BE18017000000842BE1801700000093
S31580E32A90882BE180170000008C2BE1801700000073
S31580E32AA0902BE18017000000042CE18017000000E2
S31580E32AB0082CE180170000000C2CE1801700000051
S31580E32AC0102CE18017000000142CE1801700000031
S31580E32AD0182CE180170000001C2CE1801700000011
S31580E32AE0202CE18017000000A82CE180170000006D
S31580E32AF0AC2CE18017000000B02CE18017000000C9
S31580E32B00B42CE18017000000E82CE1801700000078
S31580E32B10D02DE18017000000D42DE180170000005E
S31580E32B203C2EE18017000000402EE1801700000074
S31580E32B30442EE18017000000902EE180170000000C
S31580E32B40942EE18017000000982EE18017000000A4
S31580E32B504C2FE18017000000502FE1801700000022
S31580E32B60542FE18017000000682FE18017000000F2
S31580E32B706C2FE18017000000702FE18017000000C2
S31580E32B80742FE18017000000782FE18017000000A2
S31580E32B907C2FE18017000000802FE1801700000082
S31580E32BA0842FE180170000000032E18017000000E7
S31580E32BB00432E18017000000D032E1801700000084
S31580E32BC0D432E180170000002434E180170000004E
S31580E32BD02834E18017000000C036E180170000004A
S31580E32BE0C436E18017000000C836E1801700000094
S31580E32BF0CC36E18017000000D036E1801700000074
S31580E32C004C39E180170000005039E180170000005D
S31580E32C105439E180170000005839E180170000003D
S31580E32C205C39E180170000006039E180170000001D
S31580E32C306840E180170000007440E18017000000DF
S31580E32C407840E180170000008C40E18017000000A7
S31580E32C509040E180170000009440E1801700000077
S31580E32C609840E180170000009C40E1801700000057
S31580E32C70A040E18017000000A440E1801700000037
S31580E32C80D440E18017000000D840E18017000000BF
S31580E32C90DC40E18017000000E040E180170000009F
S31580E32CA0E440E18017000000F840E180170000006F
S31580E32CB0FC40E180170000000041E180170000003E
S31580E32CC07441E180170000007841E180170000003D
S31580E32CD07C41E180170000008041E180170000001D
S31580E32CE08841E18017000000C443E18017000000BB
S31580E32CF0C843E18017000000CC43E1801700000061
S31580E32D00D043E18017000000D443E1801700000040
S31580E32D10E443E18017000000E843E1801700000008
S31580E32D20F043E18017000000F443E18017000000E0
S31580E32D30F843E180170000001045E18017000000AA
S31580E32D401445E180170000001845E1801700000074
S31580E32D501C45E180170000002C45E1801700000048
S31580E32D603446E180170000003846E1801700000012
S31580E32D703C46E180170000004046E18017000000F2
S31580E32D804446E180170000004846E18017000000D2
S31580E32D904C46E18017000000C846E180170000003A
S31580E32DA0CC46E180170000006847E1801700000009
S31580E32DB06C47E180170000009C49E1801700000022
S31580E32DC0A449E18017000000A849E18017000000CC
S31580E32DD0AC49E18017000000B049E18017000000AC
S31580E32DE0B449E18017000000B849E180170000008C
S31580E32DF0BC49E18017000000C049E180170000006C
S31580E32E00C449E18017000000884CE1801700000088
S31580E32E108C4CE18017000000904CE18017000000A5
S31580E32E20944CE18017000000984CE1801700000085
S31580E32E309C4CE18017000000A04CE1801700000065
S31580E32E403C4DE18017000000404DE1801700000013
S31580E32E50444DE18017000000AC4EE180170000008E
S31580E32E60B04EE18017000000B44EE1801700000009
S31580E32E70B84EE18017000000BC4EE18017000000E9
S31580E32E80C04EE18017000000D04EE18017000000BD
S31580E32E90D44EE18017000000D84EE1801700000091
S31580E32EA0E04EE180170000006850E18017000000E3
S31580E32EB06C50E180170000007050E180170000003D
S31580E32EC07450E180170000007850E180170000001D
S31580E32ED07C50E180170000008050E18017000000FD
S31580E32EE08450E180170000008850E18017000000DD
S31580E32EF01C52E180170000002052E1801700000099
S31580E32F007853E180170000007C53E18017000000CE
S31580E32F108053E180170000000054E1801700000031
S31580E32F200454E180170000000854E1801700000094
S31580E32F307454E18017000000BC5AE180170000005A
S31580E32F40C05AE18017000000C45AE18017000000F0
S31580E32F50C85AE18017000000D05AE18017000000CC
S31580E32F60D45AE18017000000D85AE18017000000A8
S31580E32F70DC5AE18017000000E05AE1801700000088
S31580E32F80E45AE18017000000E85AE1801700000068
S31580E32F90EC5AE18017000000F05AE1801700000048
S31580E32FA0F45AE18017000000F85AE1801700000028
S31580E32FB0FC5AE18017000000005BE1801700000007
S31580E32FC01C63E180170000008869E1801700000038
S31580E32FD05C6AE18017000000306BE1801700000037
S31580E32FE09C6BE18017000000B86BE180170000005E
S31580E32FF0BC6BE18017000000F86BE18017000000EE
S31580E33000FC6BE18017000000186CE180170000007C
S31580E33010A46CE18017000000EC6CE18017000000EF
S31580E33020F06CE18017000000D06EE18017000000AD
S31580E33030D46EE18017000000D86EE18017000000AF
S31580E33040F471E18017000000FC71E1801700000055
S31580E330500072E180170000000472E180170000002F
S31580E330608873E180170000008C73E180170000000D
S31580E330700475E180170000000875E1801700000001
S31580E330800C75E180170000001075E18017000000E1
S31580E33090F475E18017000000FC75E18017000000FD
S31580E330A00076E180170000004C77E180170000008E
S31580E330B05077E180170000001878E1801700000060
S31580E330C01C78E18017000000BC79E18017000000DE
S31580E330D0687EE18017000000BC84E1801700000071
S31580E330E0C084E18017000000C484E18017000000FB
S31580E330F0C884E18017000000CC84E18017000000DB
S31580E33100D084E18017000000D484E18017000000BA
S31580E33110D884E18017000000DC84E180170000009A
S31580E33120E084E18017000000E484E180170000007A
S31580E33130E884E18017000000EC84E180170000005A
S31580E33140F084E18017000000F484E180170000003A
S31580E33150F884E18017000000FC84E180170000001A
S31580E331600085E180170000000485E18017000000F8
S31580E331700885E180170000000C85E18017000000D8
S31580E331801085E180170000001485E18017000000B8
S31580E331901885E180170000001C85E1801700000098
S31580E331A02085E180170000002485E1801700000078
S31580E331B02885E180170000002C85E1801700000058
S31580E331C03085E180170000003485E1801700000038
S31580E331D03885E180170000003C85E1801700000018
S31580E331E04085E180170000004485E18017000000F8
S31580E331F04885E180170000004C85E18017000000D8
S31580E332005085E180170000005485E18017000000B7
S31580E332107C89E180170000008089E1801700000047
S31580E332208489E180170000008889E1801700000027
S31580E332308C89E180170000009089E1801700000007
S31580E332409489E180170000009889E18017000000E7
S31580E332509C89E18017000000A089E18017000000C7
S31580E33260A489E18017000000A889E18017000000A7
S31580E33270AC89E18017000000B089E1801700000087
S31580E33280B489E18017000000B889E1801700000067
S31580E33290BC89E18017000000C089E1801700000047
S31580E332A0C489E18017000000C889E1801700000027
S31580E332B0CC89E18017000000D089E1801700000007
S31580E332C0D489E18017000000D889E18017000000E7
S31580E332D0DC89E18017000000E089E18017000000C7
S31580E332E0E489E18017000000E889E18017000000A7
S31580E332F0EC89E18017000000F089E1801700000087
S31580E33300F489E18017000000F889E1801700000066
S31580E33310FC89E18017000000008AE1801700000045
S31580E33320048AE18017000000088AE1801700000024
S31580E333300C8AE18017000000908BE1801700000083
S31580E33340948BE18017000000988BE18017000000E2
S31580E333509C8BE18017000000A08BE18017000000C2
S31580E33360A48BE18017000000A88BE18017000000A2
S31580E33370AC8BE18017000000B08BE1801700000082
S31580E33380B48BE18017000000B88BE1801700000062
S31580E33390BC8BE18017000000C08BE1801700000042
S31580E333A0C48BE18017000000C88BE1801700000022
S31580E333B09C97E18017000000A097E180170000004A
S31580E333C0A497E18017000000A897E180170000002A
S31580E333D0AC97E18017000000D897E18017000000E2
S31580E333E0DC97E18017000000E097E180170000009A
S31580E333F0F097E18017000000F497E1801700000062
S31580E33400F897E18017000000FC97E1801700000041
S31580E334100098E180170000000498E180170000001F
S31580E334200898E180170000000C98E18017000000FF
S31580E334301098E180170000001498E18017000000DF
S31580E334401898E180170000001C98E18017000000BF
S31580E334502098E180170000006C9AE1801700000055
S31580E33460749AE18017000000989AE18017000000C3
S31580E33470FC9AE18017000000309BE1801700000092
S31580E33480909BE18017000000949BE1801700000089
S31580E33490E09EE18017000000A4A0E1801700000011
S31580E334A0A8A0E18017000000ACA0E180170000002F
S31580E334B0B0A0E1801700000014A3E18017000000AC
S31580E334C01CA3E18017000000D8A3E1801700000069
S31580E334D0DCA3E18017000000E0A3E1801700000091
S31580E334E0E4A3E18017000000E8A3E1801700000071
S31580E334F084AEE1801700000088AEE180170000000B
S31580E335008CAEE1801700000094AEE18017000000E6
S31580E3351098AEE180170000009CAEE18017000000C2
S31580E33520A0AEE18017000000A8AEE180170000009E
S31580E33530ACAEE18017000000B4AEE1801700000076
S31580E33540B8AEE1801700000020AFE18017000000ED
S31580E3355024AFE1801700000028AFE1801700000068
S31580E335602CAFE1801700000030AFE1801700000048
S31580E3357034AFE1801700000038AFE1801700000028
S31580E335803CAFE18017000000F4AFE1801700000054
S31580E33590F8AFE18017000000FCAFE1801700000080
S31580E335A000B0E1801700000004B0E180170000005E
S31580E335B008B0E180170000000CB0E180170000003E
S31580E335C010B0E1801700000014B0E180170000001E
S31580E335D018B0E180170000001CB0E18017000000FE
S31580E335E020B0E1801700000024B0E18017000000DE
S31580E335F028B0E1801700000080B0E180170000006A
S31580E33600BCB0E18017000000D8B0E180170000006D
S31580E3361014B1E180170000003CB1E180170000009F
S31580E33620D0B1E18017000000D4B1E180170000003B
S31580E33630D8B1E18017000000DCB1E180170000001B
S31580E3364018B2E1801700000098B2E180170000000D
S31580E336509CB2E1801700000054B4E18017000000BB
S31580E336605CB4E1801700000060B4E18017000000DD
S31580E3367064B4E1801700000068B4E18017000000BD
S31580E336806CB4E1801700000070B4E180170000009D
S31580E3369074B4E1801700000078B4E180170000007D
S31580E336A07CB4E18017000000E4B4E18017000000F9
S31580E336B098B6E180170000009CB6E1801700000011
S31580E336C0A0B6E18017000000A4B6E18017000000F1
S31580E336D0A8B6E18017000000ACB6E18017000000D1
S31580E336E0B0B6E18017000000B4B6E18017000000B1
S31580E336F0B8B6E18017000000BCBEE1801700000089
S31580E3370044C1E1801700000004CFE1801700000088
S31580E3371008CFE180170000000CCFE180170000009E
S31580E3372010CFE180170000009CCFE18017000000F6
S31580E3373074D0E18017000000ACD1E180170000006F
S31580E33740B0D1E18017000000B4D1E180170000001A
S31580E33750B8D1E18017000000BCD1E18017000000FA
S31580E337605CD3E1801700000060D3E180170000009E
S31580E3377064D3E1801700000068D3E180170000007E
S31580E337806CD3E1801700000058D5E1801700000074
S31580E337905CD5E180170000006CD5E180170000005E
S31580E337A0F0D5E18017000000F4D5E1801700000032
S31580E337B038D6E1801700000018D7E18017000000B3
S31580E337C054D7E1801700000070D7E180170000002E
S31580E337D084D8E1801700000034D9E1801700000027
S31580E337E0ACD9E180170000004CDAE18017000000D5
S31580E337F028DFE1801700000000E0E1801700000089
S31580E3380008E3E180170000000CE3E1801700000085
S31580E3381010E3E1801700000050E6E1801700000026
S31580E3382054E6E1801700000058E6E18017000000C7
S31580E338305CE6E18017000000DCE6E180170000002B
S31580E338403CE7E18017000000ACEBE1801700000065
S31580E33850E8FBE18017000000E400E2801700000047
S31580E338603003E280170000004009E2801700000081
S31580E338704409E28017000000FC09E280170000009B
S31580E33880780BE280170000003C0CE2801700000012
S31580E33890780CE280170000007C0CE28017000000C1
S31580E338A0800CE28017000000840CE28017000000A1
S31580E338B0880CE280170000008C0CE2801700000081
S31580E338C0440DE28017000000480DE28017000000F7
S31580E338D0500DE28017000000D40DE280170000004F
S31580E338E0D80DE28017000000DC0DE28017000000AF
S31580E338F0E00DE28017000000E40DE280170000008F
S31580E33900E80DE28017000000EC0DE280170000006E
S31580E33910F00DE28017000000F40DE280170000004E
S31580E33920680EE280170000006C0EE280170000004C
S31580E33930740EE28017000000780EE2801700000024
S31580E33940A811E28017000000AC11E28017000000A6
S31580E33950B011E28017000000B411E2801700000086
S31580E33960B811E28017000000BC11E2801700000066
S31580E33970C011E28017000000C811E2801700000042
S31580E33980CC11E28017000000D011E280170000001E
S31580E33990D411E28017000000D811E28017000000FE
S31580E339A0DC11E28017000000E011E28017000000DE
S31580E339B0E411E28017000000E811E28017000000BE
S31580E339C0EC11E28017000000F011E280170000009E
S31580E339D0E413E28017000000E813E280170000009A
S31580E339E0EC13E28017000000F413E2801700000076
S31580E339F0F813E28017000000FC13E2801700000052
S31580E33A000014E280170000000414E280170000002F
S31580E33A100C14E280170000004814E28017000000CF
S31580E33A204C14E280170000005414E2801700000073
S31580E33A30B014E28017000000B414E280170000009F
S31580E33A40B015E28017000000B415E280170000008D
S31580E33A50D015E280170000000016E2801700000010
S31580E33A603816E280170000005C16E280170000003B
S31580E33A70D016E28017000000D416E280170000001B
S31580E33A80D816E28017000000DC16E28017000000FB
S31580E33A90E016E28017000000B017E280170000000E
S31580E33AA0B417E28017000000B817E2801700000021
S31580E33AB0BC17E28017000000C017E2801700000001
S31580E33AC05818E280170000005C18E28017000000B7
S31580E33AD06018E280170000006418E2801700000097
S31580E33AE08018E280170000008418E2801700000047
S31580E33AF09818E28017000000C418E28017000000DF
S31580E33B00C818E28017000000CC18E2801700000096
S31580E33B10D018E280170000000419E2801700000045
S31580E33B200819E28017000000201AE28017000000DF
S31580E33B30241AE28017000000281AE28017000000AA
S31580E33B402C1AE28017000000301AE280170000008A
S31580E33B50341AE28017000000381AE280170000006A
S31580E33B603C1AE28017000000401AE280170000004A
S31580E33B70441AE28017000000481AE280170000002A
S31580E33B80501AE28017000000541AE2801700000002
S31580E33B90581AE280170000005C1AE28017000000E2
S31580E33BA0781AE280170000007C1AE2801700000092
S31580E33BB0C41AE28017000000C81AE28017000000EA
S31580E33BC0CC1AE280170000003C1BE280170000005D
S31580E33BD0E01BE28017000000E81BE280170000008C
S31580E33BE0701CE28017000000181DE28017000000B9
S31580E33BF0081EE280170000000C1EE280170000001A
S31580E33C00101EE28017000000141EE28017000000F9
S31580E33C10181EE280170000001C1EE28017000000D9
S31580E33C20201EE28017000000241EE28017000000B9
S31580E33C30941EE28017000000E81EE2801700000071
S31580E33C400820E280170000000C20E28017000000C5
S31580E33C501020E280170000001420E28017000000A5
S31580E33C601820E280170000001C20E2801700000085
S31580E33C702020E280170000002420E2801700000065
S31580E33C802820E280170000002C20E2801700000045
S31580E33C903020E280170000003420E2801700000025
S31580E33CA03820E280170000003C20E2801700000005
S31580E33CB04020E28017000000A820E2801700000081
S31580E33CC0AC20E28017000000B020E28017000000FD
S31580E33CD0B420E280170000007021E2801700000024
S31580E33CE07421E280170000007821E280170000004B
S31580E33CF07C21E280170000008021E280170000002B
S31580E33D008421E280170000008821E280170000000A
S31580E33D108C21E280170000009021E28017000000EA
S31580E33D209421E280170000009821E28017000000CA
S31580E33D309C21E28017000000A021E28017000000AA
S31580E33D40A421E280170000007423E28017000000BC
S31580E33D507823E280170000007C23E28017000000CE
S31580E33D608023E280170000008423E28017000000AE
S31580E33D708823E280170000008C23E280170000008E
S31580E33D809023E280170000009423E280170000006E
S31580E33D909823E280170000009C23E280170000004E
S31580E33DA0A023E28017000000A423E280170000002E
S31580E33DB0A823E28017000000AC23E280170000000E
S31580E33DC0B023E28017000000B423E28017000000EE
S31580E33DD0B823E28017000000BC23E28017000000CE
S31580E33DE0C023E28017000000C423E28017000000AE
S31580E33DF0C823E28017000000CC23E280170000008E
S31580E33E00D023E28017000000D423E280170000006D
S31580E33E10D823E28017000000DC23E280170000004D
S31580E33E20F823E28017000000F824E2801700000000
S31580E33E30FC24E280170000000025E28017000000E2
S31580E33E400825E280170000000C25E28017000000B9
S31580E33E501025E280170000001425E2801700000099
S31580E33E601825E280170000001C25E2801700000079
S31580E33E702025E280170000002425E2801700000059
S31580E33E805825E280170000005C25E28017000000D9
S31580E33E906025E280170000006425E28017000000B9
S31580E33EA06825E280170000006C25E2801700000099
S31580E33EB07025E28017000000B026E280170000003C
S31580E33EC0B426E28017000000B826E28017000000DF
S31580E33ED0BC26E28017000000C026E28017000000BF
S31580E33EE0C426E28017000000C826E280170000009F
S31580E33EF0CC26E28017000000D026E280170000007F
S31580E33F00D426E28017000000D826E280170000005E
S31580E33F10DC26E28017000000E026E280170000003E
S31580E33F20E426E28017000000E826E280170000001E
S31580E33F30EC26E280170000001C2AE28017000000CE
S31580E33F40202AE28017000000242AE280170000007E
S31580E33F50282AE280170000002C2AE280170000005E
S31580E33F60302AE28017000000342AE280170000003E
S31580E33F70382AE280170000003C2AE280170000001E
S31580E33F80442AE28017000000482AE28017000000F6
S31580E33F904C2AE28017000000502AE28017000000D6
S31580E33FA0542AE28017000000582AE28017000000B6
S31580E33FB05C2AE28017000000602AE2801700000096
S31580E33FC0642AE28017000000682AE2801700000076
S31580E33FD06C2AE28017000000702AE2801700000056
S31580E33FE0742AE28017000000782AE2801700000036
S31580E33FF07C2AE28017000000802AE2801700000016
S31580E34000EC2AE28017000000F02AE2801700000025
S31580E34010F42AE28017000000F82AE2801700000005
S31580E34020FC2AE28017000000002BE28017000000E4
S31580E34030042BE28017000000082BE28017000000C3
S31580E34040A82DE28017000000AC2DE2801700000067
S31580E34050B02DE28017000000B42DE2801700000047
S31580E34060B82DE28017000000BC2DE2801700000027
S31580E34070C02DE28017000000C42DE2801700000007
S31580E34080C82DE28017000000CC2DE28017000000E7
S31580E34090D02DE28017000000D42DE28017000000C7
S31580E340A0D82DE28017000000DC2DE28017000000A7
S31580E340B0E02DE28017000000E42DE2801700000087
S31580E340C0E82DE28017000000EC2DE2801700000067
S31580E340D0F02DE28017000000F42DE2801700000047
S31580E340E0F82DE28017000000FC2DE2801700000027
S31580E340F0002EE28017000000042EE2801700000005
S31580E34100082EE280170000000C2EE28017000000E4
S31580E34110102EE28017000000142EE28017000000C4
S31580E34120182EE280170000001C2EE28017000000A4
S31580E34130202EE28017000000242EE2801700000084
S31580E34140282EE280170000002C2EE2801700000064
S31580E34150302EE28017000000342EE2801700000044
S31580E34160382EE28017000000FC2FE2801700000063
S31580E341700030E280170000000430E2801700000080
S31580E341804430E280170000003434E28017000000F8
S31580E341903834E280170000003C34E28017000000E8
S31580E341A04034E280170000004434E28017000000C8
S31580E341B04C34E280170000005034E28017000000A0
S31580E341C05434E280170000005834E2801700000080
S31580E341D05C34E280170000006034E2801700000060
S31580E341E06434E280170000006834E2801700000040
S31580E341F06C34E280170000007034E2801700000020
S31580E342007434E280170000007834E28017000000FF
S31580E342107C34E280170000008034E28017000000DF
S31580E34220F834E28017000000FC34E28017000000D7
S31580E342309035E280170000009435E2801700000095
S31580E342409835E280170000004036E28017000000D0
S31580E342504436E280170000004836E280170000000B
S31580E342605036E280170000005436E28017000000E3
S31580E342705836E280170000000037E280170000001E
S31580E342800437E280170000000837E2801700000059
S31580E342901037E280170000001437E2801700000031
S31580E342A01837E280170000003437E28017000000F9
S31580E342B0583CE280170000005C3CE2801700000077
S31580E342C0603CE28017000000643CE2801700000057
S31580E342D0683CE280170000006C3CE2801700000037
S31580E342E0703CE28017000000743CE2801700000017
S31580E342F0783CE280170000007C3CE28017000000F7
S31580E34300803CE28017000000843CE28017000000D6
S31580E34310883CE280170000008C3CE28017000000B6
S31580E34320903CE28017000000943CE2801700000096
S31580E34330983CE280170000009C3CE2801700000076
S31580E34340A03CE28017000000A43CE2801700000056
S31580E34350A83CE28017000000AC3CE2801700000036
S31580E34360B03CE28017000000B43CE2801700000016
S31580E34370B83CE28017000000BC3CE28017000000F6
S31580E34380C03CE28017000000C43CE28017000000D6
S31580E34390C83CE28017000000CC3CE28017000000B6
S31580E343A0D03CE28017000000D43CE2801700000096
S31580E343B0A03DE28017000000A43DE28017000000E4
S31580E343C0A83DE28017000000AC3DE28017000000C4
S31580E343D0B03DE28017000000B43DE28017000000A4
S31580E343E0B83DE28017000000BC3DE2801700000084
S31580E343F0C03DE28017000000C43DE2801700000064
S31580E34400C83DE28017000000CC3DE2801700000043
S31580E34410D83DE28017000000DC3DE2801700000013
S31580E34420E03DE28017000000E43DE28017000000F3
S31580E34430E83DE28017000000EC3DE28017000000D3
S31580E34440F03DE28017000000F43DE28017000000B3
S31580E34450F83DE28017000000FC3DE2801700000093
S31580E344601C3EE28017000000203EE2801700000039
S31580E34470243EE28017000000283EE2801700000019
S31580E344802C3EE28017000000303EE28017000000F9
S31580E34490343EE28017000000383EE28017000000D9
S31580E344A03C3EE28017000000403EE28017000000B9
S31580E344B0443EE28017000000483EE2801700000099
S31580E344C04C3EE28017000000503EE2801700000079
S31580E344D0543EE28017000000583EE2801700000059
S31580E344E05C3EE28017000000603EE2801700000039
S31580E344F0643EE28017000000683EE2801700000019
S31580E345006C3EE28017000000703EE28017000000F8
S31580E34510743EE28017000000783EE28017000000D8
S31580E345207C3EE28017000000803EE28017000000B8
S31580E34530843EE28017000000883EE2801700000098
S31580E345408C3EE28017000000903EE2801700000078
S31580E34550943EE28017000000983EE2801700000058
S31580E345609C3EE28017000000A03EE2801700000038
S31580E34570A43EE28017000000A83EE2801700000018
S31580E34580AC3EE28017000000B03EE28017000000F8
S31580E34590B43EE28017000000B83EE28017000000D8
S31580E345A0BC3EE28017000000C03EE28017000000B8
S31580E345B0C43EE28017000000C83EE2801700000098
S31580E345C0CC3EE28017000000D03EE2801700000078
S31580E345D00043E280170000000443E28017000000F6
S31580E345E00843E280170000000C43E28017000000D6
S31580E345F01043E280170000001843E28017000000B2
S31580E346001C43E280170000002043E280170000008D
S31580E346102443E280170000002843E280170000006D
S31580E346202C43E280170000005043E280170000002D
S31580E346306C43E280170000008843E28017000000A5
S31580E34640A443E28017000000C043E2801700000025
S31580E34650DC43E28017000000F843E28017000000A5
S31580E346601444E280170000003044E2801700000023
S31580E346704C44E280170000006844E28017000000A3
S31580E346808444E28017000000A044E2801700000023
S31580E34690BC44E28017000000D844E28017000000A3
S31580E346A0F444E280170000001045E2801700000022
S31580E346B02C45E280170000004845E28017000000A1
S31580E346C06445E280170000008045E2801700000021
S31580E346D09C45E28017000000B845E28017000000A1
S31580E346E0D445E28017000000F045E2801700000021
S31580E346F00C46E280170000002846E280170000009F
S31580E347004446E280170000006046E280170000001E
S31580E347107C46E280170000009846E280170000009E
S31580E34720B446E28017000000D046E280170000001E
S31580E34730EC46E280170000000847E280170000009D
S31580E347402447E280170000004047E280170000001C
S31580E347505C47E280170000007847E280170000009C
S31580E347609447E28017000000B047E280170000001C
S31580E34770CC47E28017000000E847E280170000009C
S31580E347800448E280170000002048E280170000001A
S31580E347903C48E280170000005848E280170000009A
S31580E347A07448E280170000009048E280170000001A
S31580E347B0AC48E28017000000C848E280170000009A
S31580E347C0E448E280170000000049E2801700000019
S31580E347D01C49E280170000003849E2801700000098
S31580E347E05449E280170000007049E2801700000018
S31580E347F08C49E28017000000A849E2801700000098
S31580E34800C449E28017000000E049E2801700000017
S31580E34810FC49E28017000000184AE2801700000096
S31580E34820344AE28017000000504AE2801700000015
S31580E348306C4AE28017000000884AE2801700000095
S31580E34840A44AE28017000000C04AE2801700000015
S31580E34850DC4AE28017000000F84AE2801700000095
S31580E34860144BE28017000000304BE2801700000013
S31580E348704C4BE28017000000684BE2801700000093
S31580E34880844BE28017000000A04BE2801700000013
S31580E34890A44BE28017000000A84BE28017000000DB
S31580E348A0AC4BE28017000000B84BE28017000000B3
S31580E348B0C04BE28017000000C44BE2801700000083
S31580E348C0CC4BE28017000000D04BE280170000005B
S31580E348D0D84BE28017000000DC4BE2801700000033
S31580E348E0E44BE28017000000E84BE280170000000B
S31580E348F0F04BE28017000000F44BE28017000000E3
S31580E34900FC4BE28017000000004CE28017000000B9
S31580E34910084CE280170000000C4CE2801700000090
S31580E34920144CE28017000000184CE2801700000068
S31580E34930204CE28017000000244CE2801700000040
S31580E349402C4CE28017000000304CE2801700000018
S31580E34950384CE280170000003C4CE28017000000F0
S31580E34960444CE28017000000484CE28017000000C8
S31580E34970504CE28017000000544CE28017000000A0
S31580E349805C4CE28017000000604CE2801700000078
S31580E34990684CE280170000006C4CE2801700000050
S31580E349A0744CE28017000000784CE2801700000028
S31580E349B0804CE28017000000844CE2801700000000
S31580E349C08C4CE28017000000904CE28017000000D8
S31580E349D0984CE280170000009C4CE28017000000B0
S31580E349E0A44CE28017000000A84CE2801700000088
S31580E349F0B04CE28017000000B44CE2801700000060
S31580E34A00BC4CE28017000000C04CE2801700000037
S31580E34A10C84CE28017000000CC4CE280170000000F
S31580E34A20D44CE28017000000D84CE28017000000E7
S31580E34A30E04CE28017000000E44CE28017000000BF
S31580E34A40EC4CE28017000000F04CE2801700000097
S31580E34A50F84CE28017000000FC4CE280170000006F
S31580E34A60084DE28017000000104DE2801700000039
S31580E34A70144DE280170000001C4DE2801700000011
S31580E34A80204DE28017000000284DE28017000000E9
S31580E34A902C4DE28017000000344DE28017000000C1
S31580E34AA0384DE28017000000404DE2801700000099
S31580E34AB0444DE280170000004C4DE2801700000071
S31580E34AC0504DE28017000000584DE2801700000049
S31580E34AD05C4DE28017000000644DE2801700000021
S31580E34AE0684DE28017000000704DE28017000000F9
S31580E34AF0744DE280170000007C4DE28017000000D1
S31580E34B00804DE28017000000884DE28017000000A8
S31580E34B108C4DE28017000000944DE2801700000080
S31580E34B20984DE28017000000A04DE2801700000058
S31580E34B30A44DE28017000000AC4DE2801700000030
S31580E34B40B04DE28017000000B84DE2801700000008
S31580E34B50BC4DE28017000000C84DE28017000000DC
S31580E34B60D04DE28017000000D44DE28017000000AC
S31580E34B70DC4DE28017000000E04DE2801700000084
S31580E34B80E84DE28017000000EC4DE280170000005C
S31580E34B90F44DE28017000000F84DE2801700000034
S31580E34BA0004EE28017000000044EE280170000000A
S31580E34BB00C4EE28017000000104EE28017000000E2
S31580E34BC0184EE280170000001C4EE28017000000BA
S31580E34BD0244EE28017000000284EE2801700000092
S31580E34BE0304EE28017000000344EE280170000006A
S31580E34BF050DEE2801700000054DEE28017000000FA
S31580E34C0058DEE280170000005CDEE28017000000D9
S31580E34C1060DEE2801700000064DEE28017000000B9
S31580E34C2068DEE280170000006CDEE2801700000099
S31580E34C3070DEE2801700000074DEE2801700000079
S31580E34C4078DEE280170000000CE2E28017000000C5
S31580E34C501CE2E2801700000020E2E28017000000F9
S31580E34C6028E2E2801700000038E2E28017000000C5
S31580E34C703CE2E2801700000044E2E2801700000095
S31580E34C8054E2E2801700000058E2E2801700000059
S31580E34C9060E2E2801700000070E2E2801700000025
S31580E34CA074E2E280170000007CE2E28017000000F5
S31580E34CB08CE2E2801700000090E2E28017000000B9
S31580E34CC098E2E28017000000A8E2E2801700000085
S31580E34CD0ACE2E28017000000B4E2E2801700000055
S31580E34CE0C4E2E28017000000C8E2E2801700000019
S31580E34CF0D0E2E28017000000E0E2E28017000000E5
S31580E34D00E4E2E28017000000ECE2E28017000000B4
S31580E34D10FCE2E2801700000000E3E2801700000077
S31580E34D20E0EFE28017000000ECEFE280170000007E
S31580E34D30F0EFE28017000000F4EFE2801700000056
S31580E34D40FCEFE2801700000008F0E2801700000025
S31580E34D500CF0E2801700000010F0E28017000000FC
S31580E34D6018F0E2801700000024F0E28017000000CC
S31580E34D7028F0E280170000002CF0E28017000000A4
S31580E34D8034F0E2801700000040F0E2801700000074
S31580E34D9044F0E2801700000048F0E280170000004C
S31580E34DA050F0E280170000005CF0E280170000001C
S31580E34DB060F0E2801700000064F0E28017000000F4
S31580E34DC06CF0E2801700000078F0E28017000000C4
S31580E34DD07CF0E2801700000080F0E280170000009C
S31580E34DE088F0E2801700000094F0E280170000006C
S31580E34DF098F0E280170000009CF0E2801700000044
S31580E34E00A4F0E28017000000B0F0E2801700000013
S31580E34E10B4F0E28017000000B8F0E28017000000EB
S31580E34E20C8F0E28017000000CCF0E28017000000B3
S31580E34E30D0F0E28017000000D4F0E2801700000093
S31580E34E40D8F0E28017000000DCF0E2801700000073
S31580E34E50E0F0E28017000000E4F0E2801700000053
S31580E34E60E8F0E28017000000ECF0E2801700000033
S31580E34E70F0F0E28017000000F4F0E2801700000013
S31580E34E80F8F0E28017000000FCF0E28017000000F3
S31580E34E9000F1E2801700000004F1E28017000000D1
S31580E34EA008F1E280170000000CF1E28017000000B1
S31580E34EB010F1E2801700000014F1E2801700000091
S31580E34EC018F1E280170000001CF1E2801700000071
S31580E34ED020F1E2801700000024F1E2801700000051
S31580E34EE028F1E280170000002CF1E2801700000031
S31580E34EF030F1E2801700000034F1E2801700000011
S31580E34F0038F1E280170000003CF1E28017000000F0
S31580E34F1040F1E2801700000044F1E28017000000D0
S31580E34F2048F1E280170000004CF1E28017000000B0
S31580E34F3050F1E2801700000054F1E2801700000090
S31580E34F4058F1E280170000005CF1E2801700000070
S31580E34F5060F1E2801700000064F1E2801700000050
S31580E34F6068F1E280170000006CF1E2801700000030
S31580E34F7070F1E2801700000074F1E2801700000010
S31580E34F8078F1E280170000007CF1E28017000000F0
S31580E34F9080F1E2801700000084F1E28017000000D0
S31580E34FA088F1E280170000008CF1E28017000000B0
S31580E34FB090F1E2801700000094F1E2801700000090
S31580E34FC098F1E280170000009CF1E2801700000070
S31580E34FD0A0F1E28017000000A4F1E2801700000050
S31580E34FE0A8F1E28017000000ACF1E2801700000030
S31580E34FF0B0F1E28017000000B4F1E2801700000010
S31580E35000B8F1E28017000000BCF1E28017000000EF
S31580E35010C0F1E28017000000C4F1E28017000000CF
S31580E35020C8F1E28017000000CCF1E28017000000AF
S31580E35030D0F1E28017000000D4F1E280170000008F
S31580E35040D8F1E28017000000DCF1E280170000006F
S31580E35050E0F1E28017000000E4F1E280170000004F
S31580E35060E8F1E28017000000ECF1E280170000002F
S31580E35070F0F1E28017000000F4F1E280170000000F
S31580E35080F8F1E28017000000FCF1E28017000000EF
S31580E3509000F2E2801700000004F2E28017000000CD
S31580E350A008F2E280170000000CF2E28017000000AD
S31580E350B010F2E2801700000014F2E280170000008D
S31580E350C018F2E280170000001CF2E280170000006D
S31580E350D020F2E2801700000024F2E280170000004D
S31580E350E028F2E280170000002CF2E280170000002D
S31580E350F030F2E2801700000034F2E280170000000D
S31580E3510038F2E280170000003CF2E28017000000EC
S31580E3511040F2E2801700000044F2E28017000000CC
S31580E3512048F2E280170000004CF2E28017000000AC
S31580E3513050F2E2801700000054F2E280170000008C
S31580E3514058F2E280170000005CF2E280170000006C
S31580E3515060F2E2801700000064F2E280170000004C
S31580E3516068F2E280170000006CF2E280170000002C
S31580E3517070F2E2801700000074F2E280170000000C
S31580E3518078F2E280170000007CF2E28017000000EC
S31580E3519080F2E2801700000084F2E28017000000CC
S31580E351A088F2E280170000008CF2E28017000000AC
S31580E351B090F2E2801700000094F2E280170000008C
S31580E351C098F2E280170000009CF2E280170000006C
S31580E351D0A0F2E28017000000A4F2E280170000004C
S31580E351E0A8F2E28017000000ACF2E280170000002C
S31580E351F0B0F2E28017000000B4F2E280170000000C
S31580E35200B8F2E28017000000BCF2E28017000000EB
S31580E35210C0F2E28017000000C4F2E28017000000CB
S31580E35220C8F2E28017000000CCF2E28017000000AB
S31580E35230D0F2E28017000000D4F2E280170000008B
S31580E35240D8F2E28017000000DCF2E280170000006B
S31580E35250E0F2E28017000000E4F2E280170000004B
S31580E35260E8F2E28017000000ECF2E280170000002B
S31580E35270F0F2E28017000000F4F2E280170000000B
S31580E35280F8F2E28017000000FCF2E28017000000EB
S31580E3529000F3E2801700000004F3E28017000000C9
S31580E352A008F3E280170000000CF3E28017000000A9
S31580E352B010F3E2801700000014F3E2801700000089
S31580E352C018F3E280170000001CF3E2801700000069
S31580E352D020F3E2801700000024F3E2801700000049
S31580E352E028F3E280170000002CF3E2801700000029
S31580E352F030F3E2801700000034F3E2801700000009
S31580E3530038F3E280170000003CF3E28017000000E8
S31580E3531040F3E2801700000044F3E28017000000C8
S31580E3532048F3E280170000004CF3E28017000000A8
S31580E3533050F3E2801700000054F3E2801700000088
S31580E3534058F3E280170000005CF3E2801700000068
S31580E3535060F3E2801700000064F3E2801700000048
S31580E3536068F3E280170000006CF3E2801700000028
S31580E3537070F3E2801700000074F3E2801700000008
S31580E3538078F3E280170000007CF3E28017000000E8
S31580E3539080F3E2801700000084F3E28017000000C8
S31580E353A088F3E280170000008CF3E28017000000A8
S31580E353B090F3E2801700000094F3E2801700000088
S31580E353C098F3E280170000009CF3E2801700000068
S31580E353D0A0F3E28017000000A4F3E2801700000048
S31580E353E0A8F3E28017000000ACF3E2801700000028
S31580E353F0B0F3E28017000000B4F3E2801700000008
S31580E35400B8F3E28017000000BCF3E28017000000E7
S31580E35410C0F3E28017000000C4F3E28017000000C7
S31580E35420C8F3E28017000000CCF3E28017000000A7
S31580E35430D0F3E28017000000D4F3E2801700000087
S31580E35440D8F3E28017000000DCF3E2801700000067
S31580E35450E0F3E28017000000E4F3E2801700000047
S31580E35460E8F3E28017000000ECF3E2801700000027
S31580E35470F0F3E28017000000F4F3E2801700000007
S31580E35480F8F3E28017000000FCF3E28017000000E7
S31580E3549000F4E2801700000004F4E28017000000C5
S31580E354A008F4E280170000000CF4E28017000000A5
S31580E354B010F4E2801700000014F4E2801700000085
S31580E354C018F4E280170000001CF4E2801700000065
S31580E354D020F4E2801700000024F4E2801700000045
S31580E354E028F4E280170000002CF4E2801700000025
S31580E354F030F4E2801700000034F4E2801700000005
S31580E3550038F4E280170000003CF4E28017000000E4
S31580E3551040F4E2801700000044F4E28017000000C4
S31580E3552048F4E280170000004CF4E28017000000A4
S31580E3553050F4E2801700000054F4E2801700000084
S31580E3554058F4E280170000005CF4E2801700000064
S31580E3555060F4E2801700000064F4E2801700000044
S31580E3556068F4E280170000006CF4E2801700000024
S31580E3557070F4E2801700000074F4E2801700000004
S31580E3558078F4E280170000007CF4E28017000000E4
S31580E3559080F4E2801700000084F4E28017000000C4
S31580E355A088F4E280170000008CF4E28017000000A4
S31580E355B090F4E2801700000094F4E2801700000084
S31580E355C098F4E280170000009CF4E2801700000064
S31580E355D0A0F4E28017000000A4F4E2801700000044
S31580E355E0A8F4E28017000000ACF4E2801700000024
S31580E355F0B0F4E28017000000B4F4E2801700000004
S31580E35600B8F4E28017000000BCF4E28017000000E3
S31580E35610C0F4E28017000000C4F4E28017000000C3
S31580E35620DCF4E28017000000E8F4E2801700000073
S31580E35630ECF4E28017000000F0F4E280170000004B
S31580E35640B8FCE28017000000BCFCE2801700000093
S31580E35650D0FCE28017000000D4FCE2801700000053
S31580E35660E8FCE28017000000ECFCE2801700000013
S31580E3567000FDE2801700000004FDE28017000000D1
S31580E3568018FDE280170000001CFDE2801700000091
S31580E3569030FDE2801700000034FDE2801700000051
S31580E356A048FDE280170000004CFDE2801700000011
S31580E356B060FDE2801700000064FDE28017000000D1
S31580E356C078FDE280170000007CFDE2801700000091
S31580E356D090FDE2801700000094FDE2801700000051
S31580E356E0A8FDE28017000000ACFDE2801700000011
S31580E356F0C0FDE28017000000C4FDE28017000000D1
S31580E35700D8FDE28017000000DCFDE2801700000090
S31580E35710F0FDE28017000000F4FDE2801700000050
S31580E3572008FEE280170000000CFEE280170000000E
S31580E3573020FEE2801700000024FEE28017000000CE
S31580E3574038FEE280170000003CFEE280170000008E
S31580E3575050FEE2801700000054FEE280170000004E
S31580E3576068FEE280170000006CFEE280170000000E
S31580E3577080FEE2801700000084FEE28017000000CE
S31580E3578098FEE280170000009CFEE280170000008E
S31580E35790B0FEE28017000000B4FEE280170000004E
S31580E357A0C8FEE28017000000CCFEE280170000000E
S31580E357B0E0FEE28017000000E4FEE28017000000CE
S31580E357C0F8FEE28017000000FCFEE280170000008E
S31580E357D010FFE2801700000014FFE280170000004C
S31580E357E028FFE280170000002CFFE280170000000C
S31580E357F040FFE2801700000044FFE28017000000CC
S31580E3580058FFE280170000005CFFE280170000008B
S31580E358102000E380170000002800E38017000000E3
S31580E358202C00E380170000003000E38017000000BF
S31580E358303400E380170000003800E380170000009F
S31580E358405000E380170000005800E3801700000053
S31580E358505C00E380170000006000E380170000002F
S31580E358606400E380170000006800E380170000000F
S31580E35870E000E38017000000E400E3801700000007
S31580E35880E800E38017000000F000E38017000000E3
S31580E35890F800E38017000000FC00E38017000000B7
S31580E358A00001E380170000000401E3801700000095
S31580E358B00801E380170000003C01E3801700000045
S31580E358C04801E380170000004C01E38017000000E5
S31580E358D05001E380170000005801E38017000000C1
S31580E358E06401E380170000006801E380170000008D
S31580E358F06C01E380170000007401E3801700000069
S31580E359008001E380170000008401E3801700000034
S31580E359108801E380170000009001E3801700000010
S31580E359209C01E38017000000A001E38017000000DC
S31580E35930A401E38017000000AC01E38017000000B8
S31580E35940B801E38017000000BC01E3801700000084
S31580E35950C001E38017000000C801E3801700000060
S31580E35960D401E38017000000D801E380170000002C
S31580E35970DC01E38017000000E401E3801700000008
S31580E35980F001E38017000000F401E38017000000D4
S31580E35990F801E380170000000002E38017000000AF
S31580E359A00C02E380170000001002E380170000007A
S31580E359B01402E380170000001C02E3801700000056
S31580E359C02802E380170000002C02E3801700000022
S31580E359D03002E380170000003802E38017000000FE
S31580E359E04402E380170000004802E38017000000CA
S31580E359F04C02E380170000005402E38017000000A6
S31580E35A006002E380170000006402E3801700000071
S31580E35A106802E380170000007002E380170000004D
S31580E35A207C02E380170000008002E3801700000019
S31580E35A308402E380170000008C02E38017000000F5
S31580E35A409802E380170000009C02E38017000000C1
S31580E35A50A002E38017000000A802E380170000009D
S31580E35A60B402E38017000000B802E3801700000069
S31580E35A70BC02E38017000000C402E3801700000045
S31580E35A80D002E38017000000D402E3801700000011
S31580E35A90D802E38017000000E002E38017000000ED
S31580E35AA0EC02E38017000000F002E38017000000B9
S31580E35AB0F402E38017000000FC02E3801700000095
S31580E35AC00803E380170000000C03E380170000005F
S31580E35AD01003E380170000001803E380170000003B
S31580E35AE02403E380170000002803E3801700000007
S31580E35AF02C03E380170000003403E38017000000E3
S31580E35B004003E380170000004403E38017000000AE
S31580E35B104803E380170000005003E380170000008A
S31580E35B205C03E380170000006003E3801700000056
S31580E35B306403E380170000006C03E3801700000032
S31580E35B407803E380170000007C03E38017000000FE
S31580E35B508003E380170000008803E38017000000DA
S31580E35B609403E380170000009803E38017000000A6
S31580E35B709C03E38017000000A403E3801700000082
S31580E35B80B003E38017000000B403E380170000004E
S31580E35B90B803E38017000000C003E380170000002A
S31580E35BA0CC03E38017000000D003E38017000000F6
S31580E35BB0D403E38017000000DC03E38017000000D2
S31580E35BC0E803E38017000000EC03E380170000009E
S31580E35BD0F003E38017000000F803E380170000007A
S31580E35BE00404E380170000000804E3801700000044
S31580E35BF00C04E380170000001404E3801700000020
S31580E35C002004E380170000002404E38017000000EB
S31580E35C102804E380170000003004E38017000000C7
S31580E35C203C04E380170000004004E3801700000093
S31580E35C304404E380170000004C04E380170000006F
S31580E35C405804E380170000005C04E380170000003B
S31580E35C506004E380170000006404E380170000001B
S31580E35C606804E380170000007404E38017000000F3
S31580E35C707804E380170000007C04E38017000000CB
S31580E35C808404E380170000009004E380170000009B
S31580E35C909404E380170000009804E3801700000073
S31580E35CA0A004E38017000000AC04E3801700000043
S31580E35CB0B004E38017000000B404E380170000001B
S31580E35CC0B804E38017000000BC04E38017000000FB
S31580E35CD0C804E38017000000CC04E38017000000CB
S31580E35CE0D004E38017000000D804E38017000000A7
S31580E35CF0E404E38017000000E804E3801700000073
S31580E35D00EC04E38017000000F404E380170000004E
S31580E35D100005E380170000000405E3801700000018
S31580E35D200805E380170000000C05E38017000000F8
S31580E35D301005E380170000001C05E38017000000D0
S31580E35D402005E380170000002405E38017000000A8
S31580E35D502C05E380170000003805E3801700000078
S31580E35D603C05E380170000004005E3801700000050
S31580E35D704805E380170000005405E3801700000020
S31580E35D805805E380170000005C05E38017000000F8
S31580E35D906405E380170000007005E38017000000C8
S31580E35DA07405E380170000007805E38017000000A0
S31580E35DB08005E380170000008405E3801700000078
S31580E35DC08805E380170000008C05E3801700000058
S31580E35DD09005E380170000009405E3801700000038
S31580E35DE09805E380170000009C05E3801700000018
S31580E35DF0A005E38017000000A405E38017000000F8
S31580E35E00A805E38017000000AC05E38017000000D7
S70580DFFE009D
